checked_outputs,family,format,free_after_bytes,free_before_bytes,host_complete_median_ms,host_complete_p95_ms,k,kernel_median_ms,kernel_p95_ms,log,logical_flops,logical_k,logical_n,m,max_abs_quant_error,measured_flops,measured_n,n,operand_b_bytes,output,padded_k,padded_n,path,samples,scale_b_bytes,threadblock_tile_flops_estimate,weight_pack_ms,weight_upload_ms,workspace_basis,workspace_bytes
12,attn_k,nvfp4,33093058560,33099350016,0.555661,0.5734,5120,0.026016,0.027776,.cache/task019/real-matrix/core/attn_k-m1.log,10485760,5120,1024,1,0.3125,10485760,1024,1024,2621440,BF16,5120,1024,native_gemm,20,327680,1342177280,302.1,0.168009,cutlass_get_workspace_size,0
12,attn_k,nvfp4,33093058560,33099350016,0.024376000000000002,0.033824,5120,0.013712,0.014272,.cache/task019/real-matrix/core/attn_k-m1.log,10485760,5120,1024,1,0.3125,10485760,1024,1024,2621440,BF16,5120,1024,same_weight_bf16_gemv,20,327680,,302.1,0.168009,no_explicit_workspace,0
12,attn_k,mxfp4,33093058560,33099350016,0.517854,0.53125,5120,0.026208000000000002,0.03424,.cache/task019/real-matrix/core/attn_k-m1.log,10485760,5120,1024,1,0.460938,10485760,1024,1024,2621440,BF16,5120,1024,native_gemm,20,163840,1342177280,274.049,0.181174,cutlass_get_workspace_size,0
12,attn_k,mxfp4,33093058560,33099350016,0.0302925,0.033543,5120,0.012448,0.015008,.cache/task019/real-matrix/core/attn_k-m1.log,10485760,5120,1024,1,0.460938,10485760,1024,1024,2621440,BF16,5120,1024,same_weight_bf16_gemv,20,163840,,274.049,0.181174,no_explicit_workspace,0
,attn_k,bf16,,,0.020222499999999997,0.034846,5120,0.009871999999999999,0.019232,.cache/task019/real-matrix/core/attn_k-m1.log,10485760,5120,1024,1,0.0,10485760,1024,1024,10485760,BF16,5120,1024,library_gemm,20,0,,0.0,,no_user_workspace_library_internal_in_free_after,0
,attn_k,q4g64,,,0.020919,0.033153,5120,0.010768,0.01216,.cache/task019/real-matrix/core/attn_k-m1.log,10485760,5120,1024,1,0.283203,1310720,128,1024,327680,BF16,5120,1024,bounded_unpack_gemm,20,20480,,1.44919,,no_user_workspace_library_internal_in_free_after,0
72,attn_k,nvfp4,33082572800,33099350016,505.4125,505.614,5120,0.035696,0.04112,.cache/task019/real-matrix/core/attn_k-m1024.log,10737418240,5120,1024,1024,0.3125,10737418240,1024,1024,2621440,BF16,5120,1024,native_gemm,20,327680,10737418240,300.576,0.209247,cutlass_get_workspace_size,0
72,attn_k,nvfp4,33082572800,33099350016,0.0246065,0.036299,5120,0.01344,0.015168,.cache/task019/real-matrix/core/attn_k-m1024.log,10737418240,5120,1024,1024,0.3125,10485760,1024,1024,2621440,BF16,5120,1024,same_weight_bf16_gemv,20,327680,,300.576,0.209247,no_explicit_workspace,0
72,attn_k,mxfp4,33082572800,33099350016,485.164,486.401,5120,0.03496,0.03968,.cache/task019/real-matrix/core/attn_k-m1024.log,10737418240,5120,1024,1024,0.460938,10737418240,1024,1024,2621440,BF16,5120,1024,native_gemm,20,163840,10737418240,274.279,0.185423,cutlass_get_workspace_size,0
72,attn_k,mxfp4,33082572800,33099350016,0.025668999999999997,0.033794,5120,0.01272,0.015072,.cache/task019/real-matrix/core/attn_k-m1024.log,10737418240,5120,1024,1024,0.460938,10485760,1024,1024,2621440,BF16,5120,1024,same_weight_bf16_gemv,20,163840,,274.279,0.185423,no_explicit_workspace,0
,attn_k,bf16,,,0.672569,0.681524,5120,0.061008,0.062752,.cache/task019/real-matrix/core/attn_k-m1024.log,10737418240,5120,1024,1024,0.0,10737418240,1024,1024,10485760,BF16,5120,1024,library_gemm,20,0,,0.0,,no_user_workspace_library_internal_in_free_after,0
,attn_k,q4g64,,,0.520108,0.531,5120,0.020752,0.028608,.cache/task019/real-matrix/core/attn_k-m1024.log,10737418240,5120,1024,1024,0.404297,1342177280,128,1024,327680,BF16,5120,1024,bounded_unpack_gemm,20,20480,,1.45343,,no_user_workspace_library_internal_in_free_after,0
72,attn_k,nvfp4,33093058560,33099350016,63.445499999999996,63.7885,5120,0.026528000000000003,0.036352,.cache/task019/real-matrix/core/attn_k-m128.log,1342177280,5120,1024,128,0.3125,1342177280,1024,1024,2621440,BF16,5120,1024,native_gemm,20,327680,1342177280,302.009,0.179622,cutlass_get_workspace_size,0
72,attn_k,nvfp4,33093058560,33099350016,0.025194,0.030578,5120,0.014016,0.018464,.cache/task019/real-matrix/core/attn_k-m128.log,1342177280,5120,1024,128,0.3125,10485760,1024,1024,2621440,BF16,5120,1024,same_weight_bf16_gemv,20,327680,,302.009,0.179622,no_explicit_workspace,0
72,attn_k,mxfp4,33093058560,33099350016,60.8191,60.8411,5120,0.026864,0.029696,.cache/task019/real-matrix/core/attn_k-m128.log,1342177280,5120,1024,128,0.460938,1342177280,1024,1024,2621440,BF16,5120,1024,native_gemm,20,163840,1342177280,275.228,0.166705,cutlass_get_workspace_size,0
72,attn_k,mxfp4,33093058560,33099350016,0.0247625,0.033263,5120,0.013968000000000001,0.018912,.cache/task019/real-matrix/core/attn_k-m128.log,1342177280,5120,1024,128,0.460938,10485760,1024,1024,2621440,BF16,5120,1024,same_weight_bf16_gemv,20,163840,,275.228,0.166705,no_explicit_workspace,0
,attn_k,bf16,,,0.12271850000000001,0.1371,5120,0.01656,0.020224,.cache/task019/real-matrix/core/attn_k-m128.log,1342177280,5120,1024,128,0.0,1342177280,1024,1024,10485760,BF16,5120,1024,library_gemm,20,0,,0.0,,no_user_workspace_library_internal_in_free_after,0
,attn_k,q4g64,,,0.0979515,0.11073,5120,0.014592,0.017824,.cache/task019/real-matrix/core/attn_k-m128.log,1342177280,5120,1024,128,0.283203,167772160,128,1024,327680,BF16,5120,1024,bounded_unpack_gemm,20,20480,,1.43516,,no_user_workspace_library_internal_in_free_after,0
24,attn_k,nvfp4,33093058560,33099350016,1.06181,1.07118,5120,0.026896,0.03632,.cache/task019/real-matrix/core/attn_k-m2.log,20971520,5120,1024,2,0.3125,20971520,1024,1024,2621440,BF16,5120,1024,native_gemm,20,327680,1342177280,300.731,0.17376,cutlass_get_workspace_size,0
24,attn_k,nvfp4,33093058560,33099350016,0.029766,0.033865,5120,0.012608000000000001,0.016448,.cache/task019/real-matrix/core/attn_k-m2.log,20971520,5120,1024,2,0.3125,10485760,1024,1024,2621440,BF16,5120,1024,same_weight_bf16_gemv,20,327680,,300.731,0.17376,no_explicit_workspace,0
24,attn_k,mxfp4,33093058560,33099350016,0.9999750000000001,1.03103,5120,0.026384,0.027712,.cache/task019/real-matrix/core/attn_k-m2.log,20971520,5120,1024,2,0.460938,20971520,1024,1024,2621440,BF16,5120,1024,native_gemm,20,163840,1342177280,277.057,0.170324,cutlass_get_workspace_size,0
24,attn_k,mxfp4,33093058560,33099350016,0.024321000000000002,0.03153,5120,0.013776,0.015168,.cache/task019/real-matrix/core/attn_k-m2.log,20971520,5120,1024,2,0.460938,10485760,1024,1024,2621440,BF16,5120,1024,same_weight_bf16_gemv,20,163840,,277.057,0.170324,no_explicit_workspace,0
,attn_k,bf16,,,0.0219215,0.034215,5120,0.009184000000000001,0.010976,.cache/task019/real-matrix/core/attn_k-m2.log,20971520,5120,1024,2,0.0,20971520,1024,1024,10485760,BF16,5120,1024,library_gemm,20,0,,0.0,,no_user_workspace_library_internal_in_free_after,0
,attn_k,q4g64,,,0.040397,0.052399,5120,0.022896,0.032224,.cache/task019/real-matrix/core/attn_k-m2.log,20971520,5120,1024,2,0.283203,2621440,128,1024,327680,BF16,5120,1024,bounded_unpack_gemm,20,20480,,1.42893,,no_user_workspace_library_internal_in_free_after,0
72,attn_k,nvfp4,33090961408,33099350016,126.679,126.775,5120,0.030416,0.033312,.cache/task019/real-matrix/core/attn_k-m256.log,2684354560,5120,1024,256,0.378906,2684354560,1024,1024,2621440,BF16,5120,1024,native_gemm,20,327680,2684354560,303.026,0.174171,cutlass_get_workspace_size,0
72,attn_k,nvfp4,33090961408,33099350016,0.024316,0.033383,5120,0.012944,0.014464,.cache/task019/real-matrix/core/attn_k-m256.log,2684354560,5120,1024,256,0.378906,10485760,1024,1024,2621440,BF16,5120,1024,same_weight_bf16_gemv,20,327680,,303.026,0.174171,no_explicit_workspace,0
72,attn_k,mxfp4,33090961408,33099350016,121.37899999999999,121.434,5120,0.027743999999999998,0.036992,.cache/task019/real-matrix/core/attn_k-m256.log,2684354560,5120,1024,256,0.460938,2684354560,1024,1024,2621440,BF16,5120,1024,native_gemm,20,163840,2684354560,274.875,0.181044,cutlass_get_workspace_size,0
72,attn_k,mxfp4,33090961408,33099350016,0.0256235,0.033433,5120,0.013824,0.014944,.cache/task019/real-matrix/core/attn_k-m256.log,2684354560,5120,1024,256,0.460938,10485760,1024,1024,2621440,BF16,5120,1024,same_weight_bf16_gemv,20,163840,,274.875,0.181044,no_explicit_workspace,0
,attn_k,bf16,,,0.20378249999999998,0.213786,5120,0.02744,0.033568,.cache/task019/real-matrix/core/attn_k-m256.log,2684354560,5120,1024,256,0.0,2684354560,1024,1024,10485760,BF16,5120,1024,library_gemm,20,0,,0.0,,no_user_workspace_library_internal_in_free_after,0
,attn_k,q4g64,,,0.152796,0.170243,5120,0.016624,0.02208,.cache/task019/real-matrix/core/attn_k-m256.log,2684354560,5120,1024,256,0.283203,335544320,128,1024,327680,BF16,5120,1024,bounded_unpack_gemm,20,20480,,1.42834,,no_user_workspace_library_internal_in_free_after,0
72,attn_k,nvfp4,33093058560,33099350016,15.90765,15.9282,5120,0.02656,0.036608,.cache/task019/real-matrix/core/attn_k-m32.log,335544320,5120,1024,32,0.3125,335544320,1024,1024,2621440,BF16,5120,1024,native_gemm,20,327680,1342177280,302.211,0.171386,cutlass_get_workspace_size,0
72,attn_k,nvfp4,33093058560,33099350016,0.025003,0.032662,5120,0.013888000000000001,0.019072,.cache/task019/real-matrix/core/attn_k-m32.log,335544320,5120,1024,32,0.3125,10485760,1024,1024,2621440,BF16,5120,1024,same_weight_bf16_gemv,20,327680,,302.211,0.171386,no_explicit_workspace,0
72,attn_k,mxfp4,33093058560,33099350016,15.2293,15.2722,5120,0.026928,0.028896,.cache/task019/real-matrix/core/attn_k-m32.log,335544320,5120,1024,32,0.460938,335544320,1024,1024,2621440,BF16,5120,1024,native_gemm,20,163840,1342177280,274.214,0.160706,cutlass_get_workspace_size,0
72,attn_k,mxfp4,33093058560,33099350016,0.024852,0.032411,5120,0.013776,0.015488,.cache/task019/real-matrix/core/attn_k-m32.log,335544320,5120,1024,32,0.460938,10485760,1024,1024,2621440,BF16,5120,1024,same_weight_bf16_gemv,20,163840,,274.214,0.160706,no_explicit_workspace,0
,attn_k,bf16,,,0.043538,0.056366,5120,0.010128,0.020928,.cache/task019/real-matrix/core/attn_k-m32.log,335544320,5120,1024,32,0.0,335544320,1024,1024,10485760,BF16,5120,1024,library_gemm,20,0,,0.0,,no_user_workspace_library_internal_in_free_after,0
,attn_k,q4g64,,,0.037171499999999996,0.061596,5120,0.007792,0.022944,.cache/task019/real-matrix/core/attn_k-m32.log,335544320,5120,1024,32,0.300781,41943040,128,1024,327680,BF16,5120,1024,bounded_unpack_gemm,20,20480,,1.43514,,no_user_workspace_library_internal_in_free_after,0
72,attn_k,nvfp4,33088864256,33099350016,252.687,253.004,5120,0.031392,0.038496,.cache/task019/real-matrix/core/attn_k-m512.log,5368709120,5120,1024,512,0.3125,5368709120,1024,1024,2621440,BF16,5120,1024,native_gemm,20,327680,5368709120,302.61,0.177527,cutlass_get_workspace_size,0
72,attn_k,nvfp4,33088864256,33099350016,0.024472,0.036199,5120,0.012816000000000001,0.013504,.cache/task019/real-matrix/core/attn_k-m512.log,5368709120,5120,1024,512,0.3125,10485760,1024,1024,2621440,BF16,5120,1024,same_weight_bf16_gemv,20,327680,,302.61,0.177527,no_explicit_workspace,0
72,attn_k,mxfp4,33088864256,33099350016,242.49200000000002,242.673,5120,0.031632,0.033344,.cache/task019/real-matrix/core/attn_k-m512.log,5368709120,5120,1024,512,0.460938,5368709120,1024,1024,2621440,BF16,5120,1024,native_gemm,20,163840,5368709120,275.171,0.166105,cutlass_get_workspace_size,0
72,attn_k,mxfp4,33088864256,33099350016,0.0244665,0.037121,5120,0.012816000000000001,0.013984,.cache/task019/real-matrix/core/attn_k-m512.log,5368709120,5120,1024,512,0.460938,10485760,1024,1024,2621440,BF16,5120,1024,same_weight_bf16_gemv,20,163840,,275.171,0.166105,no_explicit_workspace,0
,attn_k,bf16,,,0.364062,0.371295,5120,0.03432,0.037984,.cache/task019/real-matrix/core/attn_k-m512.log,5368709120,5120,1024,512,0.0,5368709120,1024,1024,10485760,BF16,5120,1024,library_gemm,20,0,,0.0,,no_user_workspace_library_internal_in_free_after,0
,attn_k,q4g64,,,0.275128,0.283298,5120,0.013552,0.015616,.cache/task019/real-matrix/core/attn_k-m512.log,5368709120,5120,1024,512,0.296875,671088640,128,1024,327680,BF16,5120,1024,bounded_unpack_gemm,20,20480,,1.43136,,no_user_workspace_library_internal_in_free_after,0
72,attn_k,nvfp4,33093058560,33099350016,31.72235,31.7517,5120,0.026352,0.027616,.cache/task019/real-matrix/core/attn_k-m64.log,671088640,5120,1024,64,0.359375,671088640,1024,1024,2621440,BF16,5120,1024,native_gemm,20,327680,1342177280,302.421,0.175032,cutlass_get_workspace_size,0
72,attn_k,nvfp4,33093058560,33099350016,0.0244415,0.030559,5120,0.013936,0.015328,.cache/task019/real-matrix/core/attn_k-m64.log,671088640,5120,1024,64,0.359375,10485760,1024,1024,2621440,BF16,5120,1024,same_weight_bf16_gemv,20,327680,,302.421,0.175032,no_explicit_workspace,0
72,attn_k,mxfp4,33093058560,33099350016,30.44535,30.4817,5120,0.026383999999999998,0.036224,.cache/task019/real-matrix/core/attn_k-m64.log,671088640,5120,1024,64,0.460938,671088640,1024,1024,2621440,BF16,5120,1024,native_gemm,20,163840,1342177280,275.375,0.16387,cutlass_get_workspace_size,0
72,attn_k,mxfp4,33093058560,33099350016,0.030186499999999998,0.030989,5120,0.01256,0.018976,.cache/task019/real-matrix/core/attn_k-m64.log,671088640,5120,1024,64,0.460938,10485760,1024,1024,2621440,BF16,5120,1024,same_weight_bf16_gemv,20,163840,,275.375,0.16387,no_explicit_workspace,0
,attn_k,bf16,,,0.0809095,0.089601,5120,0.016608,0.018816,.cache/task019/real-matrix/core/attn_k-m64.log,671088640,5120,1024,64,0.0,671088640,1024,1024,10485760,BF16,5120,1024,library_gemm,20,0,,0.0,,no_user_workspace_library_internal_in_free_after,0
,attn_k,q4g64,,,0.06343950000000001,0.072679,5120,0.014992,0.016448,.cache/task019/real-matrix/core/attn_k-m64.log,671088640,5120,1024,64,0.283203,83886080,128,1024,327680,BF16,5120,1024,bounded_unpack_gemm,20,20480,,1.43424,,no_user_workspace_library_internal_in_free_after,0
72,attn_k,nvfp4,33093058560,33099350016,4.048945,4.05979,5120,0.026416000000000002,0.02704,.cache/task019/real-matrix/core/attn_k-m8.log,83886080,5120,1024,8,0.3125,83886080,1024,1024,2621440,BF16,5120,1024,native_gemm,20,327680,1342177280,302.138,0.170234,cutlass_get_workspace_size,0
72,attn_k,nvfp4,33093058560,33099350016,0.024281,0.030478,5120,0.013824,0.014656,.cache/task019/real-matrix/core/attn_k-m8.log,83886080,5120,1024,8,0.3125,10485760,1024,1024,2621440,BF16,5120,1024,same_weight_bf16_gemv,20,327680,,302.138,0.170234,no_explicit_workspace,0
72,attn_k,mxfp4,33093058560,33099350016,3.88056,3.89183,5120,0.027472,0.03696,.cache/task019/real-matrix/core/attn_k-m8.log,83886080,5120,1024,8,0.460938,83886080,1024,1024,2621440,BF16,5120,1024,native_gemm,20,163840,1342177280,275.003,0.162199,cutlass_get_workspace_size,0
72,attn_k,mxfp4,33093058560,33099350016,0.025769,0.034145,5120,0.013744,0.014752,.cache/task019/real-matrix/core/attn_k-m8.log,83886080,5120,1024,8,0.460938,10485760,1024,1024,2621440,BF16,5120,1024,same_weight_bf16_gemv,20,163840,,275.003,0.162199,no_explicit_workspace,0
,attn_k,bf16,,,0.02354,0.031851,5120,0.008368,0.013856,.cache/task019/real-matrix/core/attn_k-m8.log,83886080,5120,1024,8,0.0,83886080,1024,1024,10485760,BF16,5120,1024,library_gemm,20,0,,0.0,,no_user_workspace_library_internal_in_free_after,0
,attn_k,q4g64,,,0.022779,0.033183,5120,0.007935999999999999,0.013504,.cache/task019/real-matrix/core/attn_k-m8.log,83886080,5120,1024,8,0.283203,10485760,128,1024,327680,BF16,5120,1024,bounded_unpack_gemm,20,20480,,1.41942,,no_user_workspace_library_internal_in_free_after,0
12,attn_out,nvfp4,33080475648,33099350016,0.641915,0.655646,6144,0.030112,0.03072,.cache/task019/real-matrix/core/attn_out-m1.log,62914560,6144,5120,1,0.386719,62914560,5120,5120,15728640,BF16,6144,5120,native_gemm,20,1966080,8053063680,1811.38,1.0053,cutlass_get_workspace_size,0
12,attn_out,nvfp4,33080475648,33099350016,0.0627495,0.072217,6144,0.050783999999999996,0.056576,.cache/task019/real-matrix/core/attn_out-m1.log,62914560,6144,5120,1,0.386719,62914560,5120,5120,15728640,BF16,6144,5120,same_weight_bf16_gemv,20,1966080,,1811.38,1.0053,no_explicit_workspace,0
12,attn_out,mxfp4,33080475648,33099350016,0.607049,0.624847,6144,0.030080000000000003,0.040416,.cache/task019/real-matrix/core/attn_out-m1.log,62914560,6144,5120,1,0.6875,62914560,5120,5120,15728640,BF16,6144,5120,native_gemm,20,983040,8053063680,1652.76,0.945677,cutlass_get_workspace_size,0
12,attn_out,mxfp4,33080475648,33099350016,0.068871,0.075242,6144,0.051168000000000005,0.054496,.cache/task019/real-matrix/core/attn_out-m1.log,62914560,6144,5120,1,0.6875,62914560,5120,5120,15728640,BF16,6144,5120,same_weight_bf16_gemv,20,983040,,1652.76,0.945677,no_explicit_workspace,0
,attn_out,bf16,,,0.029622000000000002,0.03642,6144,0.01816,0.01984,.cache/task019/real-matrix/core/attn_out-m1.log,62914560,6144,5120,1,0.0,62914560,5120,5120,62914560,BF16,6144,5120,library_gemm,20,0,,0.0,,no_user_workspace_library_internal_in_free_after,0
,attn_out,q4g64,,,0.021331,0.032341,6144,0.010864,0.012416,.cache/task019/real-matrix/core/attn_out-m1.log,62914560,6144,5120,1,0.4375,1572864,128,5120,393216,BF16,6144,5120,bounded_unpack_gemm,20,24576,,1.7065,,no_user_workspace_library_internal_in_free_after,0
72,attn_out,nvfp4,33042726912,33099350016,593.0875000000001,594.561,6144,0.066304,0.074176,.cache/task019/real-matrix/core/attn_out-m1024.log,64424509440,6144,5120,1024,0.703125,64424509440,5120,5120,15728640,BF16,6144,5120,native_gemm,20,1966080,64424509440,1811.51,1.00182,cutlass_get_workspace_size,0
72,attn_out,nvfp4,33042726912,33099350016,0.062313,0.075284,6144,0.050464,0.05632,.cache/task019/real-matrix/core/attn_out-m1024.log,64424509440,6144,5120,1024,0.703125,62914560,5120,5120,15728640,BF16,6144,5120,same_weight_bf16_gemv,20,1966080,,1811.51,1.00182,no_explicit_workspace,0
72,attn_out,mxfp4,33044824064,33099350016,568.6335,571.008,6144,0.065264,0.07248,.cache/task019/real-matrix/core/attn_out-m1024.log,64424509440,6144,5120,1024,0.6875,64424509440,5120,5120,15728640,BF16,6144,5120,native_gemm,20,983040,64424509440,1654.02,0.959624,cutlass_get_workspace_size,0
72,attn_out,mxfp4,33044824064,33099350016,0.06823499999999999,0.078679,6144,0.051024,0.053792,.cache/task019/real-matrix/core/attn_out-m1024.log,64424509440,6144,5120,1024,0.6875,62914560,5120,5120,15728640,BF16,6144,5120,same_weight_bf16_gemv,20,983040,,1654.02,0.959624,no_explicit_workspace,0
,attn_out,bf16,,,1.479525,1.50007,6144,0.288608,0.299712,.cache/task019/real-matrix/core/attn_out-m1024.log,64424509440,6144,5120,1024,0.0,64424509440,5120,5120,62914560,BF16,6144,5120,library_gemm,20,0,,0.0,,no_user_workspace_library_internal_in_free_after,0
,attn_out,q4g64,,,0.609939,0.62053,6144,0.022240000000000003,0.0248,.cache/task019/real-matrix/core/attn_out-m1024.log,64424509440,6144,5120,1024,0.4375,1610612736,128,5120,393216,BF16,6144,5120,bounded_unpack_gemm,20,24576,,1.7288,,no_user_workspace_library_internal_in_free_after,0
72,attn_out,nvfp4,33074184192,33099350016,73.99860000000001,74.1503,6144,0.030176,0.038784,.cache/task019/real-matrix/core/attn_out-m128.log,8053063680,6144,5120,128,0.511719,8053063680,5120,5120,15728640,BF16,6144,5120,native_gemm,20,1966080,8053063680,1809.96,0.999219,cutlass_get_workspace_size,0
72,attn_out,nvfp4,33074184192,33099350016,0.068851,0.074852,6144,0.05118399999999999,0.056288,.cache/task019/real-matrix/core/attn_out-m128.log,8053063680,6144,5120,128,0.511719,62914560,5120,5120,15728640,BF16,6144,5120,same_weight_bf16_gemv,20,1966080,,1809.96,0.999219,no_explicit_workspace,0
72,attn_out,mxfp4,33074184192,33099350016,71.4383,71.47,6144,0.030432,0.031616,.cache/task019/real-matrix/core/attn_out-m128.log,8053063680,6144,5120,128,0.6875,8053063680,5120,5120,15728640,BF16,6144,5120,native_gemm,20,983040,8053063680,1650.7,0.955446,cutlass_get_workspace_size,0
72,attn_out,mxfp4,33074184192,33099350016,0.06370600000000001,0.075855,6144,0.05128,0.057824,.cache/task019/real-matrix/core/attn_out-m128.log,8053063680,6144,5120,128,0.6875,62914560,5120,5120,15728640,BF16,6144,5120,same_weight_bf16_gemv,20,983040,,1650.7,0.955446,no_explicit_workspace,0
,attn_out,bf16,,,0.235598,0.245436,6144,0.050848,0.055424,.cache/task019/real-matrix/core/attn_out-m128.log,8053063680,6144,5120,128,0.0,8053063680,5120,5120,62914560,BF16,6144,5120,library_gemm,20,0,,0.0,,no_user_workspace_library_internal_in_free_after,0
,attn_out,q4g64,,,0.1060715,0.119947,6144,0.016191999999999998,0.018944,.cache/task019/real-matrix/core/attn_out-m128.log,8053063680,6144,5120,128,0.4375,201326592,128,5120,393216,BF16,6144,5120,bounded_unpack_gemm,20,24576,,1.72409,,no_user_workspace_library_internal_in_free_after,0
24,attn_out,nvfp4,33080475648,33099350016,1.2046350000000001,1.21891,6144,0.03008,0.038112,.cache/task019/real-matrix/core/attn_out-m2.log,125829120,6144,5120,2,0.511719,125829120,5120,5120,15728640,BF16,6144,5120,native_gemm,20,1966080,8053063680,1809.75,1.00112,cutlass_get_workspace_size,0
24,attn_out,nvfp4,33080475648,33099350016,0.068755,0.075023,6144,0.051152,0.052416,.cache/task019/real-matrix/core/attn_out-m2.log,125829120,6144,5120,2,0.511719,62914560,5120,5120,15728640,BF16,6144,5120,same_weight_bf16_gemv,20,1966080,,1809.75,1.00112,no_explicit_workspace,0
24,attn_out,mxfp4,33080475648,33099350016,1.136135,1.15211,6144,0.030016,0.03072,.cache/task019/real-matrix/core/attn_out-m2.log,125829120,6144,5120,2,0.6875,125829120,5120,5120,15728640,BF16,6144,5120,native_gemm,20,983040,8053063680,1653.09,1.00795,cutlass_get_workspace_size,0
24,attn_out,mxfp4,33080475648,33099350016,0.063009,0.072528,6144,0.051008,0.057952,.cache/task019/real-matrix/core/attn_out-m2.log,125829120,6144,5120,2,0.6875,62914560,5120,5120,15728640,BF16,6144,5120,same_weight_bf16_gemv,20,983040,,1653.09,1.00795,no_explicit_workspace,0
,attn_out,bf16,,,0.034019499999999994,0.048131,6144,0.018175999999999998,0.02752,.cache/task019/real-matrix/core/attn_out-m2.log,125829120,6144,5120,2,0.0,125829120,5120,5120,62914560,BF16,6144,5120,library_gemm,20,0,,0.0,,no_user_workspace_library_internal_in_free_after,0
,attn_out,q4g64,,,0.043733,0.055236,6144,0.026768,0.034432,.cache/task019/real-matrix/core/attn_out-m2.log,125829120,6144,5120,2,0.4375,3145728,128,5120,393216,BF16,6144,5120,bounded_unpack_gemm,20,24576,,1.71985,,no_user_workspace_library_internal_in_free_after,0
72,attn_out,nvfp4,33065795584,33099350016,148.261,148.447,6144,0.036048,0.04496,.cache/task019/real-matrix/core/attn_out-m256.log,16106127360,6144,5120,256,0.619141,16106127360,5120,5120,15728640,BF16,6144,5120,native_gemm,20,1966080,16106127360,1810.79,1.0207,cutlass_get_workspace_size,0
72,attn_out,nvfp4,33065795584,33099350016,0.0622775,0.077798,6144,0.050816,0.054912,.cache/task019/real-matrix/core/attn_out-m256.log,16106127360,6144,5120,256,0.619141,62914560,5120,5120,15728640,BF16,6144,5120,same_weight_bf16_gemv,20,1966080,,1810.79,1.0207,no_explicit_workspace,0
72,attn_out,mxfp4,33067892736,33099350016,142.42200000000003,142.793,6144,0.03096,0.04048,.cache/task019/real-matrix/core/attn_out-m256.log,16106127360,6144,5120,256,0.6875,16106127360,5120,5120,15728640,BF16,6144,5120,native_gemm,20,983040,16106127360,1653.54,0.963321,cutlass_get_workspace_size,0
72,attn_out,mxfp4,33067892736,33099350016,0.06857550000000001,0.075173,6144,0.051424,0.057664,.cache/task019/real-matrix/core/attn_out-m256.log,16106127360,6144,5120,256,0.6875,62914560,5120,5120,15728640,BF16,6144,5120,same_weight_bf16_gemv,20,983040,,1653.54,0.963321,no_explicit_workspace,0
,attn_out,bf16,,,0.413155,0.419627,6144,0.080992,0.08368,.cache/task019/real-matrix/core/attn_out-m256.log,16106127360,6144,5120,256,0.0,16106127360,5120,5120,62914560,BF16,6144,5120,library_gemm,20,0,,0.0,,no_user_workspace_library_internal_in_free_after,0
,attn_out,q4g64,,,0.182326,0.195221,6144,0.0148,0.016768,.cache/task019/real-matrix/core/attn_out-m256.log,16106127360,6144,5120,256,0.4375,402653184,128,5120,393216,BF16,6144,5120,bounded_unpack_gemm,20,24576,,1.77059,,no_user_workspace_library_internal_in_free_after,0
72,attn_out,nvfp4,33078378496,33099350016,18.70635,18.7366,6144,0.030463999999999998,0.039072,.cache/task019/real-matrix/core/attn_out-m32.log,2013265920,6144,5120,32,0.570312,2013265920,5120,5120,15728640,BF16,6144,5120,native_gemm,20,1966080,8053063680,1808.7,0.981865,cutlass_get_workspace_size,0
72,attn_out,nvfp4,33078378496,33099350016,0.06739800000000001,0.07378,6144,0.051199999999999996,0.056512,.cache/task019/real-matrix/core/attn_out-m32.log,2013265920,6144,5120,32,0.570312,62914560,5120,5120,15728640,BF16,6144,5120,same_weight_bf16_gemv,20,1966080,,1808.7,0.981865,no_explicit_workspace,0
72,attn_out,mxfp4,33080475648,33099350016,17.8646,17.8902,6144,0.030224,0.0312,.cache/task019/real-matrix/core/attn_out-m32.log,2013265920,6144,5120,32,0.6875,2013265920,5120,5120,15728640,BF16,6144,5120,native_gemm,20,983040,8053063680,1652.55,0.943463,cutlass_get_workspace_size,0
72,attn_out,mxfp4,33080475648,33099350016,0.06306,0.074181,6144,0.050848,0.056928,.cache/task019/real-matrix/core/attn_out-m32.log,2013265920,6144,5120,32,0.6875,62914560,5120,5120,15728640,BF16,6144,5120,same_weight_bf16_gemv,20,983040,,1652.55,0.943463,no_explicit_workspace,0
,attn_out,bf16,,,0.08097850000000001,0.096834,6144,0.022016,0.035584,.cache/task019/real-matrix/core/attn_out-m32.log,2013265920,6144,5120,32,0.0,2013265920,5120,5120,62914560,BF16,6144,5120,library_gemm,20,0,,0.0,,no_user_workspace_library_internal_in_free_after,0
,attn_out,q4g64,,,0.041939000000000004,0.058542,6144,0.008064,0.02144,.cache/task019/real-matrix/core/attn_out-m32.log,2013265920,6144,5120,32,0.4375,50331648,128,5120,393216,BF16,6144,5120,bounded_unpack_gemm,20,24576,,1.73805,,no_user_workspace_library_internal_in_free_after,0
72,attn_out,nvfp4,33059504128,33099350016,296.2635,297.308,6144,0.040464,0.043232,.cache/task019/real-matrix/core/attn_out-m512.log,32212254720,6144,5120,512,0.546875,32212254720,5120,5120,15728640,BF16,6144,5120,native_gemm,20,1966080,32212254720,1815.47,0.975884,cutlass_get_workspace_size,0
72,attn_out,nvfp4,33059504128,33099350016,0.06778400000000001,0.072859,6144,0.0508,0.055296,.cache/task019/real-matrix/core/attn_out-m512.log,32212254720,6144,5120,512,0.546875,62914560,5120,5120,15728640,BF16,6144,5120,same_weight_bf16_gemv,20,1966080,,1815.47,0.975884,no_explicit_workspace,0
72,attn_out,mxfp4,33059504128,33099350016,285.3965,285.683,6144,0.040448,0.0504,.cache/task019/real-matrix/core/attn_out-m512.log,32212254720,6144,5120,512,0.6875,32212254720,5120,5120,15728640,BF16,6144,5120,native_gemm,20,983040,32212254720,1643.0,0.950616,cutlass_get_workspace_size,0
72,attn_out,mxfp4,33059504128,33099350016,0.0634155,0.072358,6144,0.050608,0.05664,.cache/task019/real-matrix/core/attn_out-m512.log,32212254720,6144,5120,512,0.6875,62914560,5120,5120,15728640,BF16,6144,5120,same_weight_bf16_gemv,20,983040,,1643.0,0.950616,no_explicit_workspace,0
,attn_out,bf16,,,0.764743,0.775635,6144,0.14460800000000001,0.151072,.cache/task019/real-matrix/core/attn_out-m512.log,32212254720,6144,5120,512,0.0,32212254720,5120,5120,62914560,BF16,6144,5120,library_gemm,20,0,,0.0,,no_user_workspace_library_internal_in_free_after,0
,attn_out,q4g64,,,0.32869950000000003,0.33728,6144,0.01688,0.018816,.cache/task019/real-matrix/core/attn_out-m512.log,32212254720,6144,5120,512,0.4375,805306368,128,5120,393216,BF16,6144,5120,bounded_unpack_gemm,20,24576,,1.71186,,no_user_workspace_library_internal_in_free_after,0
72,attn_out,nvfp4,33076281344,33099350016,37.265,37.3143,6144,0.029904,0.031168,.cache/task019/real-matrix/core/attn_out-m64.log,4026531840,6144,5120,64,0.511719,4026531840,5120,5120,15728640,BF16,6144,5120,native_gemm,20,1966080,8053063680,1814.76,1.04327,cutlass_get_workspace_size,0
72,attn_out,nvfp4,33076281344,33099350016,0.0622935,0.071265,6144,0.05072,0.056128,.cache/task019/real-matrix/core/attn_out-m64.log,4026531840,6144,5120,64,0.511719,62914560,5120,5120,15728640,BF16,6144,5120,same_weight_bf16_gemv,20,1966080,,1814.76,1.04327,no_explicit_workspace,0
72,attn_out,mxfp4,33078378496,33099350016,35.66735,35.6916,6144,0.030896,0.040128,.cache/task019/real-matrix/core/attn_out-m64.log,4026531840,6144,5120,64,0.6875,4026531840,5120,5120,15728640,BF16,6144,5120,native_gemm,20,983040,8053063680,1646.56,0.961537,cutlass_get_workspace_size,0
72,attn_out,mxfp4,33078378496,33099350016,0.069076,0.076525,6144,0.050944,0.052864,.cache/task019/real-matrix/core/attn_out-m64.log,4026531840,6144,5120,64,0.6875,62914560,5120,5120,15728640,BF16,6144,5120,same_weight_bf16_gemv,20,983040,,1646.56,0.961537,no_explicit_workspace,0
,attn_out,bf16,,,0.1548745,0.165144,6144,0.042352,0.044256,.cache/task019/real-matrix/core/attn_out-m64.log,4026531840,6144,5120,64,0.0,4026531840,5120,5120,62914560,BF16,6144,5120,library_gemm,20,0,,0.0,,no_user_workspace_library_internal_in_free_after,0
,attn_out,q4g64,,,0.0718915,0.087065,6144,0.013728,0.016416,.cache/task019/real-matrix/core/attn_out-m64.log,4026531840,6144,5120,64,0.4375,100663296,128,5120,393216,BF16,6144,5120,bounded_unpack_gemm,20,24576,,1.72115,,no_user_workspace_library_internal_in_free_after,0
72,attn_out,nvfp4,33078378496,33099350016,4.699105,4.72886,6144,0.03024,0.031648,.cache/task019/real-matrix/core/attn_out-m8.log,503316480,6144,5120,8,0.511719,503316480,5120,5120,15728640,BF16,6144,5120,native_gemm,20,1966080,8053063680,1803.88,1.00326,cutlass_get_workspace_size,0
72,attn_out,nvfp4,33078378496,33099350016,0.06314,0.071787,6144,0.051152,0.056416,.cache/task019/real-matrix/core/attn_out-m8.log,503316480,6144,5120,8,0.511719,62914560,5120,5120,15728640,BF16,6144,5120,same_weight_bf16_gemv,20,1966080,,1803.88,1.00326,no_explicit_workspace,0
72,attn_out,mxfp4,33080475648,33099350016,4.490035,4.50331,6144,0.030272,0.039104,.cache/task019/real-matrix/core/attn_out-m8.log,503316480,6144,5120,8,0.710938,503316480,5120,5120,15728640,BF16,6144,5120,native_gemm,20,983040,8053063680,1648.86,0.939495,cutlass_get_workspace_size,0
72,attn_out,mxfp4,33080475648,33099350016,0.069091,0.076265,6144,0.051008,0.056352,.cache/task019/real-matrix/core/attn_out-m8.log,503316480,6144,5120,8,0.710938,62914560,5120,5120,15728640,BF16,6144,5120,same_weight_bf16_gemv,20,983040,,1648.86,0.939495,no_explicit_workspace,0
,attn_out,bf16,,,0.0375365,0.055365,6144,0.017424000000000002,0.03024,.cache/task019/real-matrix/core/attn_out-m8.log,503316480,6144,5120,8,0.0,503316480,5120,5120,62914560,BF16,6144,5120,library_gemm,20,0,,0.0,,no_user_workspace_library_internal_in_free_after,0
,attn_out,q4g64,,,0.024312,0.028855,6144,0.008944,0.011296,.cache/task019/real-matrix/core/attn_out-m8.log,503316480,6144,5120,8,0.4375,12582912,128,5120,393216,BF16,6144,5120,bounded_unpack_gemm,20,24576,,1.74371,,no_user_workspace_library_internal_in_free_after,0
12,attn_q,nvfp4,33061601280,33099350016,0.585713,0.601523,5120,0.047792,0.057152,.cache/task019/real-matrix/core/attn_q-m1.log,125829120,5120,12288,1,0.367188,125829120,12288,12288,31457280,BF16,5120,12288,native_gemm,20,3932160,16106127360,3611.24,1.99977,cutlass_get_workspace_size,0
12,attn_q,nvfp4,33061601280,33099350016,0.114873,0.120429,5120,0.096928,0.10192,.cache/task019/real-matrix/core/attn_q-m1.log,125829120,5120,12288,1,0.367188,125829120,12288,12288,31457280,BF16,5120,12288,same_weight_bf16_gemv,20,3932160,,3611.24,1.99977,no_explicit_workspace,0
12,attn_q,mxfp4,33065795584,33099350016,0.544049,0.558301,5120,0.046624,0.047904,.cache/task019/real-matrix/core/attn_q-m1.log,125829120,5120,12288,1,0.34375,125829120,12288,12288,31457280,BF16,5120,12288,native_gemm,20,1966080,16106127360,3290.12,1.8655,cutlass_get_workspace_size,0
12,attn_q,mxfp4,33065795584,33099350016,0.11324600000000001,0.118966,5120,0.098576,0.103584,.cache/task019/real-matrix/core/attn_q-m1.log,125829120,5120,12288,1,0.34375,125829120,12288,12288,31457280,BF16,5120,12288,same_weight_bf16_gemv,20,1966080,,3290.12,1.8655,no_explicit_workspace,0
,attn_q,bf16,,,0.099359,0.114287,5120,0.08568,0.097696,.cache/task019/real-matrix/core/attn_q-m1.log,125829120,5120,12288,1,0.0,125829120,12288,12288,125829120,BF16,5120,12288,library_gemm,20,0,,0.0,,no_user_workspace_library_internal_in_free_after,0
,attn_q,q4g64,,,0.024080499999999998,0.03642,5120,0.009999999999999998,0.017824,.cache/task019/real-matrix/core/attn_q-m1.log,125829120,5120,12288,1,0.259766,1310720,128,12288,327680,BF16,5120,12288,bounded_unpack_gemm,20,20480,,1.45616,,no_user_workspace_library_internal_in_free_after,0
72,attn_q,nvfp4,32981909504,33099350016,506.038,506.326,5120,0.119776,0.127104,.cache/task019/real-matrix/core/attn_q-m1024.log,128849018880,5120,12288,1024,0.367188,128849018880,12288,12288,31457280,BF16,5120,12288,native_gemm,20,3932160,128849018880,3607.84,2.03436,cutlass_get_workspace_size,0
72,attn_q,nvfp4,32981909504,33099350016,0.1143775,0.122914,5120,0.09625600000000001,0.101536,.cache/task019/real-matrix/core/attn_q-m1024.log,128849018880,5120,12288,1024,0.367188,125829120,12288,12288,31457280,BF16,5120,12288,same_weight_bf16_gemv,20,3932160,,3607.84,2.03436,no_explicit_workspace,0
72,attn_q,mxfp4,32984006656,33099350016,485.5875,488.099,5120,0.116096,0.121472,.cache/task019/real-matrix/core/attn_q-m1024.log,128849018880,5120,12288,1024,0.421875,128849018880,12288,12288,31457280,BF16,5120,12288,native_gemm,20,1966080,128849018880,3295.25,1.87741,cutlass_get_workspace_size,0
72,attn_q,mxfp4,32984006656,33099350016,0.114207,0.117815,5120,0.096656,0.101344,.cache/task019/real-matrix/core/attn_q-m1024.log,128849018880,5120,12288,1024,0.421875,125829120,12288,12288,31457280,BF16,5120,12288,same_weight_bf16_gemv,20,1966080,,3295.25,1.87741,no_explicit_workspace,0
,attn_q,bf16,,,2.550865,2.55705,5120,0.608352,0.612736,.cache/task019/real-matrix/core/attn_q-m1024.log,128849018880,5120,12288,1024,0.0,128849018880,12288,12288,125829120,BF16,5120,12288,library_gemm,20,0,,0.0,,no_user_workspace_library_internal_in_free_after,0
,attn_q,q4g64,,,0.518831,0.526571,5120,0.01904,0.0208,.cache/task019/real-matrix/core/attn_q-m1024.log,128849018880,5120,12288,1024,0.34375,1342177280,128,12288,327680,BF16,5120,12288,bounded_unpack_gemm,20,20480,,1.49794,,no_user_workspace_library_internal_in_free_after,0
72,attn_q,nvfp4,33049018368,33099350016,63.409499999999994,63.5108,5120,0.028288,0.030208,.cache/task019/real-matrix/core/attn_q-m128.log,16106127360,5120,12288,128,0.367188,16106127360,12288,12288,31457280,BF16,5120,12288,native_gemm,20,3932160,16106127360,3617.2,1.96242,cutlass_get_workspace_size,0
72,attn_q,nvfp4,33049018368,33099350016,0.1117825,0.12105,5120,0.096752,0.101728,.cache/task019/real-matrix/core/attn_q-m128.log,16106127360,5120,12288,128,0.367188,125829120,12288,12288,31457280,BF16,5120,12288,same_weight_bf16_gemv,20,3932160,,3617.2,1.96242,no_explicit_workspace,0
72,attn_q,mxfp4,33051115520,33099350016,60.97265,61.0306,5120,0.028336,0.036032,.cache/task019/real-matrix/core/attn_q-m128.log,16106127360,5120,12288,128,0.421875,16106127360,12288,12288,31457280,BF16,5120,12288,native_gemm,20,1966080,16106127360,3306.32,1.85476,cutlass_get_workspace_size,0
72,attn_q,mxfp4,33051115520,33099350016,0.115279,0.131621,5120,0.09672,0.105216,.cache/task019/real-matrix/core/attn_q-m128.log,16106127360,5120,12288,128,0.421875,125829120,12288,12288,31457280,BF16,5120,12288,same_weight_bf16_gemv,20,1966080,,3306.32,1.85476,no_explicit_workspace,0
,attn_q,bf16,,,0.3803335,0.387206,5120,0.09764800000000001,0.10032,.cache/task019/real-matrix/core/attn_q-m128.log,16106127360,5120,12288,128,0.0,16106127360,12288,12288,125829120,BF16,5120,12288,library_gemm,20,0,,0.0,,no_user_workspace_library_internal_in_free_after,0
,attn_q,q4g64,,,0.098512,0.106061,5120,0.015808000000000003,0.020736,.cache/task019/real-matrix/core/attn_q-m128.log,16106127360,5120,12288,128,0.285156,167772160,128,12288,327680,BF16,5120,12288,bounded_unpack_gemm,20,20480,,1.44455,,no_user_workspace_library_internal_in_free_after,0
24,attn_q,nvfp4,33061601280,33099350016,1.0753650000000001,1.09365,5120,0.044336,0.044896,.cache/task019/real-matrix/core/attn_q-m2.log,251658240,5120,12288,2,0.367188,251658240,12288,12288,31457280,BF16,5120,12288,native_gemm,20,3932160,16106127360,3626.92,2.00044,cutlass_get_workspace_size,0
24,attn_q,nvfp4,33061601280,33099350016,0.11316999999999999,0.122282,5120,0.096736,0.101856,.cache/task019/real-matrix/core/attn_q-m2.log,251658240,5120,12288,2,0.367188,125829120,12288,12288,31457280,BF16,5120,12288,same_weight_bf16_gemv,20,3932160,,3626.92,2.00044,no_explicit_workspace,0
24,attn_q,mxfp4,33063698432,33099350016,1.0357,1.04674,5120,0.044688000000000005,0.053344,.cache/task019/real-matrix/core/attn_q-m2.log,251658240,5120,12288,2,0.421875,251658240,12288,12288,31457280,BF16,5120,12288,native_gemm,20,1966080,16106127360,3306.71,1.87418,cutlass_get_workspace_size,0
24,attn_q,mxfp4,33063698432,33099350016,0.1154245,0.118645,5120,0.09750400000000001,0.102592,.cache/task019/real-matrix/core/attn_q-m2.log,251658240,5120,12288,2,0.421875,125829120,12288,12288,31457280,BF16,5120,12288,same_weight_bf16_gemv,20,1966080,,3306.71,1.87418,no_explicit_workspace,0
,attn_q,bf16,,,0.1012725,0.120469,5120,0.084928,0.097856,.cache/task019/real-matrix/core/attn_q-m2.log,251658240,5120,12288,2,0.0,251658240,12288,12288,125829120,BF16,5120,12288,library_gemm,20,0,,0.0,,no_user_workspace_library_internal_in_free_after,0
,attn_q,q4g64,,,0.036444000000000004,0.050817,5120,0.024592,0.036416,.cache/task019/real-matrix/core/attn_q-m2.log,251658240,5120,12288,2,0.259766,2621440,128,12288,327680,BF16,5120,12288,bounded_unpack_gemm,20,20480,,1.43427,,no_user_workspace_library_internal_in_free_after,0
72,attn_q,nvfp4,33042726912,33099350016,126.24799999999999,126.368,5120,0.052608,0.06192,.cache/task019/real-matrix/core/attn_q-m256.log,32212254720,5120,12288,256,0.384766,32212254720,12288,12288,31457280,BF16,5120,12288,native_gemm,20,3932160,32212254720,3610.27,1.96682,cutlass_get_workspace_size,0
72,attn_q,nvfp4,33042726912,33099350016,0.114052,0.121109,5120,0.09688,0.100256,.cache/task019/real-matrix/core/attn_q-m256.log,32212254720,5120,12288,256,0.384766,125829120,12288,12288,31457280,BF16,5120,12288,same_weight_bf16_gemv,20,3932160,,3610.27,1.96682,no_explicit_workspace,0
72,attn_q,mxfp4,33044824064,33099350016,121.804,121.954,5120,0.048784,0.051072,.cache/task019/real-matrix/core/attn_q-m256.log,32212254720,5120,12288,256,0.421875,32212254720,12288,12288,31457280,BF16,5120,12288,native_gemm,20,1966080,32212254720,3310.17,1.8332,cutlass_get_workspace_size,0
72,attn_q,mxfp4,33044824064,33099350016,0.111137,0.122372,5120,0.097952,0.102752,.cache/task019/real-matrix/core/attn_q-m256.log,32212254720,5120,12288,256,0.421875,125829120,12288,12288,31457280,BF16,5120,12288,same_weight_bf16_gemv,20,1966080,,3310.17,1.8332,no_explicit_workspace,0
,attn_q,bf16,,,0.6775845,0.68897,5120,0.160192,0.165728,.cache/task019/real-matrix/core/attn_q-m256.log,32212254720,5120,12288,256,0.0,32212254720,12288,12288,125829120,BF16,5120,12288,library_gemm,20,0,,0.0,,no_user_workspace_library_internal_in_free_after,0
,attn_q,q4g64,,,0.15232,0.169632,5120,0.015856000000000002,0.019744,.cache/task019/real-matrix/core/attn_q-m256.log,32212254720,5120,12288,256,0.259766,335544320,128,12288,327680,BF16,5120,12288,bounded_unpack_gemm,20,20480,,1.45156,,no_user_workspace_library_internal_in_free_after,0
72,attn_q,nvfp4,33059504128,33099350016,15.9754,15.9935,5120,0.042208,0.044416,.cache/task019/real-matrix/core/attn_q-m32.log,4026531840,5120,12288,32,0.367188,4026531840,12288,12288,31457280,BF16,5120,12288,native_gemm,20,3932160,16106127360,3584.71,1.94909,cutlass_get_workspace_size,0
72,attn_q,nvfp4,33059504128,33099350016,0.1111015,0.117383,5120,0.09720000000000001,0.1016,.cache/task019/real-matrix/core/attn_q-m32.log,4026531840,5120,12288,32,0.367188,125829120,12288,12288,31457280,BF16,5120,12288,same_weight_bf16_gemv,20,3932160,,3584.71,1.94909,no_explicit_workspace,0
72,attn_q,mxfp4,33061601280,33099350016,15.36025,15.3838,5120,0.042623999999999995,0.05104,.cache/task019/real-matrix/core/attn_q-m32.log,4026531840,5120,12288,32,0.421875,4026531840,12288,12288,31457280,BF16,5120,12288,native_gemm,20,1966080,16106127360,3295.48,1.83624,cutlass_get_workspace_size,0
72,attn_q,mxfp4,33061601280,33099350016,0.11654149999999999,0.126069,5120,0.097024,0.110688,.cache/task019/real-matrix/core/attn_q-m32.log,4026531840,5120,12288,32,0.421875,125829120,12288,12288,31457280,BF16,5120,12288,same_weight_bf16_gemv,20,1966080,,3295.48,1.83624,no_explicit_workspace,0
,attn_q,bf16,,,0.1843755,0.197826,5120,0.08779200000000001,0.097952,.cache/task019/real-matrix/core/attn_q-m32.log,4026531840,5120,12288,32,0.0,4026531840,12288,12288,125829120,BF16,5120,12288,library_gemm,20,0,,0.0,,no_user_workspace_library_internal_in_free_after,0
,attn_q,q4g64,,,0.0371005,0.060866,5120,0.007936,0.02192,.cache/task019/real-matrix/core/attn_q-m32.log,4026531840,5120,12288,32,0.259766,41943040,128,12288,327680,BF16,5120,12288,bounded_unpack_gemm,20,20480,,1.4424,,no_user_workspace_library_internal_in_free_after,0
72,attn_q,nvfp4,33023852544,33099350016,253.976,254.489,5120,0.072736,0.07424,.cache/task019/real-matrix/core/attn_q-m512.log,64424509440,5120,12288,512,0.546875,64424509440,12288,12288,31457280,BF16,5120,12288,native_gemm,20,3932160,64424509440,3627.85,1.96698,cutlass_get_workspace_size,0
72,attn_q,nvfp4,33023852544,33099350016,0.11340149999999999,0.120358,5120,0.0964,0.101248,.cache/task019/real-matrix/core/attn_q-m512.log,64424509440,5120,12288,512,0.546875,125829120,12288,12288,31457280,BF16,5120,12288,same_weight_bf16_gemv,20,3932160,,3627.85,1.96698,no_explicit_workspace,0
72,attn_q,mxfp4,33025949696,33099350016,243.3135,243.417,5120,0.071168,0.073056,.cache/task019/real-matrix/core/attn_q-m512.log,64424509440,5120,12288,512,0.421875,64424509440,12288,12288,31457280,BF16,5120,12288,native_gemm,20,1966080,64424509440,3287.03,1.87227,cutlass_get_workspace_size,0
72,attn_q,mxfp4,33025949696,33099350016,0.1134855,0.120961,5120,0.09670400000000001,0.102656,.cache/task019/real-matrix/core/attn_q-m512.log,64424509440,5120,12288,512,0.421875,125829120,12288,12288,31457280,BF16,5120,12288,same_weight_bf16_gemv,20,1966080,,3287.03,1.87227,no_explicit_workspace,0
,attn_q,bf16,,,1.29761,1.31509,5120,0.302832,0.304544,.cache/task019/real-matrix/core/attn_q-m512.log,64424509440,5120,12288,512,0.0,64424509440,12288,12288,125829120,BF16,5120,12288,library_gemm,20,0,,0.0,,no_user_workspace_library_internal_in_free_after,0
,attn_q,q4g64,,,0.2777985,0.284732,5120,0.015792,0.018496,.cache/task019/real-matrix/core/attn_q-m512.log,64424509440,5120,12288,512,0.320312,671088640,128,12288,327680,BF16,5120,12288,bounded_unpack_gemm,20,20480,,1.46272,,no_user_workspace_library_internal_in_free_after,0
72,attn_q,nvfp4,33057406976,33099350016,31.81975,31.8834,5120,0.028496,0.036896,.cache/task019/real-matrix/core/attn_q-m64.log,8053063680,5120,12288,64,0.367188,8053063680,12288,12288,31457280,BF16,5120,12288,native_gemm,20,3932160,16106127360,3615.16,1.9776,cutlass_get_workspace_size,0
72,attn_q,nvfp4,33057406976,33099350016,0.11491799999999999,0.124256,5120,0.096864,0.101408,.cache/task019/real-matrix/core/attn_q-m64.log,8053063680,5120,12288,64,0.367188,125829120,12288,12288,31457280,BF16,5120,12288,same_weight_bf16_gemv,20,3932160,,3615.16,1.9776,no_explicit_workspace,0
72,attn_q,mxfp4,33059504128,33099350016,30.5296,30.6027,5120,0.028128,0.03424,.cache/task019/real-matrix/core/attn_q-m64.log,8053063680,5120,12288,64,0.421875,8053063680,12288,12288,31457280,BF16,5120,12288,native_gemm,20,1966080,16106127360,3300.71,1.89458,cutlass_get_workspace_size,0
72,attn_q,mxfp4,33059504128,33099350016,0.11212749999999999,0.126249,5120,0.098224,0.103392,.cache/task019/real-matrix/core/attn_q-m64.log,8053063680,5120,12288,64,0.421875,125829120,12288,12288,31457280,BF16,5120,12288,same_weight_bf16_gemv,20,1966080,,3300.71,1.89458,no_explicit_workspace,0
,attn_q,bf16,,,0.267208,0.273009,5120,0.106384,0.108896,.cache/task019/real-matrix/core/attn_q-m64.log,8053063680,5120,12288,64,0.0,8053063680,12288,12288,125829120,BF16,5120,12288,library_gemm,20,0,,0.0,,no_user_workspace_library_internal_in_free_after,0
,attn_q,q4g64,,,0.061923000000000006,0.077879,5120,0.0132,0.017152,.cache/task019/real-matrix/core/attn_q-m64.log,8053063680,5120,12288,64,0.259766,83886080,128,12288,327680,BF16,5120,12288,bounded_unpack_gemm,20,20480,,1.42823,,no_user_workspace_library_internal_in_free_after,0
72,attn_q,nvfp4,33061601280,33099350016,4.09138,4.11614,5120,0.046656,0.05536,.cache/task019/real-matrix/core/attn_q-m8.log,1006632960,5120,12288,8,0.371094,1006632960,12288,12288,31457280,BF16,5120,12288,native_gemm,20,3932160,16106127360,3621.54,1.97227,cutlass_get_workspace_size,0
72,attn_q,nvfp4,33061601280,33099350016,0.1139665,0.12088,5120,0.096176,0.102048,.cache/task019/real-matrix/core/attn_q-m8.log,1006632960,5120,12288,8,0.371094,125829120,12288,12288,31457280,BF16,5120,12288,same_weight_bf16_gemv,20,3932160,,3621.54,1.97227,no_explicit_workspace,0
72,attn_q,mxfp4,33063698432,33099350016,3.916695,3.93166,5120,0.046272,0.04672,.cache/task019/real-matrix/core/attn_q-m8.log,1006632960,5120,12288,8,0.445312,1006632960,12288,12288,31457280,BF16,5120,12288,native_gemm,20,1966080,16106127360,3302.62,1.86847,cutlass_get_workspace_size,0
72,attn_q,mxfp4,33063698432,33099350016,0.112063,0.118354,5120,0.09718399999999999,0.101728,.cache/task019/real-matrix/core/attn_q-m8.log,1006632960,5120,12288,8,0.445312,125829120,12288,12288,31457280,BF16,5120,12288,same_weight_bf16_gemv,20,1966080,,3302.62,1.86847,no_explicit_workspace,0
,attn_q,bf16,,,0.11337050000000001,0.127852,5120,0.084656,0.098976,.cache/task019/real-matrix/core/attn_q-m8.log,1006632960,5120,12288,8,0.0,1006632960,12288,12288,125829120,BF16,5120,12288,library_gemm,20,0,,0.0,,no_user_workspace_library_internal_in_free_after,0
,attn_q,q4g64,,,0.0232185,0.0265,5120,0.00896,0.009952,.cache/task019/real-matrix/core/attn_q-m8.log,1006632960,5120,12288,8,0.273438,10485760,128,12288,327680,BF16,5120,12288,bounded_unpack_gemm,20,20480,,1.43922,,no_user_workspace_library_internal_in_free_after,0
12,attn_v,nvfp4,33093058560,33099350016,0.5499404999999999,0.574912,5120,0.027743999999999998,0.03664,.cache/task019/real-matrix/core/attn_v-m1.log,10485760,5120,1024,1,0.365234,10485760,1024,1024,2621440,BF16,5120,1024,native_gemm,20,327680,1342177280,299.963,0.169512,cutlass_get_workspace_size,0
12,attn_v,nvfp4,33093058560,33099350016,0.025273499999999997,0.032362,5120,0.013583999999999999,0.014272,.cache/task019/real-matrix/core/attn_v-m1.log,10485760,5120,1024,1,0.365234,10485760,1024,1024,2621440,BF16,5120,1024,same_weight_bf16_gemv,20,327680,,299.963,0.169512,no_explicit_workspace,0
12,attn_v,mxfp4,33093058560,33099350016,0.5196075,0.53166,5120,0.026032,0.036384,.cache/task019/real-matrix/core/attn_v-m1.log,10485760,5120,1024,1,0.958008,10485760,1024,1024,2621440,BF16,5120,1024,native_gemm,20,163840,1342177280,273.286,0.161306,cutlass_get_workspace_size,0
12,attn_v,mxfp4,33093058560,33099350016,0.024526,0.027832,5120,0.013632,0.014976,.cache/task019/real-matrix/core/attn_v-m1.log,10485760,5120,1024,1,0.958008,10485760,1024,1024,2621440,BF16,5120,1024,same_weight_bf16_gemv,20,163840,,273.286,0.161306,no_explicit_workspace,0
,attn_v,bf16,,,0.020353999999999997,0.029776,5120,0.01008,0.016064,.cache/task019/real-matrix/core/attn_v-m1.log,10485760,5120,1024,1,0.0,10485760,1024,1024,10485760,BF16,5120,1024,library_gemm,20,0,,0.0,,no_user_workspace_library_internal_in_free_after,0
,attn_v,q4g64,,,0.021635500000000002,0.030588,5120,0.009984,0.013056,.cache/task019/real-matrix/core/attn_v-m1.log,10485760,5120,1024,1,0.291016,1310720,128,1024,327680,BF16,5120,1024,bounded_unpack_gemm,20,20480,,1.42575,,no_user_workspace_library_internal_in_free_after,0
72,attn_v,nvfp4,33082572800,33099350016,505.04499999999996,505.317,5120,0.034688,0.039616,.cache/task019/real-matrix/core/attn_v-m1024.log,10737418240,5120,1024,1024,0.390625,10737418240,1024,1024,2621440,BF16,5120,1024,native_gemm,20,327680,10737418240,302.333,0.188849,cutlass_get_workspace_size,0
72,attn_v,nvfp4,33082572800,33099350016,0.0271975,0.033294,5120,0.012672,0.013824,.cache/task019/real-matrix/core/attn_v-m1024.log,10737418240,5120,1024,1024,0.390625,10485760,1024,1024,2621440,BF16,5120,1024,same_weight_bf16_gemv,20,327680,,302.333,0.188849,no_explicit_workspace,0
72,attn_v,mxfp4,33082572800,33099350016,483.533,484.874,5120,0.03608,0.03808,.cache/task019/real-matrix/core/attn_v-m1024.log,10737418240,5120,1024,1024,0.958008,10737418240,1024,1024,2621440,BF16,5120,1024,native_gemm,20,163840,10737418240,274.603,0.179751,cutlass_get_workspace_size,0
72,attn_v,mxfp4,33082572800,33099350016,0.024436,0.036219,5120,0.013024,0.014432,.cache/task019/real-matrix/core/attn_v-m1024.log,10737418240,5120,1024,1024,0.958008,10485760,1024,1024,2621440,BF16,5120,1024,same_weight_bf16_gemv,20,163840,,274.603,0.179751,no_explicit_workspace,0
,attn_v,bf16,,,0.669453,0.688879,5120,0.060927999999999996,0.062112,.cache/task019/real-matrix/core/attn_v-m1024.log,10737418240,5120,1024,1024,0.0,10737418240,1024,1024,10485760,BF16,5120,1024,library_gemm,20,0,,0.0,,no_user_workspace_library_internal_in_free_after,0
,attn_v,q4g64,,,0.518956,0.564652,5120,0.020624,0.025888,.cache/task019/real-matrix/core/attn_v-m1024.log,10737418240,5120,1024,1024,0.439453,1342177280,128,1024,327680,BF16,5120,1024,bounded_unpack_gemm,20,20480,,1.42635,,no_user_workspace_library_internal_in_free_after,0
72,attn_v,nvfp4,33093058560,33099350016,63.2719,63.3556,5120,0.026368,0.027712,.cache/task019/real-matrix/core/attn_v-m128.log,1342177280,5120,1024,128,0.61377,1342177280,1024,1024,2621440,BF16,5120,1024,native_gemm,20,327680,1342177280,301.507,0.217302,cutlass_get_workspace_size,0
72,attn_v,nvfp4,33093058560,33099350016,0.0242865,0.025898,5120,0.013696,0.014496,.cache/task019/real-matrix/core/attn_v-m128.log,1342177280,5120,1024,128,0.61377,10485760,1024,1024,2621440,BF16,5120,1024,same_weight_bf16_gemv,20,327680,,301.507,0.217302,no_explicit_workspace,0
72,attn_v,mxfp4,33093058560,33099350016,60.823499999999996,60.8743,5120,0.02688,0.036544,.cache/task019/real-matrix/core/attn_v-m128.log,1342177280,5120,1024,128,0.958008,1342177280,1024,1024,2621440,BF16,5120,1024,native_gemm,20,163840,1342177280,275.562,0.171205,cutlass_get_workspace_size,0
72,attn_v,mxfp4,33093058560,33099350016,0.0304075,0.036499,5120,0.012576,0.018784,.cache/task019/real-matrix/core/attn_v-m128.log,1342177280,5120,1024,128,0.958008,10485760,1024,1024,2621440,BF16,5120,1024,same_weight_bf16_gemv,20,163840,,275.562,0.171205,no_explicit_workspace,0
,attn_v,bf16,,,0.124486,0.14212,5120,0.017408,0.0224,.cache/task019/real-matrix/core/attn_v-m128.log,1342177280,5120,1024,128,0.0,1342177280,1024,1024,10485760,BF16,5120,1024,library_gemm,20,0,,0.0,,no_user_workspace_library_internal_in_free_after,0
,attn_v,q4g64,,,0.0980615,0.102444,5120,0.016144,0.018592,.cache/task019/real-matrix/core/attn_v-m128.log,1342177280,5120,1024,128,0.439453,167772160,128,1024,327680,BF16,5120,1024,bounded_unpack_gemm,20,20480,,1.43437,,no_user_workspace_library_internal_in_free_after,0
24,attn_v,nvfp4,33093058560,33099350016,1.05243,1.06288,5120,0.025792000000000002,0.02688,.cache/task019/real-matrix/core/attn_v-m2.log,20971520,5120,1024,2,0.390625,20971520,1024,1024,2621440,BF16,5120,1024,native_gemm,20,327680,1342177280,300.035,0.180312,cutlass_get_workspace_size,0
24,attn_v,nvfp4,33093058560,33099350016,0.0243865,0.032962,5120,0.013663999999999999,0.015072,.cache/task019/real-matrix/core/attn_v-m2.log,20971520,5120,1024,2,0.390625,10485760,1024,1024,2621440,BF16,5120,1024,same_weight_bf16_gemv,20,327680,,300.035,0.180312,no_explicit_workspace,0
24,attn_v,mxfp4,33093058560,33099350016,1.00317,1.01945,5120,0.027248,0.036896,.cache/task019/real-matrix/core/attn_v-m2.log,20971520,5120,1024,2,0.958008,20971520,1024,1024,2621440,BF16,5120,1024,native_gemm,20,163840,1342177280,274.337,0.161126,cutlass_get_workspace_size,0
24,attn_v,mxfp4,33093058560,33099350016,0.030162500000000002,0.033113,5120,0.012639999999999998,0.014592,.cache/task019/real-matrix/core/attn_v-m2.log,20971520,5120,1024,2,0.958008,10485760,1024,1024,2621440,BF16,5120,1024,same_weight_bf16_gemv,20,163840,,274.337,0.161126,no_explicit_workspace,0
,attn_v,bf16,,,0.0212195,0.036139,5120,0.009808,0.014432,.cache/task019/real-matrix/core/attn_v-m2.log,20971520,5120,1024,2,0.0,20971520,1024,1024,10485760,BF16,5120,1024,library_gemm,20,0,,0.0,,no_user_workspace_library_internal_in_free_after,0
,attn_v,q4g64,,,0.0360985,0.049593,5120,0.024815999999999998,0.035744,.cache/task019/real-matrix/core/attn_v-m2.log,20971520,5120,1024,2,0.439453,2621440,128,1024,327680,BF16,5120,1024,bounded_unpack_gemm,20,20480,,1.4292,,no_user_workspace_library_internal_in_free_after,0
72,attn_v,nvfp4,33090961408,33099350016,126.509,127.151,5120,0.03032,0.03152,.cache/task019/real-matrix/core/attn_v-m256.log,2684354560,5120,1024,256,0.390625,2684354560,1024,1024,2621440,BF16,5120,1024,native_gemm,20,327680,2684354560,301.499,0.187556,cutlass_get_workspace_size,0
72,attn_v,nvfp4,33090961408,33099350016,0.024752499999999997,0.036359,5120,0.012736,0.017568,.cache/task019/real-matrix/core/attn_v-m256.log,2684354560,5120,1024,256,0.390625,10485760,1024,1024,2621440,BF16,5120,1024,same_weight_bf16_gemv,20,327680,,301.499,0.187556,no_explicit_workspace,0
72,attn_v,mxfp4,33090961408,33099350016,121.519,121.595,5120,0.026928,0.02832,.cache/task019/real-matrix/core/attn_v-m256.log,2684354560,5120,1024,256,0.958008,2684354560,1024,1024,2621440,BF16,5120,1024,native_gemm,20,163840,2684354560,275.65,0.175824,cutlass_get_workspace_size,0
72,attn_v,mxfp4,33090961408,33099350016,0.024366,0.030358,5120,0.013791999999999999,0.014272,.cache/task019/real-matrix/core/attn_v-m256.log,2684354560,5120,1024,256,0.958008,10485760,1024,1024,2621440,BF16,5120,1024,same_weight_bf16_gemv,20,163840,,275.65,0.175824,no_explicit_workspace,0
,attn_v,bf16,,,0.2019135,0.215229,5120,0.026176,0.029152,.cache/task019/real-matrix/core/attn_v-m256.log,2684354560,5120,1024,256,0.0,2684354560,1024,1024,10485760,BF16,5120,1024,library_gemm,20,0,,0.0,,no_user_workspace_library_internal_in_free_after,0
,attn_v,q4g64,,,0.153903,0.171917,5120,0.016208,0.021664,.cache/task019/real-matrix/core/attn_v-m256.log,2684354560,5120,1024,256,0.439453,335544320,128,1024,327680,BF16,5120,1024,bounded_unpack_gemm,20,20480,,1.43161,,no_user_workspace_library_internal_in_free_after,0
72,attn_v,nvfp4,33093058560,33099350016,15.8992,15.9203,5120,0.026543999999999998,0.027904,.cache/task019/real-matrix/core/attn_v-m32.log,335544320,5120,1024,32,0.390625,335544320,1024,1024,2621440,BF16,5120,1024,native_gemm,20,327680,1342177280,301.641,0.169191,cutlass_get_workspace_size,0
72,attn_v,nvfp4,33093058560,33099350016,0.024236,0.032662,5120,0.013696,0.014592,.cache/task019/real-matrix/core/attn_v-m32.log,335544320,5120,1024,32,0.390625,10485760,1024,1024,2621440,BF16,5120,1024,same_weight_bf16_gemv,20,327680,,301.641,0.169191,no_explicit_workspace,0
72,attn_v,mxfp4,33093058560,33099350016,15.300650000000001,15.3196,5120,0.026496,0.036544,.cache/task019/real-matrix/core/attn_v-m32.log,335544320,5120,1024,32,0.958008,335544320,1024,1024,2621440,BF16,5120,1024,native_gemm,20,163840,1342177280,275.687,0.159784,cutlass_get_workspace_size,0
72,attn_v,mxfp4,33093058560,33099350016,0.0303075,0.038082,5120,0.012848,0.01504,.cache/task019/real-matrix/core/attn_v-m32.log,335544320,5120,1024,32,0.958008,10485760,1024,1024,2621440,BF16,5120,1024,same_weight_bf16_gemv,20,163840,,275.687,0.159784,no_explicit_workspace,0
,attn_v,bf16,,,0.042801,0.060556,5120,0.009871999999999999,0.0208,.cache/task019/real-matrix/core/attn_v-m32.log,335544320,5120,1024,32,0.0,335544320,1024,1024,10485760,BF16,5120,1024,library_gemm,20,0,,0.0,,no_user_workspace_library_internal_in_free_after,0
,attn_v,q4g64,,,0.037452,0.060526,5120,0.007952,0.008512,.cache/task019/real-matrix/core/attn_v-m32.log,335544320,5120,1024,32,0.439453,41943040,128,1024,327680,BF16,5120,1024,bounded_unpack_gemm,20,20480,,1.43914,,no_user_workspace_library_internal_in_free_after,0
72,attn_v,nvfp4,33088864256,33099350016,251.32,252.603,5120,0.030736,0.038464,.cache/task019/real-matrix/core/attn_v-m512.log,5368709120,5120,1024,512,0.390625,5368709120,1024,1024,2621440,BF16,5120,1024,native_gemm,20,327680,5368709120,301.977,0.182045,cutlass_get_workspace_size,0
72,attn_v,nvfp4,33088864256,33099350016,0.0243815,0.032992,5120,0.012752,0.01488,.cache/task019/real-matrix/core/attn_v-m512.log,5368709120,5120,1024,512,0.390625,10485760,1024,1024,2621440,BF16,5120,1024,same_weight_bf16_gemv,20,327680,,301.977,0.182045,no_explicit_workspace,0
72,attn_v,mxfp4,33088864256,33099350016,243.12400000000002,243.255,5120,0.03208,0.041184,.cache/task019/real-matrix/core/attn_v-m512.log,5368709120,5120,1024,512,0.958008,5368709120,1024,1024,2621440,BF16,5120,1024,native_gemm,20,163840,5368709120,276.056,0.180363,cutlass_get_workspace_size,0
72,attn_v,mxfp4,33088864256,33099350016,0.027952,0.036439,5120,0.012303999999999999,0.014176,.cache/task019/real-matrix/core/attn_v-m512.log,5368709120,5120,1024,512,0.958008,10485760,1024,1024,2621440,BF16,5120,1024,same_weight_bf16_gemv,20,163840,,276.056,0.180363,no_explicit_workspace,0
,attn_v,bf16,,,0.3662315,0.375713,5120,0.035392,0.038752,.cache/task019/real-matrix/core/attn_v-m512.log,5368709120,5120,1024,512,0.0,5368709120,1024,1024,10485760,BF16,5120,1024,library_gemm,20,0,,0.0,,no_user_workspace_library_internal_in_free_after,0
,attn_v,q4g64,,,0.28155949999999996,0.284691,5120,0.015536000000000001,0.020032,.cache/task019/real-matrix/core/attn_v-m512.log,5368709120,5120,1024,512,0.439453,671088640,128,1024,327680,BF16,5120,1024,bounded_unpack_gemm,20,20480,,1.44785,,no_user_workspace_library_internal_in_free_after,0
72,attn_v,nvfp4,33093058560,33099350016,31.70615,31.7623,5120,0.026688,0.036224,.cache/task019/real-matrix/core/attn_v-m64.log,671088640,5120,1024,64,0.40625,671088640,1024,1024,2621440,BF16,5120,1024,native_gemm,20,327680,1342177280,302.07,0.164312,cutlass_get_workspace_size,0
72,attn_v,nvfp4,33093058560,33099350016,0.029470999999999997,0.033294,5120,0.012832,0.019008,.cache/task019/real-matrix/core/attn_v-m64.log,671088640,5120,1024,64,0.40625,10485760,1024,1024,2621440,BF16,5120,1024,same_weight_bf16_gemv,20,327680,,302.07,0.164312,no_explicit_workspace,0
72,attn_v,mxfp4,33093058560,33099350016,30.301949999999998,30.4276,5120,0.026288,0.02768,.cache/task019/real-matrix/core/attn_v-m64.log,671088640,5120,1024,64,0.958008,671088640,1024,1024,2621440,BF16,5120,1024,native_gemm,20,163840,1342177280,274.232,0.166676,cutlass_get_workspace_size,0
72,attn_v,mxfp4,33093058560,33099350016,0.0245675,0.029526,5120,0.013856,0.019072,.cache/task019/real-matrix/core/attn_v-m64.log,671088640,5120,1024,64,0.958008,10485760,1024,1024,2621440,BF16,5120,1024,same_weight_bf16_gemv,20,163840,,274.232,0.166676,no_explicit_workspace,0
,attn_v,bf16,,,0.06905649999999999,0.080914,5120,0.011664,0.01872,.cache/task019/real-matrix/core/attn_v-m64.log,671088640,5120,1024,64,0.0,671088640,1024,1024,10485760,BF16,5120,1024,library_gemm,20,0,,0.0,,no_user_workspace_library_internal_in_free_after,0
,attn_v,q4g64,,,0.062162499999999996,0.071306,5120,0.012656,0.01696,.cache/task019/real-matrix/core/attn_v-m64.log,671088640,5120,1024,64,0.439453,83886080,128,1024,327680,BF16,5120,1024,bounded_unpack_gemm,20,20480,,1.42799,,no_user_workspace_library_internal_in_free_after,0
72,attn_v,nvfp4,33093058560,33099350016,4.054365000000001,4.09194,5120,0.026175999999999998,0.027776,.cache/task019/real-matrix/core/attn_v-m8.log,83886080,5120,1024,8,0.390625,83886080,1024,1024,2621440,BF16,5120,1024,native_gemm,20,327680,1342177280,300.198,0.177297,cutlass_get_workspace_size,0
72,attn_v,nvfp4,33093058560,33099350016,0.0242255,0.030648,5120,0.013824,0.018816,.cache/task019/real-matrix/core/attn_v-m8.log,83886080,5120,1024,8,0.390625,10485760,1024,1024,2621440,BF16,5120,1024,same_weight_bf16_gemv,20,327680,,300.198,0.177297,no_explicit_workspace,0
72,attn_v,mxfp4,33093058560,33099350016,3.87152,3.8795,5120,0.026944000000000003,0.028192,.cache/task019/real-matrix/core/attn_v-m8.log,83886080,5120,1024,8,0.958008,83886080,1024,1024,2621440,BF16,5120,1024,native_gemm,20,163840,1342177280,274.205,0.163201,cutlass_get_workspace_size,0
72,attn_v,mxfp4,33093058560,33099350016,0.0243965,0.033413,5120,0.013776,0.014464,.cache/task019/real-matrix/core/attn_v-m8.log,83886080,5120,1024,8,0.958008,10485760,1024,1024,2621440,BF16,5120,1024,same_weight_bf16_gemv,20,163840,,274.205,0.163201,no_explicit_workspace,0
,attn_v,bf16,,,0.02394,0.034385,5120,0.008400000000000001,0.011744,.cache/task019/real-matrix/core/attn_v-m8.log,83886080,5120,1024,8,0.0,83886080,1024,1024,10485760,BF16,5120,1024,library_gemm,20,0,,0.0,,no_user_workspace_library_internal_in_free_after,0
,attn_v,q4g64,,,0.023224500000000002,0.035367,5120,0.008176,0.009344,.cache/task019/real-matrix/core/attn_v-m8.log,83886080,5120,1024,8,0.439453,10485760,128,1024,327680,BF16,5120,1024,bounded_unpack_gemm,20,20480,,1.43331,,no_user_workspace_library_internal_in_free_after,0
12,gdn_a,nvfp4,33097252864,33099350016,0.560154,0.584931,5120,0.026176,0.036576,.cache/task019/real-matrix/core/gdn_a-m1.log,491520,5120,48,1,0.53125,491520,48,48,122880,BF16,5120,48,native_gemm,20,40960,167772160,14.2171,0.026701,cutlass_get_workspace_size,0
12,gdn_a,nvfp4,33097252864,33099350016,0.019021,0.024647,5120,0.0073279999999999994,0.008352,.cache/task019/real-matrix/core/gdn_a-m1.log,491520,5120,48,1,0.53125,491520,48,48,122880,BF16,5120,48,same_weight_bf16_gemv,20,40960,,14.2171,0.026701,no_explicit_workspace,0
12,gdn_a,mxfp4,33097252864,33099350016,0.5196775,0.532012,5120,0.025568,0.033792,.cache/task019/real-matrix/core/gdn_a-m1.log,491520,5120,48,1,0.640625,491520,48,48,122880,BF16,5120,48,native_gemm,20,20480,167772160,12.8472,0.022772,cutlass_get_workspace_size,0
12,gdn_a,mxfp4,33097252864,33099350016,0.0186905,0.030768,5120,0.00784,0.011968,.cache/task019/real-matrix/core/gdn_a-m1.log,491520,5120,48,1,0.640625,491520,48,48,122880,BF16,5120,48,same_weight_bf16_gemv,20,20480,,12.8472,0.022772,no_explicit_workspace,0
,gdn_a,bf16,,,0.017394,0.03102,5120,0.0070880000000000006,0.010368,.cache/task019/real-matrix/core/gdn_a-m1.log,491520,5120,48,1,0.0,491520,48,48,491520,BF16,5120,48,library_gemm,20,0,,0.0,,no_user_workspace_library_internal_in_free_after,0
,gdn_a,q4g64,,,0.019091,0.02628,5120,0.008639999999999998,0.010816,.cache/task019/real-matrix/core/gdn_a-m1.log,491520,5120,48,1,0.25,491520,48,48,122880,BF16,5120,48,bounded_unpack_gemm,20,7680,,0.540797,,no_user_workspace_library_internal_in_free_after,0
72,gdn_a,nvfp4,33093058560,33099350016,506.44,513.863,5120,0.045072,0.058176,.cache/task019/real-matrix/core/gdn_a-m1024.log,503316480,5120,48,1024,0.53125,503316480,48,48,122880,BF16,5120,48,native_gemm,20,40960,1342177280,14.1431,0.028615,cutlass_get_workspace_size,0
72,gdn_a,nvfp4,33093058560,33099350016,0.0241755,0.025259,5120,0.006288,0.007968,.cache/task019/real-matrix/core/gdn_a-m1024.log,503316480,5120,48,1024,0.53125,491520,48,48,122880,BF16,5120,48,same_weight_bf16_gemv,20,40960,,14.1431,0.028615,no_explicit_workspace,0
72,gdn_a,mxfp4,33093058560,33099350016,484.6405,486.258,5120,0.03808,0.043904,.cache/task019/real-matrix/core/gdn_a-m1024.log,503316480,5120,48,1024,0.640625,503316480,48,48,122880,BF16,5120,48,native_gemm,20,20480,1342177280,12.8576,0.042651,cutlass_get_workspace_size,0
72,gdn_a,mxfp4,33093058560,33099350016,0.01811,0.018906,5120,0.007808,0.008576,.cache/task019/real-matrix/core/gdn_a-m1024.log,503316480,5120,48,1024,0.640625,491520,48,48,122880,BF16,5120,48,same_weight_bf16_gemv,20,20480,,12.8576,0.042651,no_explicit_workspace,0
,gdn_a,bf16,,,0.4970095,0.502524,5120,0.012672,0.01376,.cache/task019/real-matrix/core/gdn_a-m1024.log,503316480,5120,48,1024,0.0,503316480,48,48,491520,BF16,5120,48,library_gemm,20,0,,0.0,,no_user_workspace_library_internal_in_free_after,0
,gdn_a,q4g64,,,0.5012225,0.511693,5120,0.016592,0.018592,.cache/task019/real-matrix/core/gdn_a-m1024.log,503316480,5120,48,1024,0.445312,503316480,48,48,122880,BF16,5120,48,bounded_unpack_gemm,20,7680,,0.534556,,no_user_workspace_library_internal_in_free_after,0
72,gdn_a,nvfp4,33097252864,33099350016,63.20535,63.2506,5120,0.025792,0.027072,.cache/task019/real-matrix/core/gdn_a-m128.log,62914560,5120,48,128,0.53125,62914560,48,48,122880,BF16,5120,48,native_gemm,20,40960,167772160,14.0747,0.027052,cutlass_get_workspace_size,0
72,gdn_a,nvfp4,33097252864,33099350016,0.0182095,0.027763,5120,0.007712,0.008096,.cache/task019/real-matrix/core/gdn_a-m128.log,62914560,5120,48,128,0.53125,491520,48,48,122880,BF16,5120,48,same_weight_bf16_gemv,20,40960,,14.0747,0.027052,no_explicit_workspace,0
72,gdn_a,mxfp4,33097252864,33099350016,60.7155,60.7482,5120,0.027072,0.036864,.cache/task019/real-matrix/core/gdn_a-m128.log,62914560,5120,48,128,0.640625,62914560,48,48,122880,BF16,5120,48,native_gemm,20,20480,167772160,12.8253,0.024757,cutlass_get_workspace_size,0
72,gdn_a,mxfp4,33097252864,33099350016,0.0243465,0.028244,5120,0.00648,0.007808,.cache/task019/real-matrix/core/gdn_a-m128.log,62914560,5120,48,128,0.640625,491520,48,48,122880,BF16,5120,48,same_weight_bf16_gemv,20,20480,,12.8253,0.024757,no_explicit_workspace,0
,gdn_a,bf16,,,0.093212,0.106593,5120,0.012048,0.012672,.cache/task019/real-matrix/core/gdn_a-m128.log,62914560,5120,48,128,0.0,62914560,48,48,491520,BF16,5120,48,library_gemm,20,0,,0.0,,no_user_workspace_library_internal_in_free_after,0
,gdn_a,q4g64,,,0.094885,0.104158,5120,0.012672,0.014208,.cache/task019/real-matrix/core/gdn_a-m128.log,62914560,5120,48,128,0.445312,62914560,48,48,122880,BF16,5120,48,bounded_unpack_gemm,20,7680,,0.523856,,no_user_workspace_library_internal_in_free_after,0
24,gdn_a,nvfp4,33097252864,33099350016,1.0580349999999998,1.08849,5120,0.025744,0.026464,.cache/task019/real-matrix/core/gdn_a-m2.log,983040,5120,48,2,0.53125,983040,48,48,122880,BF16,5120,48,native_gemm,20,40960,167772160,14.1297,0.026649,cutlass_get_workspace_size,0
24,gdn_a,nvfp4,33097252864,33099350016,0.019062000000000003,0.026772,5120,0.007984,0.008992,.cache/task019/real-matrix/core/gdn_a-m2.log,983040,5120,48,2,0.53125,491520,48,48,122880,BF16,5120,48,same_weight_bf16_gemv,20,40960,,14.1297,0.026649,no_explicit_workspace,0
24,gdn_a,mxfp4,33097252864,33099350016,1.01373,1.0319,5120,0.031552000000000004,0.037344,.cache/task019/real-matrix/core/gdn_a-m2.log,983040,5120,48,2,0.640625,983040,48,48,122880,BF16,5120,48,native_gemm,20,20480,167772160,12.9014,0.023344,cutlass_get_workspace_size,0
24,gdn_a,mxfp4,33097252864,33099350016,0.0232045,0.026921,5120,0.006592,0.013024,.cache/task019/real-matrix/core/gdn_a-m2.log,983040,5120,48,2,0.640625,491520,48,48,122880,BF16,5120,48,same_weight_bf16_gemv,20,20480,,12.9014,0.023344,no_explicit_workspace,0
,gdn_a,bf16,,,0.0341645,0.05741,5120,0.022768,0.031936,.cache/task019/real-matrix/core/gdn_a-m2.log,983040,5120,48,2,0.0,983040,48,48,491520,BF16,5120,48,library_gemm,20,0,,0.0,,no_user_workspace_library_internal_in_free_after,0
,gdn_a,q4g64,,,0.036324499999999996,0.050607,5120,0.024592000000000003,0.034112,.cache/task019/real-matrix/core/gdn_a-m2.log,983040,5120,48,2,0.25,983040,48,48,122880,BF16,5120,48,bounded_unpack_gemm,20,7680,,0.545206,,no_user_workspace_library_internal_in_free_after,0
72,gdn_a,nvfp4,33097252864,33099350016,126.4675,126.559,5120,0.030032,0.031424,.cache/task019/real-matrix/core/gdn_a-m256.log,125829120,5120,48,256,0.53125,125829120,48,48,122880,BF16,5120,48,native_gemm,20,40960,335544320,14.148,0.026068,cutlass_get_workspace_size,0
72,gdn_a,nvfp4,33097252864,33099350016,0.0241,0.033824,5120,0.006352,0.008704,.cache/task019/real-matrix/core/gdn_a-m256.log,125829120,5120,48,256,0.53125,491520,48,48,122880,BF16,5120,48,same_weight_bf16_gemv,20,40960,,14.148,0.026068,no_explicit_workspace,0
72,gdn_a,mxfp4,33097252864,33099350016,121.39150000000001,121.467,5120,0.027136,0.028384,.cache/task019/real-matrix/core/gdn_a-m256.log,125829120,5120,48,256,0.640625,125829120,48,48,122880,BF16,5120,48,native_gemm,20,20480,335544320,12.8516,0.025318,cutlass_get_workspace_size,0
72,gdn_a,mxfp4,33097252864,33099350016,0.0182995,0.033574,5120,0.0076159999999999995,0.008832,.cache/task019/real-matrix/core/gdn_a-m256.log,125829120,5120,48,256,0.640625,491520,48,48,122880,BF16,5120,48,same_weight_bf16_gemv,20,20480,,12.8516,0.025318,no_explicit_workspace,0
,gdn_a,bf16,,,0.14836749999999999,0.161586,5120,0.012064,0.014784,.cache/task019/real-matrix/core/gdn_a-m256.log,125829120,5120,48,256,0.0,125829120,48,48,491520,BF16,5120,48,library_gemm,20,0,,0.0,,no_user_workspace_library_internal_in_free_after,0
,gdn_a,q4g64,,,0.149439,0.1629,5120,0.014128,0.016672,.cache/task019/real-matrix/core/gdn_a-m256.log,125829120,5120,48,256,0.445312,125829120,48,48,122880,BF16,5120,48,bounded_unpack_gemm,20,7680,,0.536889,,no_user_workspace_library_internal_in_free_after,0
72,gdn_a,nvfp4,33097252864,33099350016,15.889949999999999,15.9497,5120,0.026096,0.026752,.cache/task019/real-matrix/core/gdn_a-m32.log,15728640,5120,48,32,0.578125,15728640,48,48,122880,BF16,5120,48,native_gemm,20,40960,167772160,14.0682,0.025299,cutlass_get_workspace_size,0
72,gdn_a,nvfp4,33097252864,33099350016,0.019001,0.030407,5120,0.008176,0.008704,.cache/task019/real-matrix/core/gdn_a-m32.log,15728640,5120,48,32,0.578125,491520,48,48,122880,BF16,5120,48,same_weight_bf16_gemv,20,40960,,14.0682,0.025299,no_explicit_workspace,0
72,gdn_a,mxfp4,33097252864,33099350016,15.2592,15.3178,5120,0.026416,0.036736,.cache/task019/real-matrix/core/gdn_a-m32.log,15728640,5120,48,32,0.640625,15728640,48,48,122880,BF16,5120,48,native_gemm,20,20480,167772160,12.8651,0.025808,cutlass_get_workspace_size,0
72,gdn_a,mxfp4,33097252864,33099350016,0.024431,0.031409,5120,0.006512,0.013088,.cache/task019/real-matrix/core/gdn_a-m32.log,15728640,5120,48,32,0.640625,491520,48,48,122880,BF16,5120,48,same_weight_bf16_gemv,20,20480,,12.8651,0.025808,no_explicit_workspace,0
,gdn_a,bf16,,,0.0345755,0.060866,5120,0.0056159999999999995,0.019776,.cache/task019/real-matrix/core/gdn_a-m32.log,15728640,5120,48,32,0.0,15728640,48,48,491520,BF16,5120,48,library_gemm,20,0,,0.0,,no_user_workspace_library_internal_in_free_after,0
,gdn_a,q4g64,,,0.0367745,0.057289,5120,0.008272,0.022528,.cache/task019/real-matrix/core/gdn_a-m32.log,15728640,5120,48,32,0.53125,15728640,48,48,122880,BF16,5120,48,bounded_unpack_gemm,20,7680,,0.537631,,no_user_workspace_library_internal_in_free_after,0
72,gdn_a,nvfp4,33097252864,33099350016,252.923,253.271,5120,0.039264,0.044992,.cache/task019/real-matrix/core/gdn_a-m512.log,251658240,5120,48,512,0.53125,251658240,48,48,122880,BF16,5120,48,native_gemm,20,40960,671088640,14.044,0.029636,cutlass_get_workspace_size,0
72,gdn_a,nvfp4,33097252864,33099350016,0.018776,0.036219,5120,0.007824,0.012,.cache/task019/real-matrix/core/gdn_a-m512.log,251658240,5120,48,512,0.53125,491520,48,48,122880,BF16,5120,48,same_weight_bf16_gemv,20,40960,,14.044,0.029636,no_explicit_workspace,0
72,gdn_a,mxfp4,33097252864,33099350016,242.27499999999998,243.312,5120,0.030656,0.038368,.cache/task019/real-matrix/core/gdn_a-m512.log,251658240,5120,48,512,0.726562,251658240,48,48,122880,BF16,5120,48,native_gemm,20,20480,671088640,12.9023,0.026891,cutlass_get_workspace_size,0
72,gdn_a,mxfp4,33097252864,33099350016,0.01849,0.030258,5120,0.007616,0.00832,.cache/task019/real-matrix/core/gdn_a-m512.log,251658240,5120,48,512,0.726562,491520,48,48,122880,BF16,5120,48,same_weight_bf16_gemv,20,20480,,12.9023,0.026891,no_explicit_workspace,0
,gdn_a,bf16,,,0.2732945,0.281715,5120,0.011264,0.0136,.cache/task019/real-matrix/core/gdn_a-m512.log,251658240,5120,48,512,0.0,251658240,48,48,491520,BF16,5120,48,library_gemm,20,0,,0.0,,no_user_workspace_library_internal_in_free_after,0
,gdn_a,q4g64,,,0.26624099999999995,0.277327,5120,0.012095999999999999,0.014304,.cache/task019/real-matrix/core/gdn_a-m512.log,251658240,5120,48,512,0.445312,251658240,48,48,122880,BF16,5120,48,bounded_unpack_gemm,20,7680,,0.534486,,no_user_workspace_library_internal_in_free_after,0
72,gdn_a,nvfp4,33097252864,33099350016,31.7025,31.7401,5120,0.026160000000000003,0.036672,.cache/task019/real-matrix/core/gdn_a-m64.log,31457280,5120,48,64,0.53125,31457280,48,48,122880,BF16,5120,48,native_gemm,20,40960,167772160,14.1441,0.025929,cutlass_get_workspace_size,0
72,gdn_a,nvfp4,33097252864,33099350016,0.019122,0.031099,5120,0.007024,0.008576,.cache/task019/real-matrix/core/gdn_a-m64.log,31457280,5120,48,64,0.53125,491520,48,48,122880,BF16,5120,48,same_weight_bf16_gemv,20,40960,,14.1441,0.025929,no_explicit_workspace,0
72,gdn_a,mxfp4,33097252864,33099350016,30.314,30.3422,5120,0.025984,0.0272,.cache/task019/real-matrix/core/gdn_a-m64.log,31457280,5120,48,64,0.765625,31457280,48,48,122880,BF16,5120,48,native_gemm,20,20480,167772160,12.892,0.024737,cutlass_get_workspace_size,0
72,gdn_a,mxfp4,33097252864,33099350016,0.018099999999999998,0.019838,5120,0.00784,0.008512,.cache/task019/real-matrix/core/gdn_a-m64.log,31457280,5120,48,64,0.765625,491520,48,48,122880,BF16,5120,48,same_weight_bf16_gemv,20,20480,,12.892,0.024737,no_explicit_workspace,0
,gdn_a,bf16,,,0.058691,0.073259,5120,0.007856,0.019008,.cache/task019/real-matrix/core/gdn_a-m64.log,31457280,5120,48,64,0.0,31457280,48,48,491520,BF16,5120,48,library_gemm,20,0,,0.0,,no_user_workspace_library_internal_in_free_after,0
,gdn_a,q4g64,,,0.0562115,0.071526,5120,0.007872,0.017536,.cache/task019/real-matrix/core/gdn_a-m64.log,31457280,5120,48,64,0.445312,31457280,48,48,122880,BF16,5120,48,bounded_unpack_gemm,20,7680,,0.533644,,no_user_workspace_library_internal_in_free_after,0
72,gdn_a,nvfp4,33097252864,33099350016,4.051305,4.08164,5120,0.025824,0.0352,.cache/task019/real-matrix/core/gdn_a-m8.log,3932160,5120,48,8,0.53125,3932160,48,48,122880,BF16,5120,48,native_gemm,20,40960,167772160,14.1079,0.024817,cutlass_get_workspace_size,0
72,gdn_a,nvfp4,33097252864,33099350016,0.0183655,0.030197,5120,0.0076,0.008448,.cache/task019/real-matrix/core/gdn_a-m8.log,3932160,5120,48,8,0.53125,491520,48,48,122880,BF16,5120,48,same_weight_bf16_gemv,20,40960,,14.1079,0.024817,no_explicit_workspace,0
72,gdn_a,mxfp4,33097252864,33099350016,3.85952,3.86818,5120,0.026016,0.027808,.cache/task019/real-matrix/core/gdn_a-m8.log,3932160,5120,48,8,0.640625,3932160,48,48,122880,BF16,5120,48,native_gemm,20,20480,167772160,12.8546,0.022933,cutlass_get_workspace_size,0
72,gdn_a,mxfp4,33097252864,33099350016,0.018660999999999997,0.025188,5120,0.007648,0.012544,.cache/task019/real-matrix/core/gdn_a-m8.log,3932160,5120,48,8,0.640625,491520,48,48,122880,BF16,5120,48,same_weight_bf16_gemv,20,20480,,12.8546,0.022933,no_explicit_workspace,0
,gdn_a,bf16,,,0.036594,0.049475,5120,0.02232,0.031968,.cache/task019/real-matrix/core/gdn_a-m8.log,3932160,5120,48,8,0.0,3932160,48,48,491520,BF16,5120,48,library_gemm,20,0,,0.0,,no_user_workspace_library_internal_in_free_after,0
,gdn_a,q4g64,,,0.037401000000000004,0.045286,5120,0.02296,0.026304,.cache/task019/real-matrix/core/gdn_a-m8.log,3932160,5120,48,8,0.445312,3932160,48,48,122880,BF16,5120,48,bounded_unpack_gemm,20,7680,,0.532762,,no_user_workspace_library_internal_in_free_after,0
12,gdn_b,nvfp4,33097252864,33099350016,0.5484915,0.565404,5120,0.025792,0.0272,.cache/task019/real-matrix/core/gdn_b-m1.log,491520,5120,48,1,0.25,491520,48,48,122880,BF16,5120,48,native_gemm,20,40960,167772160,14.0088,0.024115,cutlass_get_workspace_size,0
12,gdn_b,nvfp4,33097252864,33099350016,0.018675499999999998,0.019316,5120,0.007776,0.00816,.cache/task019/real-matrix/core/gdn_b-m1.log,491520,5120,48,1,0.25,491520,48,48,122880,BF16,5120,48,same_weight_bf16_gemv,20,40960,,14.0088,0.024115,no_explicit_workspace,0
12,gdn_b,mxfp4,33097252864,33099350016,0.518375,0.545646,5120,0.026432,0.037152,.cache/task019/real-matrix/core/gdn_b-m1.log,491520,5120,48,1,0.53125,491520,48,48,122880,BF16,5120,48,native_gemm,20,20480,167772160,12.8555,0.023865,cutlass_get_workspace_size,0
12,gdn_b,mxfp4,33097252864,33099350016,0.023219999999999998,0.027382,5120,0.0065439999999999995,0.01472,.cache/task019/real-matrix/core/gdn_b-m1.log,491520,5120,48,1,0.53125,491520,48,48,122880,BF16,5120,48,same_weight_bf16_gemv,20,20480,,12.8555,0.023865,no_explicit_workspace,0
,gdn_b,bf16,,,0.017287999999999998,0.020008,5120,0.006992,0.008576,.cache/task019/real-matrix/core/gdn_b-m1.log,491520,5120,48,1,0.0,491520,48,48,491520,BF16,5120,48,library_gemm,20,0,,0.0,,no_user_workspace_library_internal_in_free_after,0
,gdn_b,q4g64,,,0.019166500000000003,0.031269,5120,0.009007999999999999,0.011872,.cache/task019/real-matrix/core/gdn_b-m1.log,491520,5120,48,1,0.140625,491520,48,48,122880,BF16,5120,48,bounded_unpack_gemm,20,7680,,0.53673,,no_user_workspace_library_internal_in_free_after,0
72,gdn_b,nvfp4,33093058560,33099350016,503.04449999999997,505.015,5120,0.032576,0.038464,.cache/task019/real-matrix/core/gdn_b-m1024.log,503316480,5120,48,1024,0.275513,503316480,48,48,122880,BF16,5120,48,native_gemm,20,40960,1342177280,14.0106,0.024516,cutlass_get_workspace_size,0
72,gdn_b,nvfp4,33093058560,33099350016,0.0184255,0.033714,5120,0.007632,0.012544,.cache/task019/real-matrix/core/gdn_b-m1024.log,503316480,5120,48,1024,0.275513,491520,48,48,122880,BF16,5120,48,same_weight_bf16_gemv,20,40960,,14.0106,0.024516,no_explicit_workspace,0
72,gdn_b,mxfp4,33093058560,33099350016,484.7215,485.159,5120,0.031408000000000005,0.03856,.cache/task019/real-matrix/core/gdn_b-m1024.log,503316480,5120,48,1024,0.53125,503316480,48,48,122880,BF16,5120,48,native_gemm,20,20480,1342177280,12.7975,0.033284,cutlass_get_workspace_size,0
72,gdn_b,mxfp4,33093058560,33099350016,0.0188805,0.029967,5120,0.0068000000000000005,0.00832,.cache/task019/real-matrix/core/gdn_b-m1024.log,503316480,5120,48,1024,0.53125,491520,48,48,122880,BF16,5120,48,same_weight_bf16_gemv,20,20480,,12.7975,0.033284,no_explicit_workspace,0
,gdn_b,bf16,,,0.497255,0.528965,5120,0.012719999999999999,0.01728,.cache/task019/real-matrix/core/gdn_b-m1024.log,503316480,5120,48,1024,0.0,503316480,48,48,491520,BF16,5120,48,library_gemm,20,0,,0.0,,no_user_workspace_library_internal_in_free_after,0
,gdn_b,q4g64,,,0.49954350000000003,0.502835,5120,0.015936,0.017408,.cache/task019/real-matrix/core/gdn_b-m1024.log,503316480,5120,48,1024,0.203125,503316480,48,48,122880,BF16,5120,48,bounded_unpack_gemm,20,7680,,0.542561,,no_user_workspace_library_internal_in_free_after,0
72,gdn_b,nvfp4,33097252864,33099350016,63.211200000000005,63.236,5120,0.02664,0.036736,.cache/task019/real-matrix/core/gdn_b-m128.log,62914560,5120,48,128,0.275513,62914560,48,48,122880,BF16,5120,48,native_gemm,20,40960,167772160,14.0363,0.025948,cutlass_get_workspace_size,0
72,gdn_b,nvfp4,33097252864,33099350016,0.0190205,0.024667,5120,0.006784,0.008352,.cache/task019/real-matrix/core/gdn_b-m128.log,62914560,5120,48,128,0.275513,491520,48,48,122880,BF16,5120,48,same_weight_bf16_gemv,20,40960,,14.0363,0.025948,no_explicit_workspace,0
72,gdn_b,mxfp4,33097252864,33099350016,60.84965,60.9324,5120,0.026192,0.027776,.cache/task019/real-matrix/core/gdn_b-m128.log,62914560,5120,48,128,0.53125,62914560,48,48,122880,BF16,5120,48,native_gemm,20,20480,167772160,12.9651,0.024016,cutlass_get_workspace_size,0
72,gdn_b,mxfp4,33097252864,33099350016,0.018154,0.019386,5120,0.007776,0.008352,.cache/task019/real-matrix/core/gdn_b-m128.log,62914560,5120,48,128,0.53125,491520,48,48,122880,BF16,5120,48,same_weight_bf16_gemv,20,20480,,12.9651,0.024016,no_explicit_workspace,0
,gdn_b,bf16,,,0.0934875,0.105802,5120,0.011072,0.01408,.cache/task019/real-matrix/core/gdn_b-m128.log,62914560,5120,48,128,0.0,62914560,48,48,491520,BF16,5120,48,library_gemm,20,0,,0.0,,no_user_workspace_library_internal_in_free_after,0
,gdn_b,q4g64,,,0.094098,0.103146,5120,0.012351999999999998,0.015488,.cache/task019/real-matrix/core/gdn_b-m128.log,62914560,5120,48,128,0.210938,62914560,48,48,122880,BF16,5120,48,bounded_unpack_gemm,20,7680,,0.539414,,no_user_workspace_library_internal_in_free_after,0
24,gdn_b,nvfp4,33097252864,33099350016,1.0529950000000001,1.06332,5120,0.025872,0.036256,.cache/task019/real-matrix/core/gdn_b-m2.log,983040,5120,48,2,0.275513,983040,48,48,122880,BF16,5120,48,native_gemm,20,40960,167772160,13.978,0.025789,cutlass_get_workspace_size,0
24,gdn_b,nvfp4,33097252864,33099350016,0.019847999999999998,0.032312,5120,0.007104,0.008768,.cache/task019/real-matrix/core/gdn_b-m2.log,983040,5120,48,2,0.275513,491520,48,48,122880,BF16,5120,48,same_weight_bf16_gemv,20,40960,,13.978,0.025789,no_explicit_workspace,0
24,gdn_b,mxfp4,33097252864,33099350016,1.0131899999999998,1.03094,5120,0.026272,0.031424,.cache/task019/real-matrix/core/gdn_b-m2.log,983040,5120,48,2,0.53125,983040,48,48,122880,BF16,5120,48,native_gemm,20,20480,167772160,12.9418,0.023244,cutlass_get_workspace_size,0
24,gdn_b,mxfp4,33097252864,33099350016,0.018199,0.025739,5120,0.007696,0.00912,.cache/task019/real-matrix/core/gdn_b-m2.log,983040,5120,48,2,0.53125,491520,48,48,122880,BF16,5120,48,same_weight_bf16_gemv,20,20480,,12.9418,0.023244,no_explicit_workspace,0
,gdn_b,bf16,,,0.035858,0.046418,5120,0.021376,0.0248,.cache/task019/real-matrix/core/gdn_b-m2.log,983040,5120,48,2,0.0,983040,48,48,491520,BF16,5120,48,library_gemm,20,0,,0.0,,no_user_workspace_library_internal_in_free_after,0
,gdn_b,q4g64,,,0.038578,0.052449,5120,0.021088,0.029152,.cache/task019/real-matrix/core/gdn_b-m2.log,983040,5120,48,2,0.195312,983040,48,48,122880,BF16,5120,48,bounded_unpack_gemm,20,7680,,0.538734,,no_user_workspace_library_internal_in_free_after,0
72,gdn_b,nvfp4,33097252864,33099350016,126.2405,126.547,5120,0.030208,0.030976,.cache/task019/real-matrix/core/gdn_b-m256.log,125829120,5120,48,256,0.296875,125829120,48,48,122880,BF16,5120,48,native_gemm,20,40960,335544320,14.1594,0.025518,cutlass_get_workspace_size,0
72,gdn_b,nvfp4,33097252864,33099350016,0.019076000000000003,0.030328,5120,0.00808,0.008576,.cache/task019/real-matrix/core/gdn_b-m256.log,125829120,5120,48,256,0.296875,491520,48,48,122880,BF16,5120,48,same_weight_bf16_gemv,20,40960,,14.1594,0.025518,no_explicit_workspace,0
72,gdn_b,mxfp4,33097252864,33099350016,120.9845,121.172,5120,0.026591999999999998,0.036896,.cache/task019/real-matrix/core/gdn_b-m256.log,125829120,5120,48,256,0.53125,125829120,48,48,122880,BF16,5120,48,native_gemm,20,20480,335544320,12.8847,0.025539,cutlass_get_workspace_size,0
72,gdn_b,mxfp4,33097252864,33099350016,0.01872,0.03151,5120,0.007776,0.008256,.cache/task019/real-matrix/core/gdn_b-m256.log,125829120,5120,48,256,0.53125,491520,48,48,122880,BF16,5120,48,same_weight_bf16_gemv,20,20480,,12.8847,0.025539,no_explicit_workspace,0
,gdn_b,bf16,,,0.148117,0.163751,5120,0.013456,0.014496,.cache/task019/real-matrix/core/gdn_b-m256.log,125829120,5120,48,256,0.0,125829120,48,48,491520,BF16,5120,48,library_gemm,20,0,,0.0,,no_user_workspace_library_internal_in_free_after,0
,gdn_b,q4g64,,,0.14788099999999998,0.165916,5120,0.013376,0.016224,.cache/task019/real-matrix/core/gdn_b-m256.log,125829120,5120,48,256,0.335938,125829120,48,48,122880,BF16,5120,48,bounded_unpack_gemm,20,7680,,0.52648,,no_user_workspace_library_internal_in_free_after,0
72,gdn_b,nvfp4,33097252864,33099350016,15.8783,15.9294,5120,0.026528,0.036928,.cache/task019/real-matrix/core/gdn_b-m32.log,15728640,5120,48,32,0.34375,15728640,48,48,122880,BF16,5120,48,native_gemm,20,40960,167772160,14.1195,0.027642,cutlass_get_workspace_size,0
72,gdn_b,nvfp4,33097252864,33099350016,0.01865,0.025259,5120,0.00752,0.013024,.cache/task019/real-matrix/core/gdn_b-m32.log,15728640,5120,48,32,0.34375,491520,48,48,122880,BF16,5120,48,same_weight_bf16_gemv,20,40960,,14.1195,0.027642,no_explicit_workspace,0
72,gdn_b,mxfp4,33097252864,33099350016,15.22425,15.2978,5120,0.026576000000000002,0.027616,.cache/task019/real-matrix/core/gdn_b-m32.log,15728640,5120,48,32,0.53125,15728640,48,48,122880,BF16,5120,48,native_gemm,20,20480,167772160,12.8351,0.023384,cutlass_get_workspace_size,0
72,gdn_b,mxfp4,33097252864,33099350016,0.0186905,0.019177,5120,0.008192,0.008512,.cache/task019/real-matrix/core/gdn_b-m32.log,15728640,5120,48,32,0.53125,491520,48,48,122880,BF16,5120,48,same_weight_bf16_gemv,20,20480,,12.8351,0.023384,no_explicit_workspace,0
,gdn_b,bf16,,,0.034460500000000005,0.045406,5120,0.005504,0.006336,.cache/task019/real-matrix/core/gdn_b-m32.log,15728640,5120,48,32,0.0,15728640,48,48,491520,BF16,5120,48,library_gemm,20,0,,0.0,,no_user_workspace_library_internal_in_free_after,0
,gdn_b,q4g64,,,0.03697,0.057159,5120,0.008192,0.022496,.cache/task019/real-matrix/core/gdn_b-m32.log,15728640,5120,48,32,0.195312,15728640,48,48,122880,BF16,5120,48,bounded_unpack_gemm,20,7680,,0.534205,,no_user_workspace_library_internal_in_free_after,0
72,gdn_b,nvfp4,33097252864,33099350016,252.7645,252.933,5120,0.030272,0.031552,.cache/task019/real-matrix/core/gdn_b-m512.log,251658240,5120,48,512,0.390625,251658240,48,48,122880,BF16,5120,48,native_gemm,20,40960,671088640,14.0463,0.024798,cutlass_get_workspace_size,0
72,gdn_b,nvfp4,33097252864,33099350016,0.023955999999999998,0.037842,5120,0.0064,0.00816,.cache/task019/real-matrix/core/gdn_b-m512.log,251658240,5120,48,512,0.390625,491520,48,48,122880,BF16,5120,48,same_weight_bf16_gemv,20,40960,,14.0463,0.024798,no_explicit_workspace,0
72,gdn_b,mxfp4,33097252864,33099350016,242.826,243.348,5120,0.030511999999999997,0.03968,.cache/task019/real-matrix/core/gdn_b-m512.log,251658240,5120,48,512,0.53125,251658240,48,48,122880,BF16,5120,48,native_gemm,20,20480,671088640,12.8435,0.0267,cutlass_get_workspace_size,0
72,gdn_b,mxfp4,33097252864,33099350016,0.018635,0.029175,5120,0.007856,0.008544,.cache/task019/real-matrix/core/gdn_b-m512.log,251658240,5120,48,512,0.53125,491520,48,48,122880,BF16,5120,48,same_weight_bf16_gemv,20,20480,,12.8435,0.0267,no_explicit_workspace,0
,gdn_b,bf16,,,0.2673985,0.275363,5120,0.00928,0.013216,.cache/task019/real-matrix/core/gdn_b-m512.log,251658240,5120,48,512,0.0,251658240,48,48,491520,BF16,5120,48,library_gemm,20,0,,0.0,,no_user_workspace_library_internal_in_free_after,0
,gdn_b,q4g64,,,0.2683155,0.277617,5120,0.010992,0.013408,.cache/task019/real-matrix/core/gdn_b-m512.log,251658240,5120,48,512,0.234375,251658240,48,48,122880,BF16,5120,48,bounded_unpack_gemm,20,7680,,0.531409,,no_user_workspace_library_internal_in_free_after,0
72,gdn_b,nvfp4,33097252864,33099350016,31.713,31.7955,5120,0.026112,0.027904,.cache/task019/real-matrix/core/gdn_b-m64.log,31457280,5120,48,64,0.4375,31457280,48,48,122880,BF16,5120,48,native_gemm,20,40960,167772160,14.1448,0.024756,cutlass_get_workspace_size,0
72,gdn_b,nvfp4,33097252864,33099350016,0.018195,0.019187,5120,0.007648,0.008192,.cache/task019/real-matrix/core/gdn_b-m64.log,31457280,5120,48,64,0.4375,491520,48,48,122880,BF16,5120,48,same_weight_bf16_gemv,20,40960,,14.1448,0.024756,no_explicit_workspace,0
72,gdn_b,mxfp4,33097252864,33099350016,30.4059,30.5662,5120,0.026736,0.03712,.cache/task019/real-matrix/core/gdn_b-m64.log,31457280,5120,48,64,0.53125,31457280,48,48,122880,BF16,5120,48,native_gemm,20,20480,167772160,12.9542,0.023164,cutlass_get_workspace_size,0
72,gdn_b,mxfp4,33097252864,33099350016,0.0243015,0.027984,5120,0.006384000000000001,0.008192,.cache/task019/real-matrix/core/gdn_b-m64.log,31457280,5120,48,64,0.53125,491520,48,48,122880,BF16,5120,48,same_weight_bf16_gemv,20,20480,,12.9542,0.023164,no_explicit_workspace,0
,gdn_b,bf16,,,0.056121,0.066837,5120,0.007792,0.014752,.cache/task019/real-matrix/core/gdn_b-m64.log,31457280,5120,48,64,0.0,31457280,48,48,491520,BF16,5120,48,library_gemm,20,0,,0.0,,no_user_workspace_library_internal_in_free_after,0
,gdn_b,q4g64,,,0.056597499999999995,0.079811,5120,0.007872,0.018048,.cache/task019/real-matrix/core/gdn_b-m64.log,31457280,5120,48,64,0.195312,31457280,48,48,122880,BF16,5120,48,bounded_unpack_gemm,20,7680,,0.535507,,no_user_workspace_library_internal_in_free_after,0
72,gdn_b,nvfp4,33097252864,33099350016,4.040915,4.0591,5120,0.025888,0.027136,.cache/task019/real-matrix/core/gdn_b-m8.log,3932160,5120,48,8,0.275513,3932160,48,48,122880,BF16,5120,48,native_gemm,20,40960,167772160,14.0167,0.032101,cutlass_get_workspace_size,0
72,gdn_b,nvfp4,33097252864,33099350016,0.018125000000000002,0.018665,5120,0.007488,0.008096,.cache/task019/real-matrix/core/gdn_b-m8.log,3932160,5120,48,8,0.275513,491520,48,48,122880,BF16,5120,48,same_weight_bf16_gemv,20,40960,,14.0167,0.032101,no_explicit_workspace,0
72,gdn_b,mxfp4,33097252864,33099350016,3.899365,3.96978,5120,0.026768,0.036736,.cache/task019/real-matrix/core/gdn_b-m8.log,3932160,5120,48,8,0.53125,3932160,48,48,122880,BF16,5120,48,native_gemm,20,20480,167772160,13.0084,0.022453,cutlass_get_workspace_size,0
72,gdn_b,mxfp4,33097252864,33099350016,0.023801,0.031018,5120,0.006416,0.008032,.cache/task019/real-matrix/core/gdn_b-m8.log,3932160,5120,48,8,0.53125,491520,48,48,122880,BF16,5120,48,same_weight_bf16_gemv,20,20480,,13.0084,0.022453,no_explicit_workspace,0
,gdn_b,bf16,,,0.0365495,0.048973,5120,0.022224,0.025312,.cache/task019/real-matrix/core/gdn_b-m8.log,3932160,5120,48,8,0.0,3932160,48,48,491520,BF16,5120,48,library_gemm,20,0,,0.0,,no_user_workspace_library_internal_in_free_after,0
,gdn_b,q4g64,,,0.037346,0.043171,5120,0.023184,0.024544,.cache/task019/real-matrix/core/gdn_b-m8.log,3932160,5120,48,8,0.195312,3932160,48,48,122880,BF16,5120,48,bounded_unpack_gemm,20,7680,,0.532863,,no_user_workspace_library_internal_in_free_after,0
12,gdn_out,nvfp4,33080475648,33099350016,0.6326215,0.655886,6144,0.03,0.031488,.cache/task019/real-matrix/core/gdn_out-m1.log,62914560,6144,5120,1,0.519531,62914560,5120,5120,15728640,BF16,6144,5120,native_gemm,20,1966080,8053063680,1809.96,0.987386,cutlass_get_workspace_size,0
12,gdn_out,nvfp4,33080475648,33099350016,0.0633605,0.070684,6144,0.050848000000000004,0.056192,.cache/task019/real-matrix/core/gdn_out-m1.log,62914560,6144,5120,1,0.519531,62914560,5120,5120,15728640,BF16,6144,5120,same_weight_bf16_gemv,20,1966080,,1809.96,0.987386,no_explicit_workspace,0
12,gdn_out,mxfp4,33080475648,33099350016,0.609263,0.622213,6144,0.029952,0.039104,.cache/task019/real-matrix/core/gdn_out-m1.log,62914560,6144,5120,1,0.780273,62914560,5120,5120,15728640,BF16,6144,5120,native_gemm,20,983040,8053063680,1652.94,1.01537,cutlass_get_workspace_size,0
12,gdn_out,mxfp4,33080475648,33099350016,0.06853000000000001,0.075132,6144,0.051184,0.052736,.cache/task019/real-matrix/core/gdn_out-m1.log,62914560,6144,5120,1,0.780273,62914560,5120,5120,15728640,BF16,6144,5120,same_weight_bf16_gemv,20,983040,,1652.94,1.01537,no_explicit_workspace,0
,gdn_out,bf16,,,0.0297865,0.060715,6144,0.018464,0.035392,.cache/task019/real-matrix/core/gdn_out-m1.log,62914560,6144,5120,1,0.0,62914560,5120,5120,62914560,BF16,6144,5120,library_gemm,20,0,,0.0,,no_user_workspace_library_internal_in_free_after,0
,gdn_out,q4g64,,,0.021446,0.034856,6144,0.010672000000000001,0.021792,.cache/task019/real-matrix/core/gdn_out-m1.log,62914560,6144,5120,1,0.265625,1572864,128,5120,393216,BF16,6144,5120,bounded_unpack_gemm,20,24576,,1.72291,,no_user_workspace_library_internal_in_free_after,0
72,gdn_out,nvfp4,33042726912,33099350016,592.1600000000001,592.533,6144,0.06752,0.075488,.cache/task019/real-matrix/core/gdn_out-m1024.log,64424509440,6144,5120,1024,0.552979,64424509440,5120,5120,15728640,BF16,6144,5120,native_gemm,20,1966080,64424509440,1805.78,1.02215,cutlass_get_workspace_size,0
72,gdn_out,nvfp4,33042726912,33099350016,0.0621575,0.070734,6144,0.050528,0.056192,.cache/task019/real-matrix/core/gdn_out-m1024.log,64424509440,6144,5120,1024,0.552979,62914560,5120,5120,15728640,BF16,6144,5120,same_weight_bf16_gemv,20,1966080,,1805.78,1.02215,no_explicit_workspace,0
72,gdn_out,mxfp4,33044824064,33099350016,566.2585,568.954,6144,0.066112,0.077984,.cache/task019/real-matrix/core/gdn_out-m1024.log,64424509440,6144,5120,1024,0.780273,64424509440,5120,5120,15728640,BF16,6144,5120,native_gemm,20,983040,64424509440,1643.56,0.970664,cutlass_get_workspace_size,0
72,gdn_out,mxfp4,33044824064,33099350016,0.0682695,0.07345,6144,0.050352,0.051904,.cache/task019/real-matrix/core/gdn_out-m1024.log,64424509440,6144,5120,1024,0.780273,62914560,5120,5120,15728640,BF16,6144,5120,same_weight_bf16_gemv,20,983040,,1643.56,0.970664,no_explicit_workspace,0
,gdn_out,bf16,,,1.47527,1.48894,6144,0.288416,0.28992,.cache/task019/real-matrix/core/gdn_out-m1024.log,64424509440,6144,5120,1024,0.0,64424509440,5120,5120,62914560,BF16,6144,5120,library_gemm,20,0,,0.0,,no_user_workspace_library_internal_in_free_after,0
,gdn_out,q4g64,,,0.607139,0.618465,6144,0.022592,0.024288,.cache/task019/real-matrix/core/gdn_out-m1024.log,64424509440,6144,5120,1024,0.570312,1610612736,128,5120,393216,BF16,6144,5120,bounded_unpack_gemm,20,24576,,1.72004,,no_user_workspace_library_internal_in_free_after,0
72,gdn_out,nvfp4,33074184192,33099350016,74.4151,74.496,6144,0.030784,0.038816,.cache/task019/real-matrix/core/gdn_out-m128.log,8053063680,6144,5120,128,0.5625,8053063680,5120,5120,15728640,BF16,6144,5120,native_gemm,20,1966080,8053063680,1809.35,1.00935,cutlass_get_workspace_size,0
72,gdn_out,nvfp4,33074184192,33099350016,0.0675935,0.07913,6144,0.051248,0.057024,.cache/task019/real-matrix/core/gdn_out-m128.log,8053063680,6144,5120,128,0.5625,62914560,5120,5120,15728640,BF16,6144,5120,same_weight_bf16_gemv,20,1966080,,1809.35,1.00935,no_explicit_workspace,0
72,gdn_out,mxfp4,33074184192,33099350016,71.4854,71.5465,6144,0.030592,0.032544,.cache/task019/real-matrix/core/gdn_out-m128.log,8053063680,6144,5120,128,0.939453,8053063680,5120,5120,15728640,BF16,6144,5120,native_gemm,20,983040,8053063680,1655.54,0.93164,cutlass_get_workspace_size,0
72,gdn_out,mxfp4,33074184192,33099350016,0.0633995,0.075233,6144,0.051199999999999996,0.056448,.cache/task019/real-matrix/core/gdn_out-m128.log,8053063680,6144,5120,128,0.939453,62914560,5120,5120,15728640,BF16,6144,5120,same_weight_bf16_gemv,20,983040,,1655.54,0.93164,no_explicit_workspace,0
,gdn_out,bf16,,,0.2361885,0.242301,6144,0.051552,0.058176,.cache/task019/real-matrix/core/gdn_out-m128.log,8053063680,6144,5120,128,0.0,8053063680,5120,5120,62914560,BF16,6144,5120,library_gemm,20,0,,0.0,,no_user_workspace_library_internal_in_free_after,0
,gdn_out,q4g64,,,0.1082405,0.119517,6144,0.016656,0.018656,.cache/task019/real-matrix/core/gdn_out-m128.log,8053063680,6144,5120,128,0.296875,201326592,128,5120,393216,BF16,6144,5120,bounded_unpack_gemm,20,24576,,1.72448,,no_user_workspace_library_internal_in_free_after,0
24,gdn_out,nvfp4,33080475648,33099350016,1.212435,1.22785,6144,0.029792,0.039136,.cache/task019/real-matrix/core/gdn_out-m2.log,125829120,6144,5120,2,0.519531,125829120,5120,5120,15728640,BF16,6144,5120,native_gemm,20,1966080,8053063680,1810.29,0.976706,cutlass_get_workspace_size,0
24,gdn_out,nvfp4,33080475648,33099350016,0.06936200000000001,0.071776,6144,0.051152,0.056064,.cache/task019/real-matrix/core/gdn_out-m2.log,125829120,6144,5120,2,0.519531,62914560,5120,5120,15728640,BF16,6144,5120,same_weight_bf16_gemv,20,1966080,,1810.29,0.976706,no_explicit_workspace,0
24,gdn_out,mxfp4,33080475648,33099350016,1.133035,1.14663,6144,0.030032,0.031168,.cache/task019/real-matrix/core/gdn_out-m2.log,125829120,6144,5120,2,0.780273,125829120,5120,5120,15728640,BF16,6144,5120,native_gemm,20,983040,8053063680,1649.94,0.940888,cutlass_get_workspace_size,0
24,gdn_out,mxfp4,33080475648,33099350016,0.06272900000000001,0.080584,6144,0.051264000000000004,0.057344,.cache/task019/real-matrix/core/gdn_out-m2.log,125829120,6144,5120,2,0.780273,62914560,5120,5120,15728640,BF16,6144,5120,same_weight_bf16_gemv,20,983040,,1649.94,0.940888,no_explicit_workspace,0
,gdn_out,bf16,,,0.033618499999999996,0.048773,6144,0.0184,0.019968,.cache/task019/real-matrix/core/gdn_out-m2.log,125829120,6144,5120,2,0.0,125829120,5120,5120,62914560,BF16,6144,5120,library_gemm,20,0,,0.0,,no_user_workspace_library_internal_in_free_after,0
,gdn_out,q4g64,,,0.044374,0.051689,6144,0.026752,0.031008,.cache/task019/real-matrix/core/gdn_out-m2.log,125829120,6144,5120,2,0.296875,3145728,128,5120,393216,BF16,6144,5120,bounded_unpack_gemm,20,24576,,1.71946,,no_user_workspace_library_internal_in_free_after,0
72,gdn_out,nvfp4,33065795584,33099350016,148.222,148.45,6144,0.036016,0.0384,.cache/task019/real-matrix/core/gdn_out-m256.log,16106127360,6144,5120,256,0.552979,16106127360,5120,5120,15728640,BF16,6144,5120,native_gemm,20,1966080,16106127360,1816.69,1.01911,cutlass_get_workspace_size,0
72,gdn_out,nvfp4,33065795584,33099350016,0.0633805,0.074962,6144,0.050896,0.055936,.cache/task019/real-matrix/core/gdn_out-m256.log,16106127360,6144,5120,256,0.552979,62914560,5120,5120,15728640,BF16,6144,5120,same_weight_bf16_gemv,20,1966080,,1816.69,1.01911,no_explicit_workspace,0
72,gdn_out,mxfp4,33067892736,33099350016,142.54649999999998,142.807,6144,0.033728,0.04032,.cache/task019/real-matrix/core/gdn_out-m256.log,16106127360,6144,5120,256,0.780273,16106127360,5120,5120,15728640,BF16,6144,5120,native_gemm,20,983040,16106127360,1648.03,0.920259,cutlass_get_workspace_size,0
72,gdn_out,mxfp4,33067892736,33099350016,0.069387,0.075304,6144,0.051264,0.057696,.cache/task019/real-matrix/core/gdn_out-m256.log,16106127360,6144,5120,256,0.780273,62914560,5120,5120,15728640,BF16,6144,5120,same_weight_bf16_gemv,20,983040,,1648.03,0.920259,no_explicit_workspace,0
,gdn_out,bf16,,,0.4105045,0.421521,6144,0.081264,0.08464,.cache/task019/real-matrix/core/gdn_out-m256.log,16106127360,6144,5120,256,0.0,16106127360,5120,5120,62914560,BF16,6144,5120,library_gemm,20,0,,0.0,,no_user_workspace_library_internal_in_free_after,0
,gdn_out,q4g64,,,0.1803025,0.1895,6144,0.015248000000000001,0.018304,.cache/task019/real-matrix/core/gdn_out-m256.log,16106127360,6144,5120,256,0.296875,402653184,128,5120,393216,BF16,6144,5120,bounded_unpack_gemm,20,24576,,1.71128,,no_user_workspace_library_internal_in_free_after,0
72,gdn_out,nvfp4,33078378496,33099350016,18.579,18.6052,6144,0.030464,0.038912,.cache/task019/real-matrix/core/gdn_out-m32.log,2013265920,6144,5120,32,0.552979,2013265920,5120,5120,15728640,BF16,6144,5120,native_gemm,20,1966080,8053063680,1801.36,0.983178,cutlass_get_workspace_size,0
72,gdn_out,nvfp4,33078378496,33099350016,0.0691815,0.078098,6144,0.051296,0.057504,.cache/task019/real-matrix/core/gdn_out-m32.log,2013265920,6144,5120,32,0.552979,62914560,5120,5120,15728640,BF16,6144,5120,same_weight_bf16_gemv,20,1966080,,1801.36,0.983178,no_explicit_workspace,0
72,gdn_out,mxfp4,33080475648,33099350016,17.81145,17.8319,6144,0.030304,0.030688,.cache/task019/real-matrix/core/gdn_out-m32.log,2013265920,6144,5120,32,0.780273,2013265920,5120,5120,15728640,BF16,6144,5120,native_gemm,20,983040,8053063680,1651.33,0.934536,cutlass_get_workspace_size,0
72,gdn_out,mxfp4,33080475648,33099350016,0.0632295,0.072619,6144,0.051136,0.05648,.cache/task019/real-matrix/core/gdn_out-m32.log,2013265920,6144,5120,32,0.780273,62914560,5120,5120,15728640,BF16,6144,5120,same_weight_bf16_gemv,20,983040,,1651.33,0.934536,no_explicit_workspace,0
,gdn_out,bf16,,,0.081279,0.097515,6144,0.022176,0.03488,.cache/task019/real-matrix/core/gdn_out-m32.log,2013265920,6144,5120,32,0.0,2013265920,5120,5120,62914560,BF16,6144,5120,library_gemm,20,0,,0.0,,no_user_workspace_library_internal_in_free_after,0
,gdn_out,q4g64,,,0.0408225,0.061107,6144,0.007696,0.0216,.cache/task019/real-matrix/core/gdn_out-m32.log,2013265920,6144,5120,32,0.378906,50331648,128,5120,393216,BF16,6144,5120,bounded_unpack_gemm,20,24576,,1.71573,,no_user_workspace_library_internal_in_free_after,0
72,gdn_out,nvfp4,33059504128,33099350016,296.46500000000003,296.587,6144,0.041072,0.048992,.cache/task019/real-matrix/core/gdn_out-m512.log,32212254720,6144,5120,512,0.552979,32212254720,5120,5120,15728640,BF16,6144,5120,native_gemm,20,1966080,32212254720,1815.81,1.02306,cutlass_get_workspace_size,0
72,gdn_out,nvfp4,33059504128,33099350016,0.067128,0.077497,6144,0.050575999999999996,0.056896,.cache/task019/real-matrix/core/gdn_out-m512.log,32212254720,6144,5120,512,0.552979,62914560,5120,5120,15728640,BF16,6144,5120,same_weight_bf16_gemv,20,1966080,,1815.81,1.02306,no_explicit_workspace,0
72,gdn_out,mxfp4,33059504128,33099350016,284.6,285.156,6144,0.041568,0.051808,.cache/task019/real-matrix/core/gdn_out-m512.log,32212254720,6144,5120,512,0.780273,32212254720,5120,5120,15728640,BF16,6144,5120,native_gemm,20,983040,32212254720,1644.63,0.952159,cutlass_get_workspace_size,0
72,gdn_out,mxfp4,33059504128,33099350016,0.066261,0.076104,6144,0.050928,0.056192,.cache/task019/real-matrix/core/gdn_out-m512.log,32212254720,6144,5120,512,0.780273,62914560,5120,5120,15728640,BF16,6144,5120,same_weight_bf16_gemv,20,983040,,1644.63,0.952159,no_explicit_workspace,0
,gdn_out,bf16,,,0.7590925,0.772418,6144,0.143296,0.150816,.cache/task019/real-matrix/core/gdn_out-m512.log,32212254720,6144,5120,512,0.0,32212254720,5120,5120,62914560,BF16,6144,5120,library_gemm,20,0,,0.0,,no_user_workspace_library_internal_in_free_after,0
,gdn_out,q4g64,,,0.3280475,0.340407,6144,0.016576,0.019136,.cache/task019/real-matrix/core/gdn_out-m512.log,32212254720,6144,5120,512,0.523438,805306368,128,5120,393216,BF16,6144,5120,bounded_unpack_gemm,20,24576,,1.71839,,no_user_workspace_library_internal_in_free_after,0
72,gdn_out,nvfp4,33076281344,33099350016,37.2538,37.3061,6144,0.0304,0.030848,.cache/task019/real-matrix/core/gdn_out-m64.log,4026531840,6144,5120,64,0.552979,4026531840,5120,5120,15728640,BF16,6144,5120,native_gemm,20,1966080,8053063680,1813.83,1.11928,cutlass_get_workspace_size,0
72,gdn_out,nvfp4,33076281344,33099350016,0.0634705,0.071626,6144,0.050976,0.056256,.cache/task019/real-matrix/core/gdn_out-m64.log,4026531840,6144,5120,64,0.552979,62914560,5120,5120,15728640,BF16,6144,5120,same_weight_bf16_gemv,20,1966080,,1813.83,1.11928,no_explicit_workspace,0
72,gdn_out,mxfp4,33078378496,33099350016,35.4183,35.6101,6144,0.030624,0.038944,.cache/task019/real-matrix/core/gdn_out-m64.log,4026531840,6144,5120,64,0.780273,4026531840,5120,5120,15728640,BF16,6144,5120,native_gemm,20,983040,8053063680,1650.18,0.947961,cutlass_get_workspace_size,0
72,gdn_out,mxfp4,33078378496,33099350016,0.0692465,0.076836,6144,0.051264,0.055008,.cache/task019/real-matrix/core/gdn_out-m64.log,4026531840,6144,5120,64,0.780273,62914560,5120,5120,15728640,BF16,6144,5120,same_weight_bf16_gemv,20,983040,,1650.18,0.947961,no_explicit_workspace,0
,gdn_out,bf16,,,0.1540625,0.163321,6144,0.042623999999999995,0.044,.cache/task019/real-matrix/core/gdn_out-m64.log,4026531840,6144,5120,64,0.0,4026531840,5120,5120,62914560,BF16,6144,5120,library_gemm,20,0,,0.0,,no_user_workspace_library_internal_in_free_after,0
,gdn_out,q4g64,,,0.07122500000000001,0.085903,6144,0.014,0.015872,.cache/task019/real-matrix/core/gdn_out-m64.log,4026531840,6144,5120,64,0.3125,100663296,128,5120,393216,BF16,6144,5120,bounded_unpack_gemm,20,24576,,1.69701,,no_user_workspace_library_internal_in_free_after,0
72,gdn_out,nvfp4,33078378496,33099350016,4.70576,4.73907,6144,0.03,0.030656,.cache/task019/real-matrix/core/gdn_out-m8.log,503316480,6144,5120,8,0.5625,503316480,5120,5120,15728640,BF16,6144,5120,native_gemm,20,1966080,8053063680,1811.25,0.98928,cutlass_get_workspace_size,0
72,gdn_out,nvfp4,33078378496,33099350016,0.0631705,0.070604,6144,0.051087999999999995,0.056384,.cache/task019/real-matrix/core/gdn_out-m8.log,503316480,6144,5120,8,0.5625,62914560,5120,5120,15728640,BF16,6144,5120,same_weight_bf16_gemv,20,1966080,,1811.25,0.98928,no_explicit_workspace,0
72,gdn_out,mxfp4,33080475648,33099350016,4.4762699999999995,4.48929,6144,0.030032,0.040864,.cache/task019/real-matrix/core/gdn_out-m8.log,503316480,6144,5120,8,0.796875,503316480,5120,5120,15728640,BF16,6144,5120,native_gemm,20,983040,8053063680,1652.97,0.929356,cutlass_get_workspace_size,0
72,gdn_out,mxfp4,33080475648,33099350016,0.068325,0.070604,6144,0.051248,0.05616,.cache/task019/real-matrix/core/gdn_out-m8.log,503316480,6144,5120,8,0.796875,62914560,5120,5120,15728640,BF16,6144,5120,same_weight_bf16_gemv,20,983040,,1652.97,0.929356,no_explicit_workspace,0
,gdn_out,bf16,,,0.036334500000000006,0.048582,6144,0.016448,0.018496,.cache/task019/real-matrix/core/gdn_out-m8.log,503316480,6144,5120,8,0.0,503316480,5120,5120,62914560,BF16,6144,5120,library_gemm,20,0,,0.0,,no_user_workspace_library_internal_in_free_after,0
,gdn_out,q4g64,,,0.0241305,0.028834,6144,0.008511999999999999,0.011232,.cache/task019/real-matrix/core/gdn_out-m8.log,503316480,6144,5120,8,0.316406,12582912,128,5120,393216,BF16,6144,5120,bounded_unpack_gemm,20,24576,,1.72351,,no_user_workspace_library_internal_in_free_after,0
12,gdn_qkv,nvfp4,33065795584,33099350016,0.574316,0.592776,5120,0.040672,0.042208,.cache/task019/real-matrix/core/gdn_qkv-m1.log,104857600,5120,10240,1,0.325195,104857600,10240,10240,26214400,BF16,5120,10240,native_gemm,20,3276800,13421772800,3003.48,1.6651,cutlass_get_workspace_size,0
12,gdn_qkv,nvfp4,33065795584,33099350016,0.09470999999999999,0.103166,5120,0.081792,0.087264,.cache/task019/real-matrix/core/gdn_qkv-m1.log,104857600,5120,10240,1,0.325195,104857600,10240,10240,26214400,BF16,5120,10240,same_weight_bf16_gemv,20,3276800,,3003.48,1.6651,no_explicit_workspace,0
12,gdn_qkv,mxfp4,33069989888,33099350016,0.541023,0.548773,5120,0.041392,0.0512,.cache/task019/real-matrix/core/gdn_qkv-m1.log,104857600,5120,10240,1,0.765625,104857600,10240,10240,26214400,BF16,5120,10240,native_gemm,20,1638400,13421772800,2739.45,1.59362,cutlass_get_workspace_size,0
12,gdn_qkv,mxfp4,33069989888,33099350016,0.10009950000000001,0.108857,5120,0.08204800000000001,0.090112,.cache/task019/real-matrix/core/gdn_qkv-m1.log,104857600,5120,10240,1,0.765625,104857600,10240,10240,26214400,BF16,5120,10240,same_weight_bf16_gemv,20,1638400,,2739.45,1.59362,no_explicit_workspace,0
,gdn_qkv,bf16,,,0.0562675,0.074301,5120,0.044256000000000004,0.058848,.cache/task019/real-matrix/core/gdn_qkv-m1.log,104857600,5120,10240,1,0.0,104857600,10240,10240,104857600,BF16,5120,10240,library_gemm,20,0,,0.0,,no_user_workspace_library_internal_in_free_after,0
,gdn_qkv,q4g64,,,0.0209295,0.022303,5120,0.010704,0.011904,.cache/task019/real-matrix/core/gdn_qkv-m1.log,104857600,5120,10240,1,0.328125,1310720,128,10240,327680,BF16,5120,10240,bounded_unpack_gemm,20,20480,,1.46056,,no_user_workspace_library_internal_in_free_after,0
72,gdn_qkv,nvfp4,32998686720,33099350016,506.491,506.959,5120,0.09884799999999999,0.110624,.cache/task019/real-matrix/core/gdn_qkv-m1024.log,107374182400,5120,10240,1024,0.484375,107374182400,10240,10240,26214400,BF16,5120,10240,native_gemm,20,3276800,107374182400,3006.36,1.64889,cutlass_get_workspace_size,0
72,gdn_qkv,nvfp4,32998686720,33099350016,0.0970945,0.107403,5120,0.08168,0.08672,.cache/task019/real-matrix/core/gdn_qkv-m1024.log,107374182400,5120,10240,1024,0.484375,104857600,10240,10240,26214400,BF16,5120,10240,same_weight_bf16_gemv,20,3276800,,3006.36,1.64889,no_explicit_workspace,0
72,gdn_qkv,mxfp4,33002881024,33099350016,485.376,485.837,5120,0.095792,0.099968,.cache/task019/real-matrix/core/gdn_qkv-m1024.log,107374182400,5120,10240,1024,0.765625,107374182400,10240,10240,26214400,BF16,5120,10240,native_gemm,20,1638400,107374182400,2740.04,1.57887,cutlass_get_workspace_size,0
72,gdn_qkv,mxfp4,33002881024,33099350016,0.09808549999999999,0.107775,5120,0.081648,0.08432,.cache/task019/real-matrix/core/gdn_qkv-m1024.log,107374182400,5120,10240,1024,0.765625,104857600,10240,10240,26214400,BF16,5120,10240,same_weight_bf16_gemv,20,1638400,,2740.04,1.57887,no_explicit_workspace,0
,gdn_qkv,bf16,,,2.1952550000000004,2.20587,5120,0.496,0.500288,.cache/task019/real-matrix/core/gdn_qkv-m1024.log,107374182400,5120,10240,1024,0.0,107374182400,10240,10240,104857600,BF16,5120,10240,library_gemm,20,0,,0.0,,no_user_workspace_library_internal_in_free_after,0
,gdn_qkv,q4g64,,,0.5191414999999999,0.527151,5120,0.020272,0.02112,.cache/task019/real-matrix/core/gdn_qkv-m1024.log,107374182400,5120,10240,1024,0.336182,1342177280,128,10240,327680,BF16,5120,10240,bounded_unpack_gemm,20,20480,,1.50722,,no_user_workspace_library_internal_in_free_after,0
72,gdn_qkv,nvfp4,33053212672,33099350016,63.04445,63.3874,5120,0.029296,0.036928,.cache/task019/real-matrix/core/gdn_qkv-m128.log,13421772800,5120,10240,128,0.484375,13421772800,10240,10240,26214400,BF16,5120,10240,native_gemm,20,3276800,13421772800,3004.5,1.64194,cutlass_get_workspace_size,0
72,gdn_qkv,nvfp4,33053212672,33099350016,0.09901750000000001,0.105891,5120,0.081904,0.087104,.cache/task019/real-matrix/core/gdn_qkv-m128.log,13421772800,5120,10240,128,0.484375,104857600,10240,10240,26214400,BF16,5120,10240,same_weight_bf16_gemv,20,3276800,,3004.5,1.64194,no_explicit_workspace,0
72,gdn_qkv,mxfp4,33057406976,33099350016,60.7663,61.0819,5120,0.028256,0.028864,.cache/task019/real-matrix/core/gdn_qkv-m128.log,13421772800,5120,10240,128,0.765625,13421772800,10240,10240,26214400,BF16,5120,10240,native_gemm,20,1638400,13421772800,2736.96,1.56306,cutlass_get_workspace_size,0
72,gdn_qkv,mxfp4,33057406976,33099350016,0.095746,0.102024,5120,0.082256,0.086944,.cache/task019/real-matrix/core/gdn_qkv-m128.log,13421772800,5120,10240,128,0.765625,104857600,10240,10240,26214400,BF16,5120,10240,same_weight_bf16_gemv,20,1638400,,2736.96,1.56306,no_explicit_workspace,0
,gdn_qkv,bf16,,,0.33794250000000003,0.351728,5120,0.086784,0.08928,.cache/task019/real-matrix/core/gdn_qkv-m128.log,13421772800,5120,10240,128,0.0,13421772800,10240,10240,104857600,BF16,5120,10240,library_gemm,20,0,,0.0,,no_user_workspace_library_internal_in_free_after,0
,gdn_qkv,q4g64,,,0.097455,0.11052,5120,0.015744,0.0176,.cache/task019/real-matrix/core/gdn_qkv-m128.log,13421772800,5120,10240,128,0.328125,167772160,128,10240,327680,BF16,5120,10240,bounded_unpack_gemm,20,20480,,1.42649,,no_user_workspace_library_internal_in_free_after,0
24,gdn_qkv,nvfp4,33065795584,33099350016,1.0882100000000001,1.10956,5120,0.039824,0.049024,.cache/task019/real-matrix/core/gdn_qkv-m2.log,209715200,5120,10240,2,0.421875,209715200,10240,10240,26214400,BF16,5120,10240,native_gemm,20,3276800,13421772800,3024.65,1.69093,cutlass_get_workspace_size,0
24,gdn_qkv,nvfp4,33065795584,33099350016,0.099424,0.105751,5120,0.081712,0.08704,.cache/task019/real-matrix/core/gdn_qkv-m2.log,209715200,5120,10240,2,0.421875,104857600,10240,10240,26214400,BF16,5120,10240,same_weight_bf16_gemv,20,3276800,,3024.65,1.69093,no_explicit_workspace,0
24,gdn_qkv,mxfp4,33069989888,33099350016,1.01963,1.02594,5120,0.038784,0.040608,.cache/task019/real-matrix/core/gdn_qkv-m2.log,209715200,5120,10240,2,0.765625,209715200,10240,10240,26214400,BF16,5120,10240,native_gemm,20,1638400,13421772800,2756.04,1.58017,cutlass_get_workspace_size,0
24,gdn_qkv,mxfp4,33069989888,33099350016,0.0960625,0.103106,5120,0.08216000000000001,0.08704,.cache/task019/real-matrix/core/gdn_qkv-m2.log,209715200,5120,10240,2,0.765625,104857600,10240,10240,26214400,BF16,5120,10240,same_weight_bf16_gemv,20,1638400,,2756.04,1.58017,no_explicit_workspace,0
,gdn_qkv,bf16,,,0.060159500000000005,0.077558,5120,0.045632000000000006,0.057952,.cache/task019/real-matrix/core/gdn_qkv-m2.log,209715200,5120,10240,2,0.0,209715200,10240,10240,104857600,BF16,5120,10240,library_gemm,20,0,,0.0,,no_user_workspace_library_internal_in_free_after,0
,gdn_qkv,q4g64,,,0.040126,0.045577,5120,0.022784,0.024896,.cache/task019/real-matrix/core/gdn_qkv-m2.log,209715200,5120,10240,2,0.328125,2621440,128,10240,327680,BF16,5120,10240,bounded_unpack_gemm,20,20480,,1.4219,,no_user_workspace_library_internal_in_free_after,0
72,gdn_qkv,nvfp4,33046921216,33099350016,126.08,126.7,5120,0.036048,0.045408,.cache/task019/real-matrix/core/gdn_qkv-m256.log,26843545600,5120,10240,256,0.484375,26843545600,10240,10240,26214400,BF16,5120,10240,native_gemm,20,3276800,26843545600,3010.44,1.6299,cutlass_get_workspace_size,0
72,gdn_qkv,nvfp4,33046921216,33099350016,0.09608749999999999,0.108877,5120,0.08102400000000001,0.086368,.cache/task019/real-matrix/core/gdn_qkv-m256.log,26843545600,5120,10240,256,0.484375,104857600,10240,10240,26214400,BF16,5120,10240,same_weight_bf16_gemv,20,3276800,,3010.44,1.6299,no_explicit_workspace,0
72,gdn_qkv,mxfp4,33049018368,33099350016,121.743,121.903,5120,0.032192,0.040992,.cache/task019/real-matrix/core/gdn_qkv-m256.log,26843545600,5120,10240,256,0.765625,26843545600,10240,10240,26214400,BF16,5120,10240,native_gemm,20,1638400,26843545600,2737.24,1.55653,cutlass_get_workspace_size,0
72,gdn_qkv,mxfp4,33049018368,33099350016,0.0973495,0.117102,5120,0.082032,0.086752,.cache/task019/real-matrix/core/gdn_qkv-m256.log,26843545600,5120,10240,256,0.765625,104857600,10240,10240,26214400,BF16,5120,10240,same_weight_bf16_gemv,20,1638400,,2737.24,1.55653,no_explicit_workspace,0
,gdn_qkv,bf16,,,0.5804925,0.590722,5120,0.12753599999999998,0.131232,.cache/task019/real-matrix/core/gdn_qkv-m256.log,26843545600,5120,10240,256,0.0,26843545600,10240,10240,104857600,BF16,5120,10240,library_gemm,20,0,,0.0,,no_user_workspace_library_internal_in_free_after,0
,gdn_qkv,q4g64,,,0.15351199999999998,0.16835,5120,0.016352,0.020192,.cache/task019/real-matrix/core/gdn_qkv-m256.log,26843545600,5120,10240,256,0.328125,335544320,128,10240,327680,BF16,5120,10240,bounded_unpack_gemm,20,20480,,1.44297,,no_user_workspace_library_internal_in_free_after,0
72,gdn_qkv,nvfp4,33065795584,33099350016,15.89985,15.9628,5120,0.036879999999999996,0.047136,.cache/task019/real-matrix/core/gdn_qkv-m32.log,3355443200,5120,10240,32,0.484375,3355443200,10240,10240,26214400,BF16,5120,10240,native_gemm,20,3276800,13421772800,3006.88,1.681,cutlass_get_workspace_size,0
72,gdn_qkv,nvfp4,33065795584,33099350016,0.09829650000000001,0.107835,5120,0.081856,0.08704,.cache/task019/real-matrix/core/gdn_qkv-m32.log,3355443200,5120,10240,32,0.484375,104857600,10240,10240,26214400,BF16,5120,10240,same_weight_bf16_gemv,20,3276800,,3006.88,1.681,no_explicit_workspace,0
72,gdn_qkv,mxfp4,33067892736,33099350016,15.286999999999999,15.3656,5120,0.036672,0.047968,.cache/task019/real-matrix/core/gdn_qkv-m32.log,3355443200,5120,10240,32,0.765625,3355443200,10240,10240,26214400,BF16,5120,10240,native_gemm,20,1638400,13421772800,2745.42,1.54274,cutlass_get_workspace_size,0
72,gdn_qkv,mxfp4,33067892736,33099350016,0.0958725,0.107805,5120,0.083024,0.086976,.cache/task019/real-matrix/core/gdn_qkv-m32.log,3355443200,5120,10240,32,0.765625,104857600,10240,10240,26214400,BF16,5120,10240,same_weight_bf16_gemv,20,1638400,,2745.42,1.54274,no_explicit_workspace,0
,gdn_qkv,bf16,,,0.13075900000000001,0.158311,5120,0.051072,0.067136,.cache/task019/real-matrix/core/gdn_qkv-m32.log,3355443200,5120,10240,32,0.0,3355443200,10240,10240,104857600,BF16,5120,10240,library_gemm,20,0,,0.0,,no_user_workspace_library_internal_in_free_after,0
,gdn_qkv,q4g64,,,0.037211,0.039916,5120,0.008095999999999999,0.008608,.cache/task019/real-matrix/core/gdn_qkv-m32.log,3355443200,5120,10240,32,0.328125,41943040,128,10240,327680,BF16,5120,10240,bounded_unpack_gemm,20,20480,,1.42909,,no_user_workspace_library_internal_in_free_after,0
72,gdn_qkv,nvfp4,33034338304,33099350016,253.50799999999998,253.649,5120,0.057152,0.06432,.cache/task019/real-matrix/core/gdn_qkv-m512.log,53687091200,5120,10240,512,0.570312,53687091200,10240,10240,26214400,BF16,5120,10240,native_gemm,20,3276800,53687091200,3016.33,1.69993,cutlass_get_workspace_size,0
72,gdn_qkv,nvfp4,33034338304,33099350016,0.09727,0.106482,5120,0.081168,0.08704,.cache/task019/real-matrix/core/gdn_qkv-m512.log,53687091200,5120,10240,512,0.570312,104857600,10240,10240,26214400,BF16,5120,10240,same_weight_bf16_gemv,20,3276800,,3016.33,1.69993,no_explicit_workspace,0
72,gdn_qkv,mxfp4,33036435456,33099350016,243.774,243.912,5120,0.055968000000000004,0.058912,.cache/task019/real-matrix/core/gdn_qkv-m512.log,53687091200,5120,10240,512,0.765625,53687091200,10240,10240,26214400,BF16,5120,10240,native_gemm,20,1638400,53687091200,2739.09,1.5702,cutlass_get_workspace_size,0
72,gdn_qkv,mxfp4,33036435456,33099350016,0.09533549999999999,0.114036,5120,0.081776,0.086944,.cache/task019/real-matrix/core/gdn_qkv-m512.log,53687091200,5120,10240,512,0.765625,104857600,10240,10240,26214400,BF16,5120,10240,same_weight_bf16_gemv,20,1638400,,2739.09,1.5702,no_explicit_workspace,0
,gdn_qkv,bf16,,,1.121645,1.13649,5120,0.242224,0.245216,.cache/task019/real-matrix/core/gdn_qkv-m512.log,53687091200,5120,10240,512,0.0,53687091200,10240,10240,104857600,BF16,5120,10240,library_gemm,20,0,,0.0,,no_user_workspace_library_internal_in_free_after,0
,gdn_qkv,q4g64,,,0.28189,0.291023,5120,0.015392,0.018432,.cache/task019/real-matrix/core/gdn_qkv-m512.log,53687091200,5120,10240,512,0.328125,671088640,128,10240,327680,BF16,5120,10240,bounded_unpack_gemm,20,20480,,1.42264,,no_user_workspace_library_internal_in_free_after,0
72,gdn_qkv,nvfp4,33061601280,33099350016,31.8428,31.8687,5120,0.027632,0.029184,.cache/task019/real-matrix/core/gdn_qkv-m64.log,6710886400,5120,10240,64,0.594727,6710886400,10240,10240,26214400,BF16,5120,10240,native_gemm,20,3276800,13421772800,3022.09,1.68984,cutlass_get_workspace_size,0
72,gdn_qkv,nvfp4,33061601280,33099350016,0.0947905,0.108227,5120,0.081968,0.087904,.cache/task019/real-matrix/core/gdn_qkv-m64.log,6710886400,5120,10240,64,0.594727,104857600,10240,10240,26214400,BF16,5120,10240,same_weight_bf16_gemv,20,3276800,,3022.09,1.68984,no_explicit_workspace,0
72,gdn_qkv,mxfp4,33063698432,33099350016,30.5773,30.6623,5120,0.028496,0.037088,.cache/task019/real-matrix/core/gdn_qkv-m64.log,6710886400,5120,10240,64,0.765625,6710886400,10240,10240,26214400,BF16,5120,10240,native_gemm,20,1638400,13421772800,2746.54,1.54273,cutlass_get_workspace_size,0
72,gdn_qkv,mxfp4,33063698432,33099350016,0.0999495,0.106382,5120,0.081888,0.08544,.cache/task019/real-matrix/core/gdn_qkv-m64.log,6710886400,5120,10240,64,0.765625,104857600,10240,10240,26214400,BF16,5120,10240,same_weight_bf16_gemv,20,1638400,,2746.54,1.54273,no_explicit_workspace,0
,gdn_qkv,bf16,,,0.2281285,0.239836,5120,0.08452799999999999,0.08976,.cache/task019/real-matrix/core/gdn_qkv-m64.log,6710886400,5120,10240,64,0.0,6710886400,10240,10240,104857600,BF16,5120,10240,library_gemm,20,0,,0.0,,no_user_workspace_library_internal_in_free_after,0
,gdn_qkv,q4g64,,,0.058572,0.077818,5120,0.009856,0.018944,.cache/task019/real-matrix/core/gdn_qkv-m64.log,6710886400,5120,10240,64,0.328125,83886080,128,10240,327680,BF16,5120,10240,bounded_unpack_gemm,20,20480,,1.4634,,no_user_workspace_library_internal_in_free_after,0
72,gdn_qkv,nvfp4,33065795584,33099350016,4.06893,4.08011,5120,0.040384,0.041152,.cache/task019/real-matrix/core/gdn_qkv-m8.log,838860800,5120,10240,8,0.537109,838860800,10240,10240,26214400,BF16,5120,10240,native_gemm,20,3276800,13421772800,3017.15,1.63023,cutlass_get_workspace_size,0
72,gdn_qkv,nvfp4,33065795584,33099350016,0.0963735,0.103036,5120,0.082176,0.08752,.cache/task019/real-matrix/core/gdn_qkv-m8.log,838860800,5120,10240,8,0.537109,104857600,10240,10240,26214400,BF16,5120,10240,same_weight_bf16_gemv,20,3276800,,3017.15,1.63023,no_explicit_workspace,0
72,gdn_qkv,mxfp4,33067892736,33099350016,3.87028,3.88204,5120,0.040192000000000005,0.049056,.cache/task019/real-matrix/core/gdn_qkv-m8.log,838860800,5120,10240,8,0.765625,838860800,10240,10240,26214400,BF16,5120,10240,native_gemm,20,1638400,13421772800,2743.26,1.55382,cutlass_get_workspace_size,0
72,gdn_qkv,mxfp4,33067892736,33099350016,0.099133,0.110711,5120,0.08222399999999999,0.088192,.cache/task019/real-matrix/core/gdn_qkv-m8.log,838860800,5120,10240,8,0.765625,104857600,10240,10240,26214400,BF16,5120,10240,same_weight_bf16_gemv,20,1638400,,2743.26,1.55382,no_explicit_workspace,0
,gdn_qkv,bf16,,,0.072573,0.098145,5120,0.045647999999999994,0.059008,.cache/task019/real-matrix/core/gdn_qkv-m8.log,838860800,5120,10240,8,0.0,838860800,10240,10240,104857600,BF16,5120,10240,library_gemm,20,0,,0.0,,no_user_workspace_library_internal_in_free_after,0
,gdn_qkv,q4g64,,,0.023335,0.027612,5120,0.008608000000000001,0.010624,.cache/task019/real-matrix/core/gdn_qkv-m8.log,838860800,5120,10240,8,0.328125,10485760,128,10240,327680,BF16,5120,10240,bounded_unpack_gemm,20,20480,,1.42766,,no_user_workspace_library_internal_in_free_after,0
12,gdn_z,nvfp4,33080475648,33099350016,0.5646625,0.579491,5120,0.032256,0.042752,.cache/task019/real-matrix/core/gdn_z-m1.log,62914560,5120,6144,1,0.40625,62914560,6144,6144,15728640,BF16,5120,6144,native_gemm,20,1966080,8053063680,1814.85,1.00072,cutlass_get_workspace_size,0
12,gdn_z,nvfp4,33080475648,33099350016,0.06837499999999999,0.075524,5120,0.051056,0.056576,.cache/task019/real-matrix/core/gdn_z-m1.log,62914560,5120,6144,1,0.40625,62914560,6144,6144,15728640,BF16,5120,6144,same_weight_bf16_gemv,20,1966080,,1814.85,1.00072,no_explicit_workspace,0
12,gdn_z,mxfp4,33080475648,33099350016,0.5287094999999999,0.53677,5120,0.031984,0.034304,.cache/task019/real-matrix/core/gdn_z-m1.log,62914560,5120,6144,1,0.84375,62914560,6144,6144,15728640,BF16,5120,6144,native_gemm,20,983040,8053063680,1647.73,0.975884,cutlass_get_workspace_size,0
12,gdn_z,mxfp4,33080475648,33099350016,0.06291,0.074962,5120,0.051104,0.057728,.cache/task019/real-matrix/core/gdn_z-m1.log,62914560,5120,6144,1,0.84375,62914560,6144,6144,15728640,BF16,5120,6144,same_weight_bf16_gemv,20,983040,,1647.73,0.975884,no_explicit_workspace,0
,gdn_z,bf16,,,0.031044500000000003,0.040557,5120,0.019392,0.02048,.cache/task019/real-matrix/core/gdn_z-m1.log,62914560,5120,6144,1,0.0,62914560,6144,6144,62914560,BF16,5120,6144,library_gemm,20,0,,0.0,,no_user_workspace_library_internal_in_free_after,0
,gdn_z,q4g64,,,0.0216055,0.029647,5120,0.009760000000000001,0.015264,.cache/task019/real-matrix/core/gdn_z-m1.log,62914560,5120,6144,1,0.21875,1310720,128,6144,327680,BF16,5120,6144,bounded_unpack_gemm,20,20480,,1.44149,,no_user_workspace_library_internal_in_free_after,0
72,gdn_z,nvfp4,33036435456,33099350016,506.3795,506.665,5120,0.077216,0.081312,.cache/task019/real-matrix/core/gdn_z-m1024.log,64424509440,5120,6144,1024,0.40625,64424509440,6144,6144,15728640,BF16,5120,6144,native_gemm,20,1966080,64424509440,1813.55,1.01307,cutlass_get_workspace_size,0
72,gdn_z,nvfp4,33036435456,33099350016,0.067463,0.075565,5120,0.051184,0.052896,.cache/task019/real-matrix/core/gdn_z-m1024.log,64424509440,5120,6144,1024,0.40625,62914560,6144,6144,15728640,BF16,5120,6144,same_weight_bf16_gemv,20,1966080,,1813.55,1.01307,no_explicit_workspace,0
72,gdn_z,mxfp4,33038532608,33099350016,485.512,487.84,5120,0.074768,0.08,.cache/task019/real-matrix/core/gdn_z-m1024.log,64424509440,5120,6144,1024,0.84375,64424509440,6144,6144,15728640,BF16,5120,6144,native_gemm,20,983040,64424509440,1654.62,0.967188,cutlass_get_workspace_size,0
72,gdn_z,mxfp4,33038532608,33099350016,0.065374,0.070534,5120,0.050640000000000004,0.056032,.cache/task019/real-matrix/core/gdn_z-m1024.log,64424509440,5120,6144,1024,0.84375,62914560,6144,6144,15728640,BF16,5120,6144,same_weight_bf16_gemv,20,983040,,1654.62,0.967188,no_explicit_workspace,0
,gdn_z,bf16,,,1.517875,1.52973,5120,0.301168,0.304576,.cache/task019/real-matrix/core/gdn_z-m1024.log,64424509440,5120,6144,1024,0.0,64424509440,6144,6144,62914560,BF16,5120,6144,library_gemm,20,0,,0.0,,no_user_workspace_library_internal_in_free_after,0
,gdn_z,q4g64,,,0.518961,0.52633,5120,0.020928000000000002,0.022848,.cache/task019/real-matrix/core/gdn_z-m1024.log,64424509440,5120,6144,1024,0.324463,1342177280,128,6144,327680,BF16,5120,6144,bounded_unpack_gemm,20,20480,,1.43831,,no_user_workspace_library_internal_in_free_after,0
72,gdn_z,nvfp4,33074184192,33099350016,63.444100000000006,63.5142,5120,0.026832,0.030208,.cache/task019/real-matrix/core/gdn_z-m128.log,8053063680,5120,6144,128,0.40625,8053063680,6144,6144,15728640,BF16,5120,6144,native_gemm,20,1966080,8053063680,1803.54,1.00312,cutlass_get_workspace_size,0
72,gdn_z,nvfp4,33074184192,33099350016,0.0629295,0.070995,5120,0.050991999999999996,0.056032,.cache/task019/real-matrix/core/gdn_z-m128.log,8053063680,5120,6144,128,0.40625,62914560,6144,6144,15728640,BF16,5120,6144,same_weight_bf16_gemv,20,1966080,,1803.54,1.00312,no_explicit_workspace,0
72,gdn_z,mxfp4,33074184192,33099350016,60.60155,60.6877,5120,0.027552,0.036512,.cache/task019/real-matrix/core/gdn_z-m128.log,8053063680,5120,6144,128,0.84375,8053063680,6144,6144,15728640,BF16,5120,6144,native_gemm,20,983040,8053063680,1648.36,0.97897,cutlass_get_workspace_size,0
72,gdn_z,mxfp4,33074184192,33099350016,0.067829,0.077136,5120,0.051184,0.05376,.cache/task019/real-matrix/core/gdn_z-m128.log,8053063680,5120,6144,128,0.84375,62914560,6144,6144,15728640,BF16,5120,6144,same_weight_bf16_gemv,20,983040,,1648.36,0.97897,no_explicit_workspace,0
,gdn_z,bf16,,,0.241349,0.256126,5120,0.049136,0.054624,.cache/task019/real-matrix/core/gdn_z-m128.log,8053063680,5120,6144,128,0.0,8053063680,6144,6144,62914560,BF16,5120,6144,library_gemm,20,0,,0.0,,no_user_workspace_library_internal_in_free_after,0
,gdn_z,q4g64,,,0.098036,0.109628,5120,0.01608,0.018112,.cache/task019/real-matrix/core/gdn_z-m128.log,8053063680,5120,6144,128,0.34375,167772160,128,6144,327680,BF16,5120,6144,bounded_unpack_gemm,20,20480,,1.4259,,no_user_workspace_library_internal_in_free_after,0
24,gdn_z,nvfp4,33080475648,33099350016,1.0647250000000001,1.08171,5120,0.03008,0.032,.cache/task019/real-matrix/core/gdn_z-m2.log,125829120,5120,6144,2,0.40625,125829120,6144,6144,15728640,BF16,5120,6144,native_gemm,20,1966080,8053063680,1806.32,1.01322,cutlass_get_workspace_size,0
24,gdn_z,nvfp4,33080475648,33099350016,0.0631405,0.073158,5120,0.05112,0.056224,.cache/task019/real-matrix/core/gdn_z-m2.log,125829120,5120,6144,2,0.40625,62914560,6144,6144,15728640,BF16,5120,6144,same_weight_bf16_gemv,20,1966080,,1806.32,1.01322,no_explicit_workspace,0
24,gdn_z,mxfp4,33080475648,33099350016,1.003455,1.03346,5120,0.030656,0.040576,.cache/task019/real-matrix/core/gdn_z-m2.log,125829120,5120,6144,2,0.84375,125829120,6144,6144,15728640,BF16,5120,6144,native_gemm,20,983040,8053063680,1645.49,1.02753,cutlass_get_workspace_size,0
24,gdn_z,mxfp4,33080475648,33099350016,0.0690615,0.074602,5120,0.05112,0.05776,.cache/task019/real-matrix/core/gdn_z-m2.log,125829120,5120,6144,2,0.84375,62914560,6144,6144,15728640,BF16,5120,6144,same_weight_bf16_gemv,20,983040,,1645.49,1.02753,no_explicit_workspace,0
,gdn_z,bf16,,,0.0317245,0.046398,5120,0.018768,0.020544,.cache/task019/real-matrix/core/gdn_z-m2.log,125829120,5120,6144,2,0.0,125829120,6144,6144,62914560,BF16,5120,6144,library_gemm,20,0,,0.0,,no_user_workspace_library_internal_in_free_after,0
,gdn_z,q4g64,,,0.0364645,0.042941,5120,0.02504,0.02592,.cache/task019/real-matrix/core/gdn_z-m2.log,125829120,5120,6144,2,0.324463,2621440,128,6144,327680,BF16,5120,6144,bounded_unpack_gemm,20,20480,,1.44994,,no_user_workspace_library_internal_in_free_after,0
72,gdn_z,nvfp4,33065795584,33099350016,126.953,127.097,5120,0.034672,0.041216,.cache/task019/real-matrix/core/gdn_z-m256.log,16106127360,5120,6144,256,0.40625,16106127360,6144,6144,15728640,BF16,5120,6144,native_gemm,20,1966080,16106127360,1808.75,0.993447,cutlass_get_workspace_size,0
72,gdn_z,nvfp4,33065795584,33099350016,0.0675335,0.071005,5120,0.050608,0.054304,.cache/task019/real-matrix/core/gdn_z-m256.log,16106127360,5120,6144,256,0.40625,62914560,6144,6144,15728640,BF16,5120,6144,same_weight_bf16_gemv,20,1966080,,1808.75,0.993447,no_explicit_workspace,0
72,gdn_z,mxfp4,33067892736,33099350016,121.24549999999999,121.355,5120,0.028224,0.032576,.cache/task019/real-matrix/core/gdn_z-m256.log,16106127360,5120,6144,256,0.84375,16106127360,6144,6144,15728640,BF16,5120,6144,native_gemm,20,983040,16106127360,1646.14,0.953762,cutlass_get_workspace_size,0
72,gdn_z,mxfp4,33067892736,33099350016,0.0628895,0.072047,5120,0.051136,0.056416,.cache/task019/real-matrix/core/gdn_z-m256.log,16106127360,5120,6144,256,0.84375,62914560,6144,6144,15728640,BF16,5120,6144,same_weight_bf16_gemv,20,983040,,1646.14,0.953762,no_explicit_workspace,0
,gdn_z,bf16,,,0.4184055,0.42542,5120,0.085328,0.091136,.cache/task019/real-matrix/core/gdn_z-m256.log,16106127360,5120,6144,256,0.0,16106127360,6144,6144,62914560,BF16,5120,6144,library_gemm,20,0,,0.0,,no_user_workspace_library_internal_in_free_after,0
,gdn_z,q4g64,,,0.1515785,0.172228,5120,0.01568,0.020736,.cache/task019/real-matrix/core/gdn_z-m256.log,16106127360,5120,6144,256,0.324463,335544320,128,6144,327680,BF16,5120,6144,bounded_unpack_gemm,20,20480,,1.46492,,no_user_workspace_library_internal_in_free_after,0
72,gdn_z,nvfp4,33078378496,33099350016,15.918099999999999,15.9408,5120,0.028512000000000003,0.029024,.cache/task019/real-matrix/core/gdn_z-m32.log,2013265920,5120,6144,32,0.40625,2013265920,6144,6144,15728640,BF16,5120,6144,native_gemm,20,1966080,8053063680,1808.38,1.01333,cutlass_get_workspace_size,0
72,gdn_z,nvfp4,33078378496,33099350016,0.063506,0.072278,5120,0.051024,0.057856,.cache/task019/real-matrix/core/gdn_z-m32.log,2013265920,5120,6144,32,0.40625,62914560,6144,6144,15728640,BF16,5120,6144,same_weight_bf16_gemv,20,1966080,,1808.38,1.01333,no_explicit_workspace,0
72,gdn_z,mxfp4,33078378496,33099350016,15.2781,15.324,5120,0.029408,0.038592,.cache/task019/real-matrix/core/gdn_z-m32.log,2013265920,5120,6144,32,0.84375,2013265920,6144,6144,15728640,BF16,5120,6144,native_gemm,20,983040,8053063680,1645.52,0.948553,cutlass_get_workspace_size,0
72,gdn_z,mxfp4,33078378496,33099350016,0.069472,0.074942,5120,0.051328,0.056992,.cache/task019/real-matrix/core/gdn_z-m32.log,2013265920,5120,6144,32,0.84375,62914560,6144,6144,15728640,BF16,5120,6144,same_weight_bf16_gemv,20,983040,,1645.52,0.948553,no_explicit_workspace,0
,gdn_z,bf16,,,0.08572250000000001,0.109238,5120,0.024592000000000003,0.034944,.cache/task019/real-matrix/core/gdn_z-m32.log,2013265920,5120,6144,32,0.0,2013265920,6144,6144,62914560,BF16,5120,6144,library_gemm,20,0,,0.0,,no_user_workspace_library_internal_in_free_after,0
,gdn_z,q4g64,,,0.0373965,0.053932,5120,0.008192,0.021568,.cache/task019/real-matrix/core/gdn_z-m32.log,2013265920,5120,6144,32,0.324463,41943040,128,6144,327680,BF16,5120,6144,bounded_unpack_gemm,20,20480,,1.43725,,no_user_workspace_library_internal_in_free_after,0
72,gdn_z,nvfp4,33059504128,33099350016,253.542,253.633,5120,0.053024,0.057824,.cache/task019/real-matrix/core/gdn_z-m512.log,32212254720,5120,6144,512,0.40625,32212254720,6144,6144,15728640,BF16,5120,6144,native_gemm,20,1966080,32212254720,1812.89,1.02796,cutlass_get_workspace_size,0
72,gdn_z,nvfp4,33059504128,33099350016,0.0632395,0.080303,5120,0.050976,0.057824,.cache/task019/real-matrix/core/gdn_z-m512.log,32212254720,5120,6144,512,0.40625,62914560,6144,6144,15728640,BF16,5120,6144,same_weight_bf16_gemv,20,1966080,,1812.89,1.02796,no_explicit_workspace,0
72,gdn_z,mxfp4,33059504128,33099350016,243.3465,243.472,5120,0.05424,0.057728,.cache/task019/real-matrix/core/gdn_z-m512.log,32212254720,5120,6144,512,0.84375,32212254720,6144,6144,15728640,BF16,5120,6144,native_gemm,20,983040,32212254720,1651.05,0.928604,cutlass_get_workspace_size,0
72,gdn_z,mxfp4,33059504128,33099350016,0.06897149999999999,0.075534,5120,0.051136,0.052128,.cache/task019/real-matrix/core/gdn_z-m512.log,32212254720,5120,6144,512,0.84375,62914560,6144,6144,15728640,BF16,5120,6144,same_weight_bf16_gemv,20,983040,,1651.05,0.928604,no_explicit_workspace,0
,gdn_z,bf16,,,0.7857235,0.81504,5120,0.14990399999999998,0.160864,.cache/task019/real-matrix/core/gdn_z-m512.log,32212254720,5120,6144,512,0.0,32212254720,6144,6144,62914560,BF16,5120,6144,library_gemm,20,0,,0.0,,no_user_workspace_library_internal_in_free_after,0
,gdn_z,q4g64,,,0.28150949999999997,0.295982,5120,0.015744,0.017344,.cache/task019/real-matrix/core/gdn_z-m512.log,32212254720,5120,6144,512,0.324463,671088640,128,6144,327680,BF16,5120,6144,bounded_unpack_gemm,20,20480,,1.46027,,no_user_workspace_library_internal_in_free_after,0
72,gdn_z,nvfp4,33076281344,33099350016,31.77115,31.8331,5120,0.026736,0.03712,.cache/task019/real-matrix/core/gdn_z-m64.log,4026531840,5120,6144,64,0.490234,4026531840,6144,6144,15728640,BF16,5120,6144,native_gemm,20,1966080,8053063680,1814.25,1.0516,cutlass_get_workspace_size,0
72,gdn_z,nvfp4,33076281344,33099350016,0.0633055,0.070674,5120,0.050976,0.05536,.cache/task019/real-matrix/core/gdn_z-m64.log,4026531840,5120,6144,64,0.490234,62914560,6144,6144,15728640,BF16,5120,6144,same_weight_bf16_gemv,20,1966080,,1814.25,1.0516,no_explicit_workspace,0
72,gdn_z,mxfp4,33078378496,33099350016,30.56575,30.6065,5120,0.027824,0.029792,.cache/task019/real-matrix/core/gdn_z-m64.log,4026531840,5120,6144,64,0.84375,4026531840,6144,6144,15728640,BF16,5120,6144,native_gemm,20,983040,8053063680,1649.31,0.96304,cutlass_get_workspace_size,0
72,gdn_z,mxfp4,33078378496,33099350016,0.062449,0.077678,5120,0.050816,0.056736,.cache/task019/real-matrix/core/gdn_z-m64.log,4026531840,5120,6144,64,0.84375,62914560,6144,6144,15728640,BF16,5120,6144,same_weight_bf16_gemv,20,983040,,1649.31,0.96304,no_explicit_workspace,0
,gdn_z,bf16,,,0.1517735,0.16849,5120,0.045904,0.048896,.cache/task019/real-matrix/core/gdn_z-m64.log,4026531840,5120,6144,64,0.0,4026531840,6144,6144,62914560,BF16,5120,6144,library_gemm,20,0,,0.0,,no_user_workspace_library_internal_in_free_after,0
,gdn_z,q4g64,,,0.0638765,0.076206,5120,0.015152,0.017216,.cache/task019/real-matrix/core/gdn_z-m64.log,4026531840,5120,6144,64,0.324463,83886080,128,6144,327680,BF16,5120,6144,bounded_unpack_gemm,20,20480,,1.44465,,no_user_workspace_library_internal_in_free_after,0
72,gdn_z,nvfp4,33078378496,33099350016,4.06978,4.0783,5120,0.032208,0.040768,.cache/task019/real-matrix/core/gdn_z-m8.log,503316480,5120,6144,8,0.40625,503316480,6144,6144,15728640,BF16,5120,6144,native_gemm,20,1966080,8053063680,1806.36,1.0024,cutlass_get_workspace_size,0
72,gdn_z,nvfp4,33078378496,33099350016,0.0635105,0.070624,5120,0.051088,0.052096,.cache/task019/real-matrix/core/gdn_z-m8.log,503316480,5120,6144,8,0.40625,62914560,6144,6144,15728640,BF16,5120,6144,same_weight_bf16_gemv,20,1966080,,1806.36,1.0024,no_explicit_workspace,0
72,gdn_z,mxfp4,33080475648,33099350016,3.8983,3.90844,5120,0.032063999999999995,0.032992,.cache/task019/real-matrix/core/gdn_z-m8.log,503316480,5120,6144,8,0.84375,503316480,6144,6144,15728640,BF16,5120,6144,native_gemm,20,983040,8053063680,1650.3,0.946578,cutlass_get_workspace_size,0
72,gdn_z,mxfp4,33080475648,33099350016,0.062319,0.071275,5120,0.05104,0.05648,.cache/task019/real-matrix/core/gdn_z-m8.log,503316480,5120,6144,8,0.84375,62914560,6144,6144,15728640,BF16,5120,6144,same_weight_bf16_gemv,20,983040,,1650.3,0.946578,no_explicit_workspace,0
,gdn_z,bf16,,,0.03662,0.049023,5120,0.016416,0.026784,.cache/task019/real-matrix/core/gdn_z-m8.log,503316480,5120,6144,8,0.0,503316480,6144,6144,62914560,BF16,5120,6144,library_gemm,20,0,,0.0,,no_user_workspace_library_internal_in_free_after,0
,gdn_z,q4g64,,,0.02354,0.042441,5120,0.008768,0.024352,.cache/task019/real-matrix/core/gdn_z-m8.log,503316480,5120,6144,8,0.324463,10485760,128,6144,327680,BF16,5120,6144,bounded_unpack_gemm,20,20480,,1.44428,,no_user_workspace_library_internal_in_free_after,0
12,mlp_down,nvfp4,33044824064,33099350016,1.7997,1.81539,17408,0.06289600000000001,0.065472,.cache/task019/real-matrix/core/mlp_down-m1.log,178257920,17408,5120,1,0.359375,178257920,5120,5120,44564480,BF16,17408,5120,native_gemm,20,5570560,22817013760,5100.34,2.79096,cutlass_get_workspace_size,0
12,mlp_down,nvfp4,33044824064,33099350016,0.1578945,0.166316,17408,0.135712,0.138752,.cache/task019/real-matrix/core/mlp_down-m1.log,178257920,17408,5120,1,0.359375,178257920,5120,5120,44564480,BF16,17408,5120,same_weight_bf16_gemv,20,5570560,,5100.34,2.79096,no_explicit_workspace,0
12,mlp_down,mxfp4,33046921216,33099350016,1.69585,1.70831,17408,0.064928,0.069792,.cache/task019/real-matrix/core/mlp_down-m1.log,178257920,17408,5120,1,0.394531,178257920,5120,5120,44564480,BF16,17408,5120,native_gemm,20,2785280,22817013760,4686.62,2.65587,cutlass_get_workspace_size,0
12,mlp_down,mxfp4,33046921216,33099350016,0.1580495,0.162568,17408,0.13756800000000002,0.14208,.cache/task019/real-matrix/core/mlp_down-m1.log,178257920,17408,5120,1,0.394531,178257920,5120,5120,44564480,BF16,17408,5120,same_weight_bf16_gemv,20,2785280,,4686.62,2.65587,no_explicit_workspace,0
,mlp_down,bf16,,,0.1350465,0.145586,17408,0.11296,0.122912,.cache/task019/real-matrix/core/mlp_down-m1.log,178257920,17408,5120,1,0.0,178257920,5120,5120,178257920,BF16,17408,5120,library_gemm,20,0,,0.0,,no_user_workspace_library_internal_in_free_after,0
,mlp_down,q4g64,,,0.025574,0.033714,17408,0.011328,0.020064,.cache/task019/real-matrix/core/mlp_down-m1.log,178257920,17408,5120,1,0.25,4456448,128,5120,1114112,BF16,17408,5120,bounded_unpack_gemm,20,69632,,4.82301,,no_user_workspace_library_internal_in_free_after,0
72,mlp_down,nvfp4,33002881024,33099350016,1728.3049999999998,1730.55,17408,0.16799999999999998,0.177952,.cache/task019/real-matrix/core/mlp_down-m1024.log,182536110080,17408,5120,1024,0.359375,182536110080,5120,5120,44564480,BF16,17408,5120,native_gemm,20,5570560,182536110080,5111.42,2.7942,cutlass_get_workspace_size,0
72,mlp_down,nvfp4,33002881024,33099350016,0.156748,0.16826,17408,0.13547199999999998,0.13776,.cache/task019/real-matrix/core/mlp_down-m1024.log,182536110080,17408,5120,1024,0.359375,178257920,5120,5120,44564480,BF16,17408,5120,same_weight_bf16_gemv,20,5570560,,5111.42,2.7942,no_explicit_workspace,0
72,mlp_down,mxfp4,33004978176,33099350016,1655.5549999999998,1658.27,17408,0.164384,0.177152,.cache/task019/real-matrix/core/mlp_down-m1024.log,182536110080,17408,5120,1024,0.394531,182536110080,5120,5120,44564480,BF16,17408,5120,native_gemm,20,2785280,182536110080,4689.32,2.62405,cutlass_get_workspace_size,0
72,mlp_down,mxfp4,33004978176,33099350016,0.1565635,0.160355,17408,0.136432,0.142688,.cache/task019/real-matrix/core/mlp_down-m1024.log,182536110080,17408,5120,1024,0.394531,178257920,5120,5120,44564480,BF16,17408,5120,same_weight_bf16_gemv,20,2785280,,4689.32,2.62405,no_explicit_workspace,0
,mlp_down,bf16,,,3.195575,3.27723,17408,0.835296,0.84528,.cache/task019/real-matrix/core/mlp_down-m1024.log,182536110080,17408,5120,1024,0.0,182536110080,5120,5120,178257920,BF16,17408,5120,library_gemm,20,0,,0.0,,no_user_workspace_library_internal_in_free_after,0
,mlp_down,q4g64,,,1.872715,1.8959,17408,0.062495999999999996,0.069408,.cache/task019/real-matrix/core/mlp_down-m1024.log,182536110080,17408,5120,1024,0.25,4563402752,128,5120,1114112,BF16,17408,5120,bounded_unpack_gemm,20,69632,,4.85236,,no_user_workspace_library_internal_in_free_after,0
72,mlp_down,nvfp4,33038532608,33099350016,216.613,216.888,17408,0.06884799999999999,0.0712,.cache/task019/real-matrix/core/mlp_down-m128.log,22817013760,17408,5120,128,0.359375,22817013760,5120,5120,44564480,BF16,17408,5120,native_gemm,20,5570560,22817013760,5132.46,2.80986,cutlass_get_workspace_size,0
72,mlp_down,nvfp4,33038532608,33099350016,0.15821,0.162229,17408,0.137552,0.1424,.cache/task019/real-matrix/core/mlp_down-m128.log,22817013760,17408,5120,128,0.359375,178257920,5120,5120,44564480,BF16,17408,5120,same_weight_bf16_gemv,20,5570560,,5132.46,2.80986,no_explicit_workspace,0
72,mlp_down,mxfp4,33040629760,33099350016,206.974,207.087,17408,0.0688,0.071552,.cache/task019/real-matrix/core/mlp_down-m128.log,22817013760,17408,5120,128,0.394531,22817013760,5120,5120,44564480,BF16,17408,5120,native_gemm,20,2785280,22817013760,4690.29,2.63241,cutlass_get_workspace_size,0
72,mlp_down,mxfp4,33040629760,33099350016,0.158346,0.164393,17408,0.13624,0.137824,.cache/task019/real-matrix/core/mlp_down-m128.log,22817013760,17408,5120,128,0.394531,178257920,5120,5120,44564480,BF16,17408,5120,same_weight_bf16_gemv,20,2785280,,4690.29,2.63241,no_explicit_workspace,0
,mlp_down,bf16,,,0.4456265,0.45827,17408,0.137248,0.145216,.cache/task019/real-matrix/core/mlp_down-m128.log,22817013760,17408,5120,128,0.0,22817013760,5120,5120,178257920,BF16,17408,5120,library_gemm,20,0,,0.0,,no_user_workspace_library_internal_in_free_after,0
,mlp_down,q4g64,,,0.23978,0.248883,17408,0.02224,0.024512,.cache/task019/real-matrix/core/mlp_down-m128.log,22817013760,17408,5120,128,0.25,570425344,128,5120,1114112,BF16,17408,5120,bounded_unpack_gemm,20,69632,,4.85148,,no_user_workspace_library_internal_in_free_after,0
24,mlp_down,nvfp4,33044824064,33099350016,3.5014649999999996,3.50994,17408,0.062864,0.06336,.cache/task019/real-matrix/core/mlp_down-m2.log,356515840,17408,5120,2,0.359375,356515840,5120,5120,44564480,BF16,17408,5120,native_gemm,20,5570560,22817013760,5119.6,2.78968,cutlass_get_workspace_size,0
24,mlp_down,nvfp4,33044824064,33099350016,0.158141,0.159975,17408,0.138032,0.142368,.cache/task019/real-matrix/core/mlp_down-m2.log,356515840,17408,5120,2,0.359375,178257920,5120,5120,44564480,BF16,17408,5120,same_weight_bf16_gemv,20,5570560,,5119.6,2.78968,no_explicit_workspace,0
24,mlp_down,mxfp4,33046921216,33099350016,3.3043649999999998,3.32968,17408,0.06478400000000001,0.07376,.cache/task019/real-matrix/core/mlp_down-m2.log,356515840,17408,5120,2,0.394531,356515840,5120,5120,44564480,BF16,17408,5120,native_gemm,20,2785280,22817013760,4680.48,2.62528,cutlass_get_workspace_size,0
24,mlp_down,mxfp4,33046921216,33099350016,0.1584155,0.171416,17408,0.13712000000000002,0.139296,.cache/task019/real-matrix/core/mlp_down-m2.log,356515840,17408,5120,2,0.394531,178257920,5120,5120,44564480,BF16,17408,5120,same_weight_bf16_gemv,20,2785280,,4680.48,2.62528,no_explicit_workspace,0
,mlp_down,bf16,,,0.1342055,0.15321,17408,0.11412800000000001,0.128256,.cache/task019/real-matrix/core/mlp_down-m2.log,356515840,17408,5120,2,0.0,356515840,5120,5120,178257920,BF16,17408,5120,library_gemm,20,0,,0.0,,no_user_workspace_library_internal_in_free_after,0
,mlp_down,q4g64,,,0.026065,0.047891,17408,0.01208,0.025472,.cache/task019/real-matrix/core/mlp_down-m2.log,356515840,17408,5120,2,0.25,8912896,128,5120,1114112,BF16,17408,5120,bounded_unpack_gemm,20,69632,,4.91673,,no_user_workspace_library_internal_in_free_after,0
72,mlp_down,nvfp4,33028046848,33099350016,432.27750000000003,432.601,17408,0.07264000000000001,0.077376,.cache/task019/real-matrix/core/mlp_down-m256.log,45634027520,17408,5120,256,0.359375,45634027520,5120,5120,44564480,BF16,17408,5120,native_gemm,20,5570560,45634027520,5125.91,2.97926,cutlass_get_workspace_size,0
72,mlp_down,nvfp4,33028046848,33099350016,0.15828599999999998,0.171967,17408,0.13617600000000002,0.139328,.cache/task019/real-matrix/core/mlp_down-m256.log,45634027520,17408,5120,256,0.359375,178257920,5120,5120,44564480,BF16,17408,5120,same_weight_bf16_gemv,20,5570560,,5125.91,2.97926,no_explicit_workspace,0
72,mlp_down,mxfp4,33030144000,33099350016,413.7895,414.665,17408,0.074384,0.080544,.cache/task019/real-matrix/core/mlp_down-m256.log,45634027520,17408,5120,256,0.394531,45634027520,5120,5120,44564480,BF16,17408,5120,native_gemm,20,2785280,45634027520,4695.19,2.63435,cutlass_get_workspace_size,0
72,mlp_down,mxfp4,33030144000,33099350016,0.1577355,0.164212,17408,0.13785599999999998,0.142208,.cache/task019/real-matrix/core/mlp_down-m256.log,45634027520,17408,5120,256,0.394531,178257920,5120,5120,44564480,BF16,17408,5120,same_weight_bf16_gemv,20,2785280,,4695.19,2.63435,no_explicit_workspace,0
,mlp_down,bf16,,,0.7947345,0.803587,17408,0.224768,0.229664,.cache/task019/real-matrix/core/mlp_down-m256.log,45634027520,17408,5120,256,0.0,45634027520,5120,5120,178257920,BF16,17408,5120,library_gemm,20,0,,0.0,,no_user_workspace_library_internal_in_free_after,0
,mlp_down,q4g64,,,0.433864,0.44257,17408,0.02392,0.029568,.cache/task019/real-matrix/core/mlp_down-m256.log,45634027520,17408,5120,256,0.25,1140850688,128,5120,1114112,BF16,17408,5120,bounded_unpack_gemm,20,69632,,4.83905,,no_user_workspace_library_internal_in_free_after,0
72,mlp_down,nvfp4,33044824064,33099350016,54.1094,54.1564,17408,0.06803200000000001,0.071392,.cache/task019/real-matrix/core/mlp_down-m32.log,5704253440,17408,5120,32,0.359375,5704253440,5120,5120,44564480,BF16,17408,5120,native_gemm,20,5570560,22817013760,5131.14,2.81505,cutlass_get_workspace_size,0
72,mlp_down,nvfp4,33044824064,33099350016,0.15723399999999998,0.165034,17408,0.137248,0.142336,.cache/task019/real-matrix/core/mlp_down-m32.log,5704253440,17408,5120,32,0.359375,178257920,5120,5120,44564480,BF16,17408,5120,same_weight_bf16_gemv,20,5570560,,5131.14,2.81505,no_explicit_workspace,0
72,mlp_down,mxfp4,33046921216,33099350016,51.7032,51.7746,17408,0.070048,0.071616,.cache/task019/real-matrix/core/mlp_down-m32.log,5704253440,17408,5120,32,0.394531,5704253440,5120,5120,44564480,BF16,17408,5120,native_gemm,20,2785280,22817013760,4697.25,2.70303,cutlass_get_workspace_size,0
72,mlp_down,mxfp4,33046921216,33099350016,0.158356,0.163971,17408,0.136656,0.138496,.cache/task019/real-matrix/core/mlp_down-m32.log,5704253440,17408,5120,32,0.394531,178257920,5120,5120,44564480,BF16,17408,5120,same_weight_bf16_gemv,20,2785280,,4697.25,2.70303,no_explicit_workspace,0
,mlp_down,bf16,,,0.232907,0.240507,17408,0.129728,0.133856,.cache/task019/real-matrix/core/mlp_down-m32.log,5704253440,17408,5120,32,0.0,5704253440,5120,5120,178257920,BF16,17408,5120,library_gemm,20,0,,0.0,,no_user_workspace_library_internal_in_free_after,0
,mlp_down,q4g64,,,0.091233,0.09977,17408,0.0164,0.020032,.cache/task019/real-matrix/core/mlp_down-m32.log,5704253440,17408,5120,32,0.25,142606336,128,5120,1114112,BF16,17408,5120,bounded_unpack_gemm,20,69632,,4.82411,,no_user_workspace_library_internal_in_free_after,0
72,mlp_down,nvfp4,33019658240,33099350016,863.851,865.097,17408,0.091648,0.0952,.cache/task019/real-matrix/core/mlp_down-m512.log,91268055040,17408,5120,512,0.359375,91268055040,5120,5120,44564480,BF16,17408,5120,native_gemm,20,5570560,91268055040,5109.75,2.76444,cutlass_get_workspace_size,0
72,mlp_down,nvfp4,33019658240,33099350016,0.1563965,0.165786,17408,0.13630399999999998,0.142368,.cache/task019/real-matrix/core/mlp_down-m512.log,91268055040,17408,5120,512,0.359375,178257920,5120,5120,44564480,BF16,17408,5120,same_weight_bf16_gemv,20,5570560,,5109.75,2.76444,no_explicit_workspace,0
72,mlp_down,mxfp4,33021755392,33099350016,827.1980000000001,828.248,17408,0.088992,0.092544,.cache/task019/real-matrix/core/mlp_down-m512.log,91268055040,17408,5120,512,0.394531,91268055040,5120,5120,44564480,BF16,17408,5120,native_gemm,20,2785280,91268055040,4697.03,2.60688,cutlass_get_workspace_size,0
72,mlp_down,mxfp4,33021755392,33099350016,0.15895700000000001,0.172488,17408,0.13561600000000001,0.13968,.cache/task019/real-matrix/core/mlp_down-m512.log,91268055040,17408,5120,512,0.394531,178257920,5120,5120,44564480,BF16,17408,5120,same_weight_bf16_gemv,20,2785280,,4697.03,2.60688,no_explicit_workspace,0
,mlp_down,bf16,,,1.53799,1.55847,17408,0.42432000000000003,0.434272,.cache/task019/real-matrix/core/mlp_down-m512.log,91268055040,17408,5120,512,0.0,91268055040,5120,5120,178257920,BF16,17408,5120,library_gemm,20,0,,0.0,,no_user_workspace_library_internal_in_free_after,0
,mlp_down,q4g64,,,0.830793,0.841288,17408,0.030144,0.031232,.cache/task019/real-matrix/core/mlp_down-m512.log,91268055040,17408,5120,512,0.25,2281701376,128,5120,1114112,BF16,17408,5120,bounded_unpack_gemm,20,69632,,4.84817,,no_user_workspace_library_internal_in_free_after,0
72,mlp_down,nvfp4,33042726912,33099350016,108.1885,108.247,17408,0.06956799999999999,0.072608,.cache/task019/real-matrix/core/mlp_down-m64.log,11408506880,17408,5120,64,0.359375,11408506880,5120,5120,44564480,BF16,17408,5120,native_gemm,20,5570560,22817013760,5112.79,2.77735,cutlass_get_workspace_size,0
72,mlp_down,nvfp4,33042726912,33099350016,0.1587825,0.16879,17408,0.136768,0.138912,.cache/task019/real-matrix/core/mlp_down-m64.log,11408506880,17408,5120,64,0.359375,178257920,5120,5120,44564480,BF16,17408,5120,same_weight_bf16_gemv,20,5570560,,5112.79,2.77735,no_explicit_workspace,0
72,mlp_down,mxfp4,33044824064,33099350016,103.54750000000001,103.642,17408,0.0712,0.073632,.cache/task019/real-matrix/core/mlp_down-m64.log,11408506880,17408,5120,64,0.394531,11408506880,5120,5120,44564480,BF16,17408,5120,native_gemm,20,2785280,22817013760,4692.71,2.60928,cutlass_get_workspace_size,0
72,mlp_down,mxfp4,33044824064,33099350016,0.158316,0.162379,17408,0.138016,0.142688,.cache/task019/real-matrix/core/mlp_down-m64.log,11408506880,17408,5120,64,0.394531,178257920,5120,5120,44564480,BF16,17408,5120,same_weight_bf16_gemv,20,2785280,,4692.71,2.60928,no_explicit_workspace,0
,mlp_down,bf16,,,0.308682,0.315049,17408,0.13232,0.139616,.cache/task019/real-matrix/core/mlp_down-m64.log,11408506880,17408,5120,64,0.0,11408506880,5120,5120,178257920,BF16,17408,5120,library_gemm,20,0,,0.0,,no_user_workspace_library_internal_in_free_after,0
,mlp_down,q4g64,,,0.14115850000000002,0.146538,17408,0.017936,0.021568,.cache/task019/real-matrix/core/mlp_down-m64.log,11408506880,17408,5120,64,0.25,285212672,128,5120,1114112,BF16,17408,5120,bounded_unpack_gemm,20,69632,,4.83373,,no_user_workspace_library_internal_in_free_after,0
72,mlp_down,nvfp4,33044824064,33099350016,13.64065,13.6744,17408,0.06864,0.070912,.cache/task019/real-matrix/core/mlp_down-m8.log,1426063360,17408,5120,8,0.359375,1426063360,5120,5120,44564480,BF16,17408,5120,native_gemm,20,5570560,22817013760,5117.6,2.80338,cutlass_get_workspace_size,0
72,mlp_down,nvfp4,33044824064,33099350016,0.158451,0.166737,17408,0.136736,0.137664,.cache/task019/real-matrix/core/mlp_down-m8.log,1426063360,17408,5120,8,0.359375,178257920,5120,5120,44564480,BF16,17408,5120,same_weight_bf16_gemv,20,5570560,,5117.6,2.80338,no_explicit_workspace,0
72,mlp_down,mxfp4,33046921216,33099350016,13.04375,13.0639,17408,0.069488,0.071648,.cache/task019/real-matrix/core/mlp_down-m8.log,1426063360,17408,5120,8,0.394531,1426063360,5120,5120,44564480,BF16,17408,5120,native_gemm,20,2785280,22817013760,4700.62,2.64313,cutlass_get_workspace_size,0
72,mlp_down,mxfp4,33046921216,33099350016,0.1574335,0.164583,17408,0.138352,0.143776,.cache/task019/real-matrix/core/mlp_down-m8.log,1426063360,17408,5120,8,0.394531,178257920,5120,5120,44564480,BF16,17408,5120,same_weight_bf16_gemv,20,2785280,,4700.62,2.64313,no_explicit_workspace,0
,mlp_down,bf16,,,0.149674,0.167869,17408,0.114672,0.126592,.cache/task019/real-matrix/core/mlp_down-m8.log,1426063360,17408,5120,8,0.0,1426063360,5120,5120,178257920,BF16,17408,5120,library_gemm,20,0,,0.0,,no_user_workspace_library_internal_in_free_after,0
,mlp_down,q4g64,,,0.037446,0.054022,17408,0.011824000000000001,0.022368,.cache/task019/real-matrix/core/mlp_down-m8.log,1426063360,17408,5120,8,0.25,35651584,128,5120,1114112,BF16,17408,5120,bounded_unpack_gemm,20,69632,,4.79392,,no_user_workspace_library_internal_in_free_after,0
12,mlp_gate,nvfp4,33044824064,33099350016,0.599559,0.614678,5120,0.06232,0.07184,.cache/task019/real-matrix/core/mlp_gate-m1.log,178257920,5120,17408,1,0.133789,178257920,17408,17408,44564480,BF16,5120,17408,native_gemm,20,5570560,22817013760,5111.17,2.78202,cutlass_get_workspace_size,0
12,mlp_gate,nvfp4,33044824064,33099350016,0.155726,0.161197,5120,0.13563199999999997,0.14176,.cache/task019/real-matrix/core/mlp_gate-m1.log,178257920,5120,17408,1,0.133789,178257920,17408,17408,44564480,BF16,5120,17408,same_weight_bf16_gemv,20,5570560,,5111.17,2.78202,no_explicit_workspace,0
12,mlp_gate,mxfp4,33046921216,33099350016,0.5578295,0.57381,5120,0.060752,0.062784,.cache/task019/real-matrix/core/mlp_gate-m1.log,178257920,5120,17408,1,0.253906,178257920,17408,17408,44564480,BF16,5120,17408,native_gemm,20,2785280,22817013760,4671.4,2.61182,cutlass_get_workspace_size,0
12,mlp_gate,mxfp4,33046921216,33099350016,0.156217,0.162119,5120,0.138256,0.142432,.cache/task019/real-matrix/core/mlp_gate-m1.log,178257920,5120,17408,1,0.253906,178257920,17408,17408,44564480,BF16,5120,17408,same_weight_bf16_gemv,20,2785280,,4671.4,2.61182,no_explicit_workspace,0
,mlp_gate,bf16,,,0.1294515,0.137632,5120,0.112592,0.121952,.cache/task019/real-matrix/core/mlp_gate-m1.log,178257920,5120,17408,1,0.0,178257920,17408,17408,178257920,BF16,5120,17408,library_gemm,20,0,,0.0,,no_user_workspace_library_internal_in_free_after,0
,mlp_gate,q4g64,,,0.021836500000000002,0.028164,5120,0.010064,0.012288,.cache/task019/real-matrix/core/mlp_gate-m1.log,178257920,5120,17408,1,0.162109,1310720,128,17408,327680,BF16,5120,17408,bounded_unpack_gemm,20,20480,,1.45425,,no_user_workspace_library_internal_in_free_after,0
72,mlp_gate,nvfp4,32933675008,33099350016,507.611,507.962,5120,0.165568,0.170208,.cache/task019/real-matrix/core/mlp_gate-m1024.log,182536110080,5120,17408,1024,0.328125,182536110080,17408,17408,44564480,BF16,5120,17408,native_gemm,20,5570560,182536110080,5114.64,2.83197,cutlass_get_workspace_size,0
72,mlp_gate,nvfp4,32933675008,33099350016,0.1565985,0.16824,5120,0.136352,0.142432,.cache/task019/real-matrix/core/mlp_gate-m1024.log,182536110080,5120,17408,1024,0.328125,178257920,17408,17408,44564480,BF16,5120,17408,same_weight_bf16_gemv,20,5570560,,5114.64,2.83197,no_explicit_workspace,0
72,mlp_gate,mxfp4,32935772160,33099350016,488.5475,489.021,5120,0.163952,0.167712,.cache/task019/real-matrix/core/mlp_gate-m1024.log,182536110080,5120,17408,1024,0.253906,182536110080,17408,17408,44564480,BF16,5120,17408,native_gemm,20,2785280,182536110080,4666.79,2.6753,cutlass_get_workspace_size,0
72,mlp_gate,mxfp4,32935772160,33099350016,0.15610200000000002,0.165023,5120,0.13728,0.143648,.cache/task019/real-matrix/core/mlp_gate-m1024.log,182536110080,5120,17408,1024,0.253906,178257920,17408,17408,44564480,BF16,5120,17408,same_weight_bf16_gemv,20,2785280,,4666.79,2.6753,no_explicit_workspace,0
,mlp_gate,bf16,,,3.45935,3.47818,5120,0.918864,0.928544,.cache/task019/real-matrix/core/mlp_gate-m1024.log,182536110080,5120,17408,1024,0.0,182536110080,17408,17408,178257920,BF16,5120,17408,library_gemm,20,0,,0.0,,no_user_workspace_library_internal_in_free_after,0
,mlp_gate,q4g64,,,0.5186299999999999,0.52659,5120,0.019808,0.021536,.cache/task019/real-matrix/core/mlp_gate-m1024.log,182536110080,5120,17408,1024,0.21875,1342177280,128,17408,327680,BF16,5120,17408,bounded_unpack_gemm,20,20480,,1.47107,,no_user_workspace_library_internal_in_free_after,0
72,mlp_gate,nvfp4,33025949696,33099350016,63.199799999999996,63.5467,5120,0.030656,0.03232,.cache/task019/real-matrix/core/mlp_gate-m128.log,22817013760,5120,17408,128,0.277344,22817013760,17408,17408,44564480,BF16,5120,17408,native_gemm,20,5570560,22817013760,5103.88,2.75255,cutlass_get_workspace_size,0
72,mlp_gate,nvfp4,33025949696,33099350016,0.156182,0.163641,5120,0.13776,0.14256,.cache/task019/real-matrix/core/mlp_gate-m128.log,22817013760,5120,17408,128,0.277344,178257920,17408,17408,44564480,BF16,5120,17408,same_weight_bf16_gemv,20,5570560,,5103.88,2.75255,no_explicit_workspace,0
72,mlp_gate,mxfp4,33028046848,33099350016,60.75165,61.2994,5120,0.032608,0.040128,.cache/task019/real-matrix/core/mlp_gate-m128.log,22817013760,5120,17408,128,0.253906,22817013760,17408,17408,44564480,BF16,5120,17408,native_gemm,20,2785280,22817013760,4688.2,2.59535,cutlass_get_workspace_size,0
72,mlp_gate,mxfp4,33028046848,33099350016,0.15755950000000002,0.161536,5120,0.137328,0.142304,.cache/task019/real-matrix/core/mlp_gate-m128.log,22817013760,5120,17408,128,0.253906,178257920,17408,17408,44564480,BF16,5120,17408,same_weight_bf16_gemv,20,2785280,,4688.2,2.59535,no_explicit_workspace,0
,mlp_gate,bf16,,,0.4867745,0.495242,5120,0.129984,0.14144,.cache/task019/real-matrix/core/mlp_gate-m128.log,22817013760,5120,17408,128,0.0,22817013760,17408,17408,178257920,BF16,5120,17408,library_gemm,20,0,,0.0,,no_user_workspace_library_internal_in_free_after,0
,mlp_gate,q4g64,,,0.09736500000000001,0.106372,5120,0.015584,0.01872,.cache/task019/real-matrix/core/mlp_gate-m128.log,22817013760,5120,17408,128,0.21875,167772160,128,17408,327680,BF16,5120,17408,bounded_unpack_gemm,20,20480,,1.45504,,no_user_workspace_library_internal_in_free_after,0
24,mlp_gate,nvfp4,33044824064,33099350016,1.09458,1.10854,5120,0.059072,0.060448,.cache/task019/real-matrix/core/mlp_gate-m2.log,356515840,5120,17408,2,0.169922,356515840,17408,17408,44564480,BF16,5120,17408,native_gemm,20,5570560,22817013760,5112.93,2.78803,cutlass_get_workspace_size,0
24,mlp_gate,nvfp4,33044824064,33099350016,0.154368,0.1577,5120,0.136608,0.140992,.cache/task019/real-matrix/core/mlp_gate-m2.log,356515840,5120,17408,2,0.169922,178257920,17408,17408,44564480,BF16,5120,17408,same_weight_bf16_gemv,20,5570560,,5112.93,2.78803,no_explicit_workspace,0
24,mlp_gate,mxfp4,33046921216,33099350016,1.046455,1.06103,5120,0.0588,0.06896,.cache/task019/real-matrix/core/mlp_gate-m2.log,356515840,5120,17408,2,0.253906,356515840,17408,17408,44564480,BF16,5120,17408,native_gemm,20,2785280,22817013760,4679.48,2.61933,cutlass_get_workspace_size,0
24,mlp_gate,mxfp4,33046921216,33099350016,0.157855,0.162579,5120,0.13750400000000002,0.142944,.cache/task019/real-matrix/core/mlp_gate-m2.log,356515840,5120,17408,2,0.253906,178257920,17408,17408,44564480,BF16,5120,17408,same_weight_bf16_gemv,20,2785280,,4679.48,2.61933,no_explicit_workspace,0
,mlp_gate,bf16,,,0.13666,0.145616,5120,0.115744,0.127648,.cache/task019/real-matrix/core/mlp_gate-m2.log,356515840,5120,17408,2,0.0,356515840,17408,17408,178257920,BF16,5120,17408,library_gemm,20,0,,0.0,,no_user_workspace_library_internal_in_free_after,0
,mlp_gate,q4g64,,,0.036554500000000004,0.051569,5120,0.025008,0.03776,.cache/task019/real-matrix/core/mlp_gate-m2.log,356515840,5120,17408,2,0.162109,2621440,128,17408,327680,BF16,5120,17408,bounded_unpack_gemm,20,20480,,1.42722,,no_user_workspace_library_internal_in_free_after,0
72,mlp_gate,nvfp4,33013366784,33099350016,127.138,127.305,5120,0.05608,0.06128,.cache/task019/real-matrix/core/mlp_gate-m256.log,45634027520,5120,17408,256,0.238281,45634027520,17408,17408,44564480,BF16,5120,17408,native_gemm,20,5570560,45634027520,5111.02,2.81612,cutlass_get_workspace_size,0
72,mlp_gate,nvfp4,33013366784,33099350016,0.1557105,0.167549,5120,0.136576,0.142912,.cache/task019/real-matrix/core/mlp_gate-m256.log,45634027520,5120,17408,256,0.238281,178257920,17408,17408,44564480,BF16,5120,17408,same_weight_bf16_gemv,20,5570560,,5111.02,2.81612,no_explicit_workspace,0
72,mlp_gate,mxfp4,33015463936,33099350016,121.382,122.098,5120,0.048832,0.05104,.cache/task019/real-matrix/core/mlp_gate-m256.log,45634027520,5120,17408,256,0.308594,45634027520,17408,17408,44564480,BF16,5120,17408,native_gemm,20,2785280,45634027520,4670.42,2.67755,cutlass_get_workspace_size,0
72,mlp_gate,mxfp4,33015463936,33099350016,0.157298,0.167619,5120,0.139152,0.142528,.cache/task019/real-matrix/core/mlp_gate-m256.log,45634027520,5120,17408,256,0.308594,178257920,17408,17408,44564480,BF16,5120,17408,same_weight_bf16_gemv,20,2785280,,4670.42,2.67755,no_explicit_workspace,0
,mlp_gate,bf16,,,0.9097985,0.932301,5120,0.24542399999999998,0.2552,.cache/task019/real-matrix/core/mlp_gate-m256.log,45634027520,5120,17408,256,0.0,45634027520,17408,17408,178257920,BF16,5120,17408,library_gemm,20,0,,0.0,,no_user_workspace_library_internal_in_free_after,0
,mlp_gate,q4g64,,,0.1525745,0.170323,5120,0.016624,0.020704,.cache/task019/real-matrix/core/mlp_gate-m256.log,45634027520,5120,17408,256,0.21875,335544320,128,17408,327680,BF16,5120,17408,bounded_unpack_gemm,20,20480,,1.44781,,no_user_workspace_library_internal_in_free_after,0
72,mlp_gate,nvfp4,33040629760,33099350016,15.97535,16.0252,5120,0.054768,0.056896,.cache/task019/real-matrix/core/mlp_gate-m32.log,5704253440,5120,17408,32,0.230469,5704253440,17408,17408,44564480,BF16,5120,17408,native_gemm,20,5570560,22817013760,5109.26,2.77592,cutlass_get_workspace_size,0
72,mlp_gate,nvfp4,33040629760,33099350016,0.15574549999999998,0.15842,5120,0.137696,0.142496,.cache/task019/real-matrix/core/mlp_gate-m32.log,5704253440,5120,17408,32,0.230469,178257920,17408,17408,44564480,BF16,5120,17408,same_weight_bf16_gemv,20,5570560,,5109.26,2.77592,no_explicit_workspace,0
72,mlp_gate,mxfp4,33042726912,33099350016,15.25765,15.4443,5120,0.055088,0.063584,.cache/task019/real-matrix/core/mlp_gate-m32.log,5704253440,5120,17408,32,0.253906,5704253440,17408,17408,44564480,BF16,5120,17408,native_gemm,20,2785280,22817013760,4685.17,2.618,cutlass_get_workspace_size,0
72,mlp_gate,mxfp4,33042726912,33099350016,0.158586,0.16813,5120,0.13739200000000001,0.150432,.cache/task019/real-matrix/core/mlp_gate-m32.log,5704253440,5120,17408,32,0.253906,178257920,17408,17408,44564480,BF16,5120,17408,same_weight_bf16_gemv,20,2785280,,4685.17,2.618,no_explicit_workspace,0
,mlp_gate,bf16,,,0.2439985,0.254413,5120,0.128416,0.13104,.cache/task019/real-matrix/core/mlp_gate-m32.log,5704253440,5120,17408,32,0.0,5704253440,17408,17408,178257920,BF16,5120,17408,library_gemm,20,0,,0.0,,no_user_workspace_library_internal_in_free_after,0
,mlp_gate,q4g64,,,0.0372305,0.061487,5120,0.008064,0.021024,.cache/task019/real-matrix/core/mlp_gate-m32.log,5704253440,5120,17408,32,0.21875,41943040,128,17408,327680,BF16,5120,17408,bounded_unpack_gemm,20,20480,,1.4368,,no_user_workspace_library_internal_in_free_after,0
72,mlp_gate,nvfp4,32988200960,33099350016,254.1815,254.426,5120,0.0916,0.094528,.cache/task019/real-matrix/core/mlp_gate-m512.log,91268055040,5120,17408,512,0.234375,91268055040,17408,17408,44564480,BF16,5120,17408,native_gemm,20,5570560,91268055040,5122.49,2.80496,cutlass_get_workspace_size,0
72,mlp_gate,nvfp4,32988200960,33099350016,0.15556550000000002,0.163671,5120,0.137216,0.142048,.cache/task019/real-matrix/core/mlp_gate-m512.log,91268055040,5120,17408,512,0.234375,178257920,17408,17408,44564480,BF16,5120,17408,same_weight_bf16_gemv,20,5570560,,5122.49,2.80496,no_explicit_workspace,0
72,mlp_gate,mxfp4,32990298112,33099350016,244.43200000000002,244.719,5120,0.090736,0.092928,.cache/task019/real-matrix/core/mlp_gate-m512.log,91268055040,5120,17408,512,0.253906,91268055040,17408,17408,44564480,BF16,5120,17408,native_gemm,20,2785280,91268055040,4694.14,2.68294,cutlass_get_workspace_size,0
72,mlp_gate,mxfp4,32990298112,33099350016,0.1575745,0.162339,5120,0.137552,0.143424,.cache/task019/real-matrix/core/mlp_gate-m512.log,91268055040,5120,17408,512,0.253906,178257920,17408,17408,44564480,BF16,5120,17408,same_weight_bf16_gemv,20,2785280,,4694.14,2.68294,no_explicit_workspace,0
,mlp_gate,bf16,,,1.730595,1.75281,5120,0.435856,0.44032,.cache/task019/real-matrix/core/mlp_gate-m512.log,91268055040,5120,17408,512,0.0,91268055040,17408,17408,178257920,BF16,5120,17408,library_gemm,20,0,,0.0,,no_user_workspace_library_internal_in_free_after,0
,mlp_gate,q4g64,,,0.282637,0.287297,5120,0.015712,0.017248,.cache/task019/real-matrix/core/mlp_gate-m512.log,91268055040,5120,17408,512,0.21875,671088640,128,17408,327680,BF16,5120,17408,bounded_unpack_gemm,20,20480,,1.44601,,no_user_workspace_library_internal_in_free_after,0
72,mlp_gate,nvfp4,33032241152,33099350016,31.700400000000002,31.7677,5120,0.030336,0.038912,.cache/task019/real-matrix/core/mlp_gate-m64.log,11408506880,5120,17408,64,0.230469,11408506880,17408,17408,44564480,BF16,5120,17408,native_gemm,20,5570560,22817013760,5083.27,2.73922,cutlass_get_workspace_size,0
72,mlp_gate,nvfp4,33032241152,33099350016,0.15538449999999998,0.165674,5120,0.137008,0.142848,.cache/task019/real-matrix/core/mlp_gate-m64.log,11408506880,5120,17408,64,0.230469,178257920,17408,17408,44564480,BF16,5120,17408,same_weight_bf16_gemv,20,5570560,,5083.27,2.73922,no_explicit_workspace,0
72,mlp_gate,mxfp4,33034338304,33099350016,30.498849999999997,30.5703,5120,0.030736,0.03536,.cache/task019/real-matrix/core/mlp_gate-m64.log,11408506880,5120,17408,64,0.253906,11408506880,17408,17408,44564480,BF16,5120,17408,native_gemm,20,2785280,22817013760,4691.55,2.61544,cutlass_get_workspace_size,0
72,mlp_gate,mxfp4,33034338304,33099350016,0.157474,0.161738,5120,0.13888,0.143232,.cache/task019/real-matrix/core/mlp_gate-m64.log,11408506880,5120,17408,64,0.253906,178257920,17408,17408,44564480,BF16,5120,17408,same_weight_bf16_gemv,20,2785280,,4691.55,2.61544,no_explicit_workspace,0
,mlp_gate,bf16,,,0.3297565,0.343062,5120,0.133488,0.135648,.cache/task019/real-matrix/core/mlp_gate-m64.log,11408506880,5120,17408,64,0.0,11408506880,17408,17408,178257920,BF16,5120,17408,library_gemm,20,0,,0.0,,no_user_workspace_library_internal_in_free_after,0
,mlp_gate,q4g64,,,0.0633455,0.068019,5120,0.014896,0.017024,.cache/task019/real-matrix/core/mlp_gate-m64.log,11408506880,5120,17408,64,0.21875,83886080,128,17408,327680,BF16,5120,17408,bounded_unpack_gemm,20,20480,,1.44297,,no_user_workspace_library_internal_in_free_after,0
72,mlp_gate,nvfp4,33044824064,33099350016,4.111385,4.12753,5120,0.060432,0.061504,.cache/task019/real-matrix/core/mlp_gate-m8.log,1426063360,5120,17408,8,0.300781,1426063360,17408,17408,44564480,BF16,5120,17408,native_gemm,20,5570560,22817013760,5123.55,2.79341,cutlass_get_workspace_size,0
72,mlp_gate,nvfp4,33044824064,33099350016,0.15627649999999998,0.166746,5120,0.137552,0.142304,.cache/task019/real-matrix/core/mlp_gate-m8.log,1426063360,5120,17408,8,0.300781,178257920,17408,17408,44564480,BF16,5120,17408,same_weight_bf16_gemv,20,5570560,,5123.55,2.79341,no_explicit_workspace,0
72,mlp_gate,mxfp4,33046921216,33099350016,3.9317149999999996,3.94623,5120,0.059504,0.060544,.cache/task019/real-matrix/core/mlp_gate-m8.log,1426063360,5120,17408,8,0.398438,1426063360,17408,17408,44564480,BF16,5120,17408,native_gemm,20,2785280,22817013760,4677.5,2.69614,cutlass_get_workspace_size,0
72,mlp_gate,mxfp4,33046921216,33099350016,0.1556315,0.158341,5120,0.138608,0.142432,.cache/task019/real-matrix/core/mlp_gate-m8.log,1426063360,5120,17408,8,0.398438,178257920,17408,17408,44564480,BF16,5120,17408,same_weight_bf16_gemv,20,2785280,,4677.5,2.69614,no_explicit_workspace,0
,mlp_gate,bf16,,,0.158025,0.17358,5120,0.115312,0.128672,.cache/task019/real-matrix/core/mlp_gate-m8.log,1426063360,5120,17408,8,0.0,1426063360,17408,17408,178257920,BF16,5120,17408,library_gemm,20,0,,0.0,,no_user_workspace_library_internal_in_free_after,0
,mlp_gate,q4g64,,,0.023009,0.028494,5120,0.008320000000000001,0.011456,.cache/task019/real-matrix/core/mlp_gate-m8.log,1426063360,5120,17408,8,0.21875,10485760,128,17408,327680,BF16,5120,17408,bounded_unpack_gemm,20,20480,,1.48093,,no_user_workspace_library_internal_in_free_after,0
12,mlp_up,nvfp4,33044824064,33099350016,0.59719,0.6112,5120,0.061647999999999994,0.063136,.cache/task019/real-matrix/core/mlp_up-m1.log,178257920,5120,17408,1,0.152344,178257920,17408,17408,44564480,BF16,5120,17408,native_gemm,20,5570560,22817013760,5112.0,2.79765,cutlass_get_workspace_size,0
12,mlp_up,nvfp4,33044824064,33099350016,0.1553,0.160344,5120,0.137168,0.142208,.cache/task019/real-matrix/core/mlp_up-m1.log,178257920,5120,17408,1,0.152344,178257920,17408,17408,44564480,BF16,5120,17408,same_weight_bf16_gemv,20,5570560,,5112.0,2.79765,no_explicit_workspace,0
12,mlp_up,mxfp4,33046921216,33099350016,0.561071,0.577486,5120,0.06696,0.071712,.cache/task019/real-matrix/core/mlp_up-m1.log,178257920,5120,17408,1,0.304688,178257920,17408,17408,44564480,BF16,5120,17408,native_gemm,20,2785280,22817013760,4670.41,2.63234,cutlass_get_workspace_size,0
12,mlp_up,mxfp4,33046921216,33099350016,0.15828599999999998,0.1634,5120,0.137104,0.142048,.cache/task019/real-matrix/core/mlp_up-m1.log,178257920,5120,17408,1,0.304688,178257920,17408,17408,44564480,BF16,5120,17408,same_weight_bf16_gemv,20,2785280,,4670.41,2.63234,no_explicit_workspace,0
,mlp_up,bf16,,,0.12960100000000002,0.138434,5120,0.112016,0.123104,.cache/task019/real-matrix/core/mlp_up-m1.log,178257920,5120,17408,1,0.0,178257920,17408,17408,178257920,BF16,5120,17408,library_gemm,20,0,,0.0,,no_user_workspace_library_internal_in_free_after,0
,mlp_up,q4g64,,,0.021085,0.031971,5120,0.010752000000000001,0.020128,.cache/task019/real-matrix/core/mlp_up-m1.log,178257920,5120,17408,1,0.117188,1310720,128,17408,327680,BF16,5120,17408,bounded_unpack_gemm,20,20480,,1.45249,,no_user_workspace_library_internal_in_free_after,0
72,mlp_up,nvfp4,32933675008,33099350016,505.9755,507.694,5120,0.166784,0.172352,.cache/task019/real-matrix/core/mlp_up-m1024.log,182536110080,5120,17408,1024,0.274414,182536110080,17408,17408,44564480,BF16,5120,17408,native_gemm,20,5570560,182536110080,5111.62,2.87384,cutlass_get_workspace_size,0
72,mlp_up,nvfp4,32933675008,33099350016,0.155892,0.162227,5120,0.1376,0.14208,.cache/task019/real-matrix/core/mlp_up-m1024.log,182536110080,5120,17408,1024,0.274414,178257920,17408,17408,44564480,BF16,5120,17408,same_weight_bf16_gemv,20,5570560,,5111.62,2.87384,no_explicit_workspace,0
72,mlp_up,mxfp4,32935772160,33099350016,485.14250000000004,486.97,5120,0.166272,0.170752,.cache/task019/real-matrix/core/mlp_up-m1024.log,182536110080,5120,17408,1024,0.304688,182536110080,17408,17408,44564480,BF16,5120,17408,native_gemm,20,2785280,182536110080,4671.84,2.60622,cutlass_get_workspace_size,0
72,mlp_up,mxfp4,32935772160,33099350016,0.15746900000000003,0.166837,5120,0.13750400000000002,0.142656,.cache/task019/real-matrix/core/mlp_up-m1024.log,182536110080,5120,17408,1024,0.304688,178257920,17408,17408,44564480,BF16,5120,17408,same_weight_bf16_gemv,20,2785280,,4671.84,2.60622,no_explicit_workspace,0
,mlp_up,bf16,,,3.4634099999999997,3.48218,5120,0.921168,0.925888,.cache/task019/real-matrix/core/mlp_up-m1024.log,182536110080,5120,17408,1024,0.0,182536110080,17408,17408,178257920,BF16,5120,17408,library_gemm,20,0,,0.0,,no_user_workspace_library_internal_in_free_after,0
,mlp_up,q4g64,,,0.5174035,0.530077,5120,0.019743999999999998,0.02064,.cache/task019/real-matrix/core/mlp_up-m1024.log,182536110080,5120,17408,1024,0.201172,1342177280,128,17408,327680,BF16,5120,17408,bounded_unpack_gemm,20,20480,,1.46492,,no_user_workspace_library_internal_in_free_after,0
72,mlp_up,nvfp4,33025949696,33099350016,63.6413,63.7057,5120,0.031424,0.04112,.cache/task019/real-matrix/core/mlp_up-m128.log,22817013760,5120,17408,128,0.249512,22817013760,17408,17408,44564480,BF16,5120,17408,native_gemm,20,5570560,22817013760,5122.16,2.79297,cutlass_get_workspace_size,0
72,mlp_up,nvfp4,33025949696,33099350016,0.1571435,0.170844,5120,0.137728,0.146304,.cache/task019/real-matrix/core/mlp_up-m128.log,22817013760,5120,17408,128,0.249512,178257920,17408,17408,44564480,BF16,5120,17408,same_weight_bf16_gemv,20,5570560,,5122.16,2.79297,no_explicit_workspace,0
72,mlp_up,mxfp4,33028046848,33099350016,61.16465,61.2104,5120,0.030255999999999998,0.032192,.cache/task019/real-matrix/core/mlp_up-m128.log,22817013760,5120,17408,128,0.304688,22817013760,17408,17408,44564480,BF16,5120,17408,native_gemm,20,2785280,22817013760,4677.95,2.60991,cutlass_get_workspace_size,0
72,mlp_up,mxfp4,33028046848,33099350016,0.1571185,0.161176,5120,0.13961600000000002,0.144128,.cache/task019/real-matrix/core/mlp_up-m128.log,22817013760,5120,17408,128,0.304688,178257920,17408,17408,44564480,BF16,5120,17408,same_weight_bf16_gemv,20,2785280,,4677.95,2.60991,no_explicit_workspace,0
,mlp_up,bf16,,,0.4951365,0.499459,5120,0.12897599999999998,0.131232,.cache/task019/real-matrix/core/mlp_up-m128.log,22817013760,5120,17408,128,0.0,22817013760,17408,17408,178257920,BF16,5120,17408,library_gemm,20,0,,0.0,,no_user_workspace_library_internal_in_free_after,0
,mlp_up,q4g64,,,0.096668,0.106613,5120,0.013872,0.01632,.cache/task019/real-matrix/core/mlp_up-m128.log,22817013760,5120,17408,128,0.201172,167772160,128,17408,327680,BF16,5120,17408,bounded_unpack_gemm,20,20480,,1.45151,,no_user_workspace_library_internal_in_free_after,0
24,mlp_up,nvfp4,33044824064,33099350016,1.11113,1.12583,5120,0.064656,0.069728,.cache/task019/real-matrix/core/mlp_up-m2.log,356515840,5120,17408,2,0.152344,356515840,17408,17408,44564480,BF16,5120,17408,native_gemm,20,5570560,22817013760,5110.23,2.77073,cutlass_get_workspace_size,0
24,mlp_up,nvfp4,33044824064,33099350016,0.15822550000000002,0.161978,5120,0.13763199999999998,0.142688,.cache/task019/real-matrix/core/mlp_up-m2.log,356515840,5120,17408,2,0.152344,178257920,17408,17408,44564480,BF16,5120,17408,same_weight_bf16_gemv,20,5570560,,5110.23,2.77073,no_explicit_workspace,0
24,mlp_up,mxfp4,33046921216,33099350016,1.042535,1.05912,5120,0.058848,0.061312,.cache/task019/real-matrix/core/mlp_up-m2.log,356515840,5120,17408,2,0.304688,356515840,17408,17408,44564480,BF16,5120,17408,native_gemm,20,2785280,22817013760,4690.5,2.62309,cutlass_get_workspace_size,0
24,mlp_up,mxfp4,33046921216,33099350016,0.1560315,0.158861,5120,0.138384,0.142912,.cache/task019/real-matrix/core/mlp_up-m2.log,356515840,5120,17408,2,0.304688,178257920,17408,17408,44564480,BF16,5120,17408,same_weight_bf16_gemv,20,2785280,,4690.5,2.62309,no_explicit_workspace,0
,mlp_up,bf16,,,0.1369555,0.148582,5120,0.114592,0.127776,.cache/task019/real-matrix/core/mlp_up-m2.log,356515840,5120,17408,2,0.0,356515840,17408,17408,178257920,BF16,5120,17408,library_gemm,20,0,,0.0,,no_user_workspace_library_internal_in_free_after,0
,mlp_up,q4g64,,,0.0403415,0.051307,5120,0.022976,0.03136,.cache/task019/real-matrix/core/mlp_up-m2.log,356515840,5120,17408,2,0.170166,2621440,128,17408,327680,BF16,5120,17408,bounded_unpack_gemm,20,20480,,1.44278,,no_user_workspace_library_internal_in_free_after,0
72,mlp_up,nvfp4,33013366784,33099350016,127.121,127.27,5120,0.053216,0.056928,.cache/task019/real-matrix/core/mlp_up-m256.log,45634027520,5120,17408,256,0.230469,45634027520,17408,17408,44564480,BF16,5120,17408,native_gemm,20,5570560,45634027520,5104.51,2.76706,cutlass_get_workspace_size,0
72,mlp_up,nvfp4,33013366784,33099350016,0.1562425,0.163772,5120,0.137184,0.14208,.cache/task019/real-matrix/core/mlp_up-m256.log,45634027520,5120,17408,256,0.230469,178257920,17408,17408,44564480,BF16,5120,17408,same_weight_bf16_gemv,20,5570560,,5104.51,2.76706,no_explicit_workspace,0
72,mlp_up,mxfp4,33015463936,33099350016,121.7885,121.93,5120,0.049328,0.058944,.cache/task019/real-matrix/core/mlp_up-m256.log,45634027520,5120,17408,256,0.304688,45634027520,17408,17408,44564480,BF16,5120,17408,native_gemm,20,2785280,45634027520,4684.09,2.62761,cutlass_get_workspace_size,0
72,mlp_up,mxfp4,33015463936,33099350016,0.15760400000000002,0.169182,5120,0.138688,0.141984,.cache/task019/real-matrix/core/mlp_up-m256.log,45634027520,5120,17408,256,0.304688,178257920,17408,17408,44564480,BF16,5120,17408,same_weight_bf16_gemv,20,2785280,,4684.09,2.62761,no_explicit_workspace,0
,mlp_up,bf16,,,0.9169425,0.928954,5120,0.247392,0.250912,.cache/task019/real-matrix/core/mlp_up-m256.log,45634027520,5120,17408,256,0.0,45634027520,17408,17408,178257920,BF16,5120,17408,library_gemm,20,0,,0.0,,no_user_workspace_library_internal_in_free_after,0
,mlp_up,q4g64,,,0.154018,0.171897,5120,0.015648,0.024,.cache/task019/real-matrix/core/mlp_up-m256.log,45634027520,5120,17408,256,0.214844,335544320,128,17408,327680,BF16,5120,17408,bounded_unpack_gemm,20,20480,,1.43914,,no_user_workspace_library_internal_in_free_after,0
72,mlp_up,nvfp4,33040629760,33099350016,15.9739,16.0033,5120,0.055024,0.063648,.cache/task019/real-matrix/core/mlp_up-m32.log,5704253440,5120,17408,32,0.160156,5704253440,17408,17408,44564480,BF16,5120,17408,native_gemm,20,5570560,22817013760,5087.89,2.79915,cutlass_get_workspace_size,0
72,mlp_up,nvfp4,33040629760,33099350016,0.15612700000000002,0.167739,5120,0.13745600000000002,0.143232,.cache/task019/real-matrix/core/mlp_up-m32.log,5704253440,5120,17408,32,0.160156,178257920,17408,17408,44564480,BF16,5120,17408,same_weight_bf16_gemv,20,5570560,,5087.89,2.79915,no_explicit_workspace,0
72,mlp_up,mxfp4,33042726912,33099350016,15.3148,15.4379,5120,0.054447999999999996,0.062656,.cache/task019/real-matrix/core/mlp_up-m32.log,5704253440,5120,17408,32,0.304688,5704253440,17408,17408,44564480,BF16,5120,17408,native_gemm,20,2785280,22817013760,4673.27,2.63937,cutlass_get_workspace_size,0
72,mlp_up,mxfp4,33042726912,33099350016,0.15723399999999998,0.165184,5120,0.138736,0.144704,.cache/task019/real-matrix/core/mlp_up-m32.log,5704253440,5120,17408,32,0.304688,178257920,17408,17408,44564480,BF16,5120,17408,same_weight_bf16_gemv,20,2785280,,4673.27,2.63937,no_explicit_workspace,0
,mlp_up,bf16,,,0.244314,0.248512,5120,0.1292,0.134016,.cache/task019/real-matrix/core/mlp_up-m32.log,5704253440,5120,17408,32,0.0,5704253440,17408,17408,178257920,BF16,5120,17408,library_gemm,20,0,,0.0,,no_user_workspace_library_internal_in_free_after,0
,mlp_up,q4g64,,,0.037335999999999994,0.046308,5120,0.008048,0.00848,.cache/task019/real-matrix/core/mlp_up-m32.log,5704253440,5120,17408,32,0.201172,41943040,128,17408,327680,BF16,5120,17408,bounded_unpack_gemm,20,20480,,1.45287,,no_user_workspace_library_internal_in_free_after,0
72,mlp_up,nvfp4,32988200960,33099350016,254.1705,254.438,5120,0.092512,0.094944,.cache/task019/real-matrix/core/mlp_up-m512.log,91268055040,5120,17408,512,0.216797,91268055040,17408,17408,44564480,BF16,5120,17408,native_gemm,20,5570560,91268055040,5092.64,2.76339,cutlass_get_workspace_size,0
72,mlp_up,nvfp4,32988200960,33099350016,0.156287,0.161016,5120,0.137312,0.142528,.cache/task019/real-matrix/core/mlp_up-m512.log,91268055040,5120,17408,512,0.216797,178257920,17408,17408,44564480,BF16,5120,17408,same_weight_bf16_gemv,20,5570560,,5092.64,2.76339,no_explicit_workspace,0
72,mlp_up,mxfp4,32990298112,33099350016,242.84199999999998,243.823,5120,0.090448,0.097696,.cache/task019/real-matrix/core/mlp_up-m512.log,91268055040,5120,17408,512,0.304688,91268055040,17408,17408,44564480,BF16,5120,17408,native_gemm,20,2785280,91268055040,4678.52,2.6194,cutlass_get_workspace_size,0
72,mlp_up,mxfp4,32990298112,33099350016,0.157108,0.161848,5120,0.1388,0.14256,.cache/task019/real-matrix/core/mlp_up-m512.log,91268055040,5120,17408,512,0.304688,178257920,17408,17408,44564480,BF16,5120,17408,same_weight_bf16_gemv,20,2785280,,4678.52,2.6194,no_explicit_workspace,0
,mlp_up,bf16,,,1.737385,1.75329,5120,0.43657599999999996,0.441376,.cache/task019/real-matrix/core/mlp_up-m512.log,91268055040,5120,17408,512,0.0,91268055040,17408,17408,178257920,BF16,5120,17408,library_gemm,20,0,,0.0,,no_user_workspace_library_internal_in_free_after,0
,mlp_up,q4g64,,,0.27635,0.286885,5120,0.015648,0.0184,.cache/task019/real-matrix/core/mlp_up-m512.log,91268055040,5120,17408,512,0.201172,671088640,128,17408,327680,BF16,5120,17408,bounded_unpack_gemm,20,20480,,1.45253,,no_user_workspace_library_internal_in_free_after,0
72,mlp_up,nvfp4,33032241152,33099350016,31.894,31.9493,5120,0.030944,0.032704,.cache/task019/real-matrix/core/mlp_up-m64.log,11408506880,5120,17408,64,0.222656,11408506880,17408,17408,44564480,BF16,5120,17408,native_gemm,20,5570560,22817013760,5106.84,2.81595,cutlass_get_workspace_size,0
72,mlp_up,nvfp4,33032241152,33099350016,0.1555905,0.166116,5120,0.13824,0.14272,.cache/task019/real-matrix/core/mlp_up-m64.log,11408506880,5120,17408,64,0.222656,178257920,17408,17408,44564480,BF16,5120,17408,same_weight_bf16_gemv,20,5570560,,5106.84,2.81595,no_explicit_workspace,0
72,mlp_up,mxfp4,33034338304,33099350016,30.524549999999998,30.6692,5120,0.036863999999999994,0.040672,.cache/task019/real-matrix/core/mlp_up-m64.log,11408506880,5120,17408,64,0.304688,11408506880,17408,17408,44564480,BF16,5120,17408,native_gemm,20,2785280,22817013760,4669.18,2.61777,cutlass_get_workspace_size,0
72,mlp_up,mxfp4,33034338304,33099350016,0.159202,0.169593,5120,0.13728,0.149568,.cache/task019/real-matrix/core/mlp_up-m64.log,11408506880,5120,17408,64,0.304688,178257920,17408,17408,44564480,BF16,5120,17408,same_weight_bf16_gemv,20,2785280,,4669.18,2.61777,no_explicit_workspace,0
,mlp_up,bf16,,,0.3310285,0.343433,5120,0.133504,0.138624,.cache/task019/real-matrix/core/mlp_up-m64.log,11408506880,5120,17408,64,0.0,11408506880,17408,17408,178257920,BF16,5120,17408,library_gemm,20,0,,0.0,,no_user_workspace_library_internal_in_free_after,0
,mlp_up,q4g64,,,0.0633905,0.068971,5120,0.014384000000000001,0.016544,.cache/task019/real-matrix/core/mlp_up-m64.log,11408506880,5120,17408,64,0.201172,83886080,128,17408,327680,BF16,5120,17408,bounded_unpack_gemm,20,20480,,1.44259,,no_user_workspace_library_internal_in_free_after,0
72,mlp_up,nvfp4,33044824064,33099350016,4.104735,4.11841,5120,0.060416,0.06192,.cache/task019/real-matrix/core/mlp_up-m8.log,1426063360,5120,17408,8,0.160156,1426063360,17408,17408,44564480,BF16,5120,17408,native_gemm,20,5570560,22817013760,5095.29,2.78405,cutlass_get_workspace_size,0
72,mlp_up,nvfp4,33044824064,33099350016,0.1562275,0.159063,5120,0.138016,0.143104,.cache/task019/real-matrix/core/mlp_up-m8.log,1426063360,5120,17408,8,0.160156,178257920,17408,17408,44564480,BF16,5120,17408,same_weight_bf16_gemv,20,5570560,,5095.29,2.78405,no_explicit_workspace,0
72,mlp_up,mxfp4,33046921216,33099350016,3.91959,3.93752,5120,0.059328000000000006,0.0696,.cache/task019/real-matrix/core/mlp_up-m8.log,1426063360,5120,17408,8,0.304688,1426063360,17408,17408,44564480,BF16,5120,17408,native_gemm,20,2785280,22817013760,4665.78,2.62925,cutlass_get_workspace_size,0
72,mlp_up,mxfp4,33046921216,33099350016,0.1576245,0.167488,5120,0.1392,0.142432,.cache/task019/real-matrix/core/mlp_up-m8.log,1426063360,5120,17408,8,0.304688,178257920,17408,17408,44564480,BF16,5120,17408,same_weight_bf16_gemv,20,2785280,,4665.78,2.62925,no_explicit_workspace,0
,mlp_up,bf16,,,0.1510665,0.161857,5120,0.11475199999999999,0.12848,.cache/task019/real-matrix/core/mlp_up-m8.log,1426063360,5120,17408,8,0.0,1426063360,17408,17408,178257920,BF16,5120,17408,library_gemm,20,0,,0.0,,no_user_workspace_library_internal_in_free_after,0
,mlp_up,q4g64,,,0.0232235,0.035448,5120,0.008576,0.018496,.cache/task019/real-matrix/core/mlp_up-m8.log,1426063360,5120,17408,8,0.201172,10485760,128,17408,327680,BF16,5120,17408,bounded_unpack_gemm,20,20480,,1.44845,,no_user_workspace_library_internal_in_free_after,0
12,lm_head,nvfp4,32380026880,33099350016,1.268735,1.2894,5120,0.7183520000000001,0.720704,.cache/task019/real-matrix/head/lm_head-m1.log,2542796800,5120,248320,1,0.222656,2542796800,248320,248320,635699200,BF16,5120,248320,native_gemm,20,79462400,325477990400,73053.7,46.1378,cutlass_get_workspace_size,0
12,lm_head,nvfp4,32380026880,33099350016,2.272715,2.28023,5120,2.22051,2.2263,.cache/task019/real-matrix/head/lm_head-m1.log,2542796800,5120,248320,1,0.222656,2542796800,248320,248320,635699200,BF16,5120,248320,same_weight_bf16_gemv,20,79462400,,73053.7,46.1378,no_explicit_workspace,0
12,lm_head,mxfp4,32419872768,33099350016,1.244505,1.25713,5120,0.7163360000000001,0.72448,.cache/task019/real-matrix/head/lm_head-m1.log,2542796800,5120,248320,1,0.363281,2542796800,248320,248320,635699200,BF16,5120,248320,native_gemm,20,39731200,325477990400,66544.6,44.1221,cutlass_get_workspace_size,0
12,lm_head,mxfp4,32419872768,33099350016,2.29861,2.30668,5120,2.243585,2.25658,.cache/task019/real-matrix/head/lm_head-m1.log,2542796800,5120,248320,1,0.363281,2542796800,248320,248320,635699200,BF16,5120,248320,same_weight_bf16_gemv,20,39731200,,66544.6,44.1221,no_explicit_workspace,0
,lm_head,bf16,,,1.69092,1.70136,5120,1.641425,1.652,.cache/task019/real-matrix/head/lm_head-m1.log,2542796800,5120,248320,1,0.0,2542796800,248320,248320,2542796800,BF16,5120,248320,library_gemm,20,0,,0.0,,no_user_workspace_library_internal_in_free_after,0
,lm_head,q4g64,,,0.021075,0.025449,5120,0.01072,0.013632,.cache/task019/real-matrix/head/lm_head-m1.log,2542796800,5120,248320,1,0.257812,1310720,128,248320,327680,BF16,5120,248320,bounded_unpack_gemm,20,20480,,1.46605,,no_user_workspace_library_internal_in_free_after,0
72,lm_head,nvfp4,30847008768,33099350016,536.557,538.396,5120,2.644145,2.65552,.cache/task019/real-matrix/head/lm_head-m1024.log,2603823923200,5120,248320,1024,0.339844,2603823923200,248320,248320,635699200,BF16,5120,248320,native_gemm,20,79462400,2603823923200,73072.5,46.2917,cutlass_get_workspace_size,0
72,lm_head,nvfp4,30847008768,33099350016,2.2927400000000002,2.29636,5120,2.230125,2.23821,.cache/task019/real-matrix/head/lm_head-m1024.log,2603823923200,5120,248320,1024,0.339844,2542796800,248320,248320,635699200,BF16,5120,248320,same_weight_bf16_gemv,20,79462400,,73072.5,46.2917,no_explicit_workspace,0
72,lm_head,mxfp4,30886854656,33099350016,517.1465,517.565,5120,2.60045,2.60618,.cache/task019/real-matrix/head/lm_head-m1024.log,2603823923200,5120,248320,1024,0.487305,2603823923200,248320,248320,635699200,BF16,5120,248320,native_gemm,20,39731200,2603823923200,66606.7,44.907,cutlass_get_workspace_size,0
72,lm_head,mxfp4,30886854656,33099350016,2.3135700000000003,2.31864,5120,2.25224,2.25949,.cache/task019/real-matrix/head/lm_head-m1024.log,2603823923200,5120,248320,1024,0.487305,2542796800,248320,248320,635699200,BF16,5120,248320,same_weight_bf16_gemv,20,39731200,,66606.7,44.907,no_explicit_workspace,0
,lm_head,bf16,,,40.5977,40.9374,5120,11.0505,11.0536,.cache/task019/real-matrix/head/lm_head-m1024.log,2603823923200,5120,248320,1024,0.0,2603823923200,248320,248320,2542796800,BF16,5120,248320,library_gemm,20,0,,0.0,,no_user_workspace_library_internal_in_free_after,0
,lm_head,q4g64,,,0.5150140000000001,0.520409,5120,0.019632,0.027648,.cache/task019/real-matrix/head/lm_head-m1024.log,2603823923200,5120,248320,1024,0.356445,1342177280,128,248320,327680,BF16,5120,248320,bounded_unpack_gemm,20,20480,,1.44929,,no_user_workspace_library_internal_in_free_after,0
72,lm_head,nvfp4,32184991744,33099350016,67.19735,67.2353,5120,0.49851199999999996,0.50752,.cache/task019/real-matrix/head/lm_head-m128.log,325477990400,5120,248320,128,0.339844,325477990400,248320,248320,635699200,BF16,5120,248320,native_gemm,20,79462400,325477990400,72986.4,46.2713,cutlass_get_workspace_size,0
72,lm_head,nvfp4,32184991744,33099350016,2.2900349999999996,2.29686,5120,2.2307550000000003,2.23734,.cache/task019/real-matrix/head/lm_head-m128.log,325477990400,5120,248320,128,0.339844,2542796800,248320,248320,635699200,BF16,5120,248320,same_weight_bf16_gemv,20,79462400,,72986.4,46.2713,no_explicit_workspace,0
72,lm_head,mxfp4,32224837632,33099350016,64.7656,64.8445,5120,0.473472,0.476,.cache/task019/real-matrix/head/lm_head-m128.log,325477990400,5120,248320,128,0.487305,325477990400,248320,248320,635699200,BF16,5120,248320,native_gemm,20,39731200,325477990400,66660.3,44.0067,cutlass_get_workspace_size,0
72,lm_head,mxfp4,32224837632,33099350016,2.314305,2.32069,5120,2.25525,2.25987,.cache/task019/real-matrix/head/lm_head-m128.log,325477990400,5120,248320,128,0.487305,2542796800,248320,248320,635699200,BF16,5120,248320,same_weight_bf16_gemv,20,39731200,,66660.3,44.0067,no_explicit_workspace,0
,lm_head,bf16,,,5.45962,5.47837,5120,1.70046,1.70589,.cache/task019/real-matrix/head/lm_head-m128.log,325477990400,5120,248320,128,0.0,325477990400,248320,248320,2542796800,BF16,5120,248320,library_gemm,20,0,,0.0,,no_user_workspace_library_internal_in_free_after,0
,lm_head,q4g64,,,0.09809699999999999,0.107173,5120,0.01448,0.01792,.cache/task019/real-matrix/head/lm_head-m128.log,325477990400,5120,248320,128,0.356445,167772160,128,248320,327680,BF16,5120,248320,bounded_unpack_gemm,20,20480,,1.46221,,no_user_workspace_library_internal_in_free_after,0
24,lm_head,nvfp4,32377929728,33099350016,1.677435,1.69858,5120,0.5582400000000001,0.570176,.cache/task019/real-matrix/head/lm_head-m2.log,5085593600,5120,248320,2,0.238281,5085593600,248320,248320,635699200,BF16,5120,248320,native_gemm,20,79462400,325477990400,73109.9,47.0661,cutlass_get_workspace_size,0
24,lm_head,nvfp4,32377929728,33099350016,2.28538,2.29512,5120,2.22552,2.23312,.cache/task019/real-matrix/head/lm_head-m2.log,5085593600,5120,248320,2,0.238281,2542796800,248320,248320,635699200,BF16,5120,248320,same_weight_bf16_gemv,20,79462400,,73109.9,47.0661,no_explicit_workspace,0
24,lm_head,mxfp4,32417775616,33099350016,1.60249,1.62374,5120,0.541648,0.55968,.cache/task019/real-matrix/head/lm_head-m2.log,5085593600,5120,248320,2,0.487305,5085593600,248320,248320,635699200,BF16,5120,248320,native_gemm,20,39731200,325477990400,66656.2,44.0518,cutlass_get_workspace_size,0
24,lm_head,mxfp4,32417775616,33099350016,2.305495,2.31325,5120,2.250705,2.25456,.cache/task019/real-matrix/head/lm_head-m2.log,5085593600,5120,248320,2,0.487305,2542796800,248320,248320,635699200,BF16,5120,248320,same_weight_bf16_gemv,20,39731200,,66656.2,44.0518,no_explicit_workspace,0
,lm_head,bf16,,,1.61538,1.62647,5120,1.522175,1.52899,.cache/task019/real-matrix/head/lm_head-m2.log,5085593600,5120,248320,2,0.0,5085593600,248320,248320,2542796800,BF16,5120,248320,library_gemm,20,0,,0.0,,no_user_workspace_library_internal_in_free_after,0
,lm_head,q4g64,,,0.040396,0.051788,5120,0.02304,0.032832,.cache/task019/real-matrix/head/lm_head-m2.log,5085593600,5120,248320,2,0.257812,2621440,128,248320,327680,BF16,5120,248320,bounded_unpack_gemm,20,20480,,1.44056,,no_user_workspace_library_internal_in_free_after,0
72,lm_head,nvfp4,31996248064,33099350016,134.61950000000002,135.556,5120,0.6804,0.682496,.cache/task019/real-matrix/head/lm_head-m256.log,650955980800,5120,248320,256,0.470215,650955980800,248320,248320,635699200,BF16,5120,248320,native_gemm,20,79462400,650955980800,72985.5,46.0405,cutlass_get_workspace_size,0
72,lm_head,nvfp4,31996248064,33099350016,2.286215,2.29261,5120,2.2255849999999997,2.23078,.cache/task019/real-matrix/head/lm_head-m256.log,650955980800,5120,248320,256,0.470215,2542796800,248320,248320,635699200,BF16,5120,248320,same_weight_bf16_gemv,20,79462400,,72985.5,46.0405,no_explicit_workspace,0
72,lm_head,mxfp4,32036093952,33099350016,129.32350000000002,129.512,5120,0.6605920000000001,0.669024,.cache/task019/real-matrix/head/lm_head-m256.log,650955980800,5120,248320,256,0.487305,650955980800,248320,248320,635699200,BF16,5120,248320,native_gemm,20,39731200,650955980800,66580.7,44.5357,cutlass_get_workspace_size,0
72,lm_head,mxfp4,32036093952,33099350016,2.308595,2.31948,5120,2.252755,2.25757,.cache/task019/real-matrix/head/lm_head-m256.log,650955980800,5120,248320,256,0.487305,2542796800,248320,248320,635699200,BF16,5120,248320,same_weight_bf16_gemv,20,39731200,,66580.7,44.5357,no_explicit_workspace,0
,lm_head,bf16,,,10.47405,10.4875,5120,3.0018700000000003,3.00864,.cache/task019/real-matrix/head/lm_head-m256.log,650955980800,5120,248320,256,0.0,650955980800,248320,248320,2542796800,BF16,5120,248320,library_gemm,20,0,,0.0,,no_user_workspace_library_internal_in_free_after,0
,lm_head,q4g64,,,0.152149,0.170644,5120,0.015567999999999999,0.021024,.cache/task019/real-matrix/head/lm_head-m256.log,650955980800,5120,248320,256,0.356445,335544320,128,248320,327680,BF16,5120,248320,bounded_unpack_gemm,20,20480,,1.44629,,no_user_workspace_library_internal_in_free_after,0
72,lm_head,nvfp4,32329695232,33099350016,17.40835,17.4606,5120,0.6157440000000001,0.623008,.cache/task019/real-matrix/head/lm_head-m32.log,81369497600,5120,248320,32,0.347656,81369497600,248320,248320,635699200,BF16,5120,248320,native_gemm,20,79462400,325477990400,73172.9,45.1768,cutlass_get_workspace_size,0
72,lm_head,nvfp4,32329695232,33099350016,2.288175,2.29828,5120,2.2272,2.2399,.cache/task019/real-matrix/head/lm_head-m32.log,81369497600,5120,248320,32,0.347656,2542796800,248320,248320,635699200,BF16,5120,248320,same_weight_bf16_gemv,20,79462400,,73172.9,45.1768,no_explicit_workspace,0
72,lm_head,mxfp4,32369541120,33099350016,16.78465,16.8101,5120,0.609712,0.612224,.cache/task019/real-matrix/head/lm_head-m32.log,81369497600,5120,248320,32,0.487305,81369497600,248320,248320,635699200,BF16,5120,248320,native_gemm,20,39731200,325477990400,66598.9,44.0111,cutlass_get_workspace_size,0
72,lm_head,mxfp4,32369541120,33099350016,2.3100899999999998,2.31628,5120,2.248145,2.25181,.cache/task019/real-matrix/head/lm_head-m32.log,81369497600,5120,248320,32,0.487305,2542796800,248320,248320,635699200,BF16,5120,248320,same_weight_bf16_gemv,20,39731200,,66598.9,44.0111,no_explicit_workspace,0
,lm_head,bf16,,,3.6998699999999998,3.70521,5120,2.73197,2.73827,.cache/task019/real-matrix/head/lm_head-m32.log,81369497600,5120,248320,32,0.0,81369497600,248320,248320,2542796800,BF16,5120,248320,library_gemm,20,0,,0.0,,no_user_workspace_library_internal_in_free_after,0
,lm_head,q4g64,,,0.0376265,0.06352,5120,0.007935999999999999,0.029344,.cache/task019/real-matrix/head/lm_head-m32.log,81369497600,5120,248320,32,0.356445,41943040,128,248320,327680,BF16,5120,248320,bounded_unpack_gemm,20,20480,,1.44012,,no_user_workspace_library_internal_in_free_after,0
72,lm_head,nvfp4,31612469248,33099350016,267.9915,268.375,5120,1.3535849999999998,1.35949,.cache/task019/real-matrix/head/lm_head-m512.log,1301911961600,5120,248320,512,0.339844,1301911961600,248320,248320,635699200,BF16,5120,248320,native_gemm,20,79462400,1301911961600,73065.7,46.4923,cutlass_get_workspace_size,0
72,lm_head,nvfp4,31612469248,33099350016,2.29178,2.30128,5120,2.2287850000000002,2.23482,.cache/task019/real-matrix/head/lm_head-m512.log,1301911961600,5120,248320,512,0.339844,2542796800,248320,248320,635699200,BF16,5120,248320,same_weight_bf16_gemv,20,79462400,,73065.7,46.4923,no_explicit_workspace,0
72,lm_head,mxfp4,31652315136,33099350016,258.277,259.16,5120,1.3281399999999999,1.33757,.cache/task019/real-matrix/head/lm_head-m512.log,1301911961600,5120,248320,512,0.487305,1301911961600,248320,248320,635699200,BF16,5120,248320,native_gemm,20,39731200,1301911961600,66660.4,43.9926,cutlass_get_workspace_size,0
72,lm_head,mxfp4,31652315136,33099350016,2.31169,2.31694,5120,2.251825,2.25693,.cache/task019/real-matrix/head/lm_head-m512.log,1301911961600,5120,248320,512,0.487305,2542796800,248320,248320,635699200,BF16,5120,248320,same_weight_bf16_gemv,20,39731200,,66660.4,43.9926,no_explicit_workspace,0
,lm_head,bf16,,,20.52745,20.5531,5120,5.650335,5.65299,.cache/task019/real-matrix/head/lm_head-m512.log,1301911961600,5120,248320,512,0.0,1301911961600,248320,248320,2542796800,BF16,5120,248320,library_gemm,20,0,,0.0,,no_user_workspace_library_internal_in_free_after,0
,lm_head,q4g64,,,0.27784200000000003,0.285112,5120,0.01456,0.016928,.cache/task019/real-matrix/head/lm_head-m512.log,1301911961600,5120,248320,512,0.356445,671088640,128,248320,327680,BF16,5120,248320,bounded_unpack_gemm,20,20480,,1.45775,,no_user_workspace_library_internal_in_free_after,0
72,lm_head,nvfp4,32279363584,33099350016,33.9859,34.0282,5120,0.470992,0.4744,.cache/task019/real-matrix/head/lm_head-m64.log,162738995200,5120,248320,64,0.339844,162738995200,248320,248320,635699200,BF16,5120,248320,native_gemm,20,79462400,325477990400,72989.3,46.2936,cutlass_get_workspace_size,0
72,lm_head,nvfp4,32279363584,33099350016,2.2908600000000003,2.29495,5120,2.23165,2.2367,.cache/task019/real-matrix/head/lm_head-m64.log,162738995200,5120,248320,64,0.339844,2542796800,248320,248320,635699200,BF16,5120,248320,same_weight_bf16_gemv,20,79462400,,72989.3,46.2936,no_explicit_workspace,0
72,lm_head,mxfp4,32319209472,33099350016,32.915400000000005,33.0309,5120,0.448272,0.456096,.cache/task019/real-matrix/head/lm_head-m64.log,162738995200,5120,248320,64,0.487305,162738995200,248320,248320,635699200,BF16,5120,248320,native_gemm,20,39731200,325477990400,66731.1,44.4346,cutlass_get_workspace_size,0
72,lm_head,mxfp4,32319209472,33099350016,2.30885,2.31631,5120,2.24635,2.25024,.cache/task019/real-matrix/head/lm_head-m64.log,162738995200,5120,248320,64,0.487305,2542796800,248320,248320,635699200,BF16,5120,248320,same_weight_bf16_gemv,20,39731200,,66731.1,44.4346,no_explicit_workspace,0
,lm_head,bf16,,,4.6441,4.66416,5120,2.74549,2.7551,.cache/task019/real-matrix/head/lm_head-m64.log,162738995200,5120,248320,64,0.0,162738995200,248320,248320,2542796800,BF16,5120,248320,library_gemm,20,0,,0.0,,no_user_workspace_library_internal_in_free_after,0
,lm_head,q4g64,,,0.06048,0.069322,5120,0.010447999999999999,0.016416,.cache/task019/real-matrix/head/lm_head-m64.log,162738995200,5120,248320,64,0.40625,83886080,128,248320,327680,BF16,5120,248320,bounded_unpack_gemm,20,20480,,1.44687,,no_user_workspace_library_internal_in_free_after,0
72,lm_head,nvfp4,32367443968,33099350016,4.9751449999999995,4.99639,5120,0.695488,0.698656,.cache/task019/real-matrix/head/lm_head-m8.log,20342374400,5120,248320,8,0.390625,20342374400,248320,248320,635699200,BF16,5120,248320,native_gemm,20,79462400,325477990400,72998.6,46.4575,cutlass_get_workspace_size,0
72,lm_head,nvfp4,32367443968,33099350016,2.283065,2.29108,5120,2.2271,2.23229,.cache/task019/real-matrix/head/lm_head-m8.log,20342374400,5120,248320,8,0.390625,2542796800,248320,248320,635699200,BF16,5120,248320,same_weight_bf16_gemv,20,79462400,,72998.6,46.4575,no_explicit_workspace,0
72,lm_head,mxfp4,32407289856,33099350016,4.793145,4.81761,5120,0.687392,0.690048,.cache/task019/real-matrix/head/lm_head-m8.log,20342374400,5120,248320,8,0.487305,20342374400,248320,248320,635699200,BF16,5120,248320,native_gemm,20,39731200,325477990400,66474.7,43.0645,cutlass_get_workspace_size,0
72,lm_head,mxfp4,32407289856,33099350016,2.30822,2.31969,5120,2.2484450000000002,2.26102,.cache/task019/real-matrix/head/lm_head-m8.log,20342374400,5120,248320,8,0.487305,2542796800,248320,248320,635699200,BF16,5120,248320,same_weight_bf16_gemv,20,39731200,,66474.7,43.0645,no_explicit_workspace,0
,lm_head,bf16,,,1.835105,1.85577,5120,1.55219,1.57389,.cache/task019/real-matrix/head/lm_head-m8.log,20342374400,5120,248320,8,0.0,20342374400,248320,248320,2542796800,BF16,5120,248320,library_gemm,20,0,,0.0,,no_user_workspace_library_internal_in_free_after,0
,lm_head,q4g64,,,0.023449499999999998,0.040707,5120,0.009008,0.024224,.cache/task019/real-matrix/head/lm_head-m8.log,20342374400,5120,248320,8,0.356445,10485760,128,248320,327680,BF16,5120,248320,bounded_unpack_gemm,20,20480,,1.47254,,no_user_workspace_library_internal_in_free_after,0
