
==========
== CUDA ==
==========

CUDA Version 13.0.2

Container image Copyright (c) 2016-2023, NVIDIA CORPORATION & AFFILIATES. All rights reserved.

This container image and its contents are governed by the NVIDIA Deep Learning Container License.
By pulling and using the container, you accept the terms and conditions of this license:
https://developer.nvidia.com/ngc/nvidia-deep-learning-container-license

A copy of this license is made available in this container at /NGC-DL-CONTAINER-LICENSE for your convenience.

schema	qw38.quality-llama	1
step	wikitext_nll	1	8137	-12.491733666589074	220	9.51825523	318	8.74589825	0.772356987
step	wikitext_nll	2	211388	-9.9179300179839114	198	8.43443108	11	8.17749786	0.256933212
step	wikitext_nll	3	455	-2.9248720809411517	3869	14.6726437	752	13.9972649	0.675378799
step	wikitext_nll	4	283	-5.321597184913009	11	12.8650894	198	12.7256298	0.13945961
step	wikitext_nll	5	4558	-6.1646412603043981	8137	8.74593067	220	8.3666811	0.379249573
step	wikitext_nll	6	8137	-6.0397258205944606	33	9.75771999	33387	9.28829384	0.469426155
step	wikitext_nll	7	211388	-0.1323904731259761	211388	14.107379	417	9.89709091	4.21028805
step	wikitext_nll	8	455	-0.0062792020598427013	455	18.7992859	647	12.281229	6.51805687
step	wikitext_nll	9	369	-4.1893321263994547	318	11.8993149	11	11.513257	0.386057854
step	wikitext_nll	10	449	-2.1170193153574344	264	14.0588045	279	12.9828882	1.07591629
step	wikitext_nll	11	6163	-1.3867112099667771	6163	14.7309484	3567	14.2419662	0.488982201
step	wikitext_nll	12	4383	-4.5462960956551086	1505	12.6486416	11745	11.9693241	0.679317474
step	wikitext_nll	13	1116	-4.4420755105694791	321	17.9391365	7300	17.3674927	0.571643829
step	wikitext_nll	14	12069	-0.25490636665317179	12069	19.2584667	5701	16.4018631	2.85660362
step	wikitext_nll	15	321	-0.33323145245161212	321	22.0235901	1116	21.0020256	1.02156448
step	wikitext_nll	16	32385	-0.83372072166361033	6228	18.9478111	32385	18.8809471	0.0668640137
step	wikitext_nll	17	11745	-0.24098673534478784	11745	20.1428642	7300	18.6264744	1.51638985
step	wikitext_nll	18	641	-0.55652912254358955	641	19.9806023	1116	18.3322926	1.64830971
step	wikitext_nll	19	1216	-0.8401250067434084	1216	16.5808487	198	15.9244328	0.656415939
step	wikitext_nll	20	995	-4.1398666959671893	369	20.4745312	682	19.652998	0.821533203
step	wikitext_nll	21	264	-0.80136400769395644	264	18.0099106	780	16.3951988	1.61471176
step	wikitext_nll	22	8376	-3.6203634299538283	43741	16.841507	6187	15.8688364	0.972670555
step	wikitext_nll	23	554	-14.173960384789504	3364	20.0121727	10771	19.0167809	0.995391846
step	wikitext_nll	24	12	-0.13699009388332822	12	19.115612	471	16.0933342	3.02227783
step	wikitext_nll	25	31	-0.26756816841015496	31	18.7506218	38095	16.0084686	2.74215317
step	wikitext_nll	26	38095	-0.40526808857609742	38095	19.588377	10771	17.6017799	1.98659706
step	wikitext_nll	27	3364	-0.03435604250293578	3364	21.4383316	919	17.3497791	4.08855247
step	wikitext_nll	28	383	-2.0549107539893852	303	21.6164627	430	20.2898865	1.32657623
step	wikitext_nll	29	279	-0.55014432046771122	279	16.0393448	328	13.7672729	2.27207184
step	wikitext_nll	30	12069	-2.6172671749021368	17557	15.095953	7607	14.76511	0.330842972
step	wikitext_nll	31	3878	-0.45336945410677765	3878	18.6503716	1420	16.9070015	1.74337006
step	wikitext_nll	32	561	-2.7195273575255481	328	14.2393551	561	12.649621	1.58973408
step	wikitext_nll	33	8333	-1.7546058268676801	8333	13.6957397	1543	12.3196363	1.3761034
step	wikitext_nll	34	303	-2.0958600546090871	641	20.1189156	321	19.3162727	0.802642822
step	wikitext_nll	35	220	-0.1684972780480361	220	22.0583839	279	19.9608746	2.09750938
step	wikitext_nll	36	17	-0.5751684412440341	17	18.3181076	16	18.064476	0.253631592
step	wikitext_nll	37	15	-0.00014507957334605582	15	22.3542595	16	11.5691175	10.7851419
step	wikitext_nll	38	15	-0.11505585420594697	15	21.3171196	16	19.2042561	2.11286354
step	wikitext_nll	39	15	-2.0557621093177301	16	18.5447617	18	18.5283661	0.0163955688
step	wikitext_nll	40	641	-0.76514444893570288	641	20.3368835	321	19.5233154	0.813568115
step	wikitext_nll	41	1061	-6.6979335624354084	1216	17.4540939	211388	16.6179466	0.836147308
step	wikitext_nll	42	557	-0.60707246918625557	557	18.2389221	3364	16.9931717	1.24575043
step	wikitext_nll	43	7854	-0.43091628114606689	7854	18.8288708	780	16.8634377	1.96543312
step	wikitext_nll	44	539	-0.059859258204129809	539	22.0840645	303	18.5228462	3.56121826
step	wikitext_nll	45	264	-0.76827696871441509	264	17.6114597	12417	16.1886215	1.42283821
step	wikitext_nll	46	38095	-3.737604999805713	3364	17.0563946	43741	16.7009239	0.355470657
step	wikitext_nll	47	3364	-0.015009026525240769	3364	21.6378441	919	16.447628	5.19021606
step	wikitext_nll	48	303	-0.29437596688635692	303	21.6309547	383	19.7920685	1.83888626
step	wikitext_nll	49	279	-0.3353100343957589	279	15.5071135	264	13.1489611	2.35815239
step	wikitext_nll	50	1432	-6.5059765376337859	220	15.6829319	17557	14.6992912	0.983640671
step	wikitext_nll	51	6056	-8.3872451276726423	561	11.2363529	328	10.6039581	0.632394791
step	wikitext_nll	52	2305	-2.2894372885599918	19922	12.901125	2305	12.6096945	0.291430473
step	wikitext_nll	53	5158	-5.6872044660864374	1116	14.9937344	641	14.8907251	0.103009224
step	wikitext_nll	54	539	-0.058301750606848432	539	20.7034473	321	17.7170315	2.98641586
step	wikitext_nll	55	20660	-3.4794801176621095	6584	12.3690147	20660	11.4536514	0.915363312
step	wikitext_nll	56	73326	-1.4458324413354768	73326	13.651885	22641	12.3109694	1.34091568
step	wikitext_nll	57	1116	-2.025543554363483	641	20.0789165	303	19.156374	0.922542572
step	wikitext_nll	58	864	-0.71552762798360703	864	18.1964226	303	16.4590549	1.73736763
step	wikitext_nll	59	557	-1.3195204871736721	557	17.569313	10298	16.95401	0.61530304
step	wikitext_nll	60	10345	-1.2207380641095393	10345	18.0229931	48372	17.4184742	0.60451889
step	wikitext_nll	61	303	-1.6368422552916295	506	21.541687	303	20.2410622	1.30062485
step	wikitext_nll	62	220	-1.0507810852000619	220	16.7997437	279	16.3919296	0.407814026
step	wikitext_nll	63	17	-0.018741119028492147	17	21.2613029	16	17.1763802	4.08492279
step	wikitext_nll	64	15	-0.00046041944163770085	15	22.1071892	16	12.5524569	9.55473232
step	wikitext_nll	65	15	-0.04869093908558652	15	21.8250732	16	18.8193779	3.00569534
step	wikitext_nll	66	16	-1.1950245225741716	16	19.9949455	17	19.3617172	0.633228302
step	wikitext_nll	67	506	-1.0273543837332717	641	20.4740868	506	20.3004341	0.173652649
step	wikitext_nll	68	279	-0.11433133968456972	279	17.564167	561	13.9365263	3.62764072
step	wikitext_nll	69	15717	-1.0212029739667758	15717	14.8886528	4893	13.6637688	1.22488403
step	wikitext_nll	70	6930	-0.32435208464059406	6930	18.9944229	4893	17.7804279	1.21399498
step	wikitext_nll	71	25385	-0.030279827192489457	25385	21.5167809	641	17.1278667	4.38891411
step	wikitext_nll	72	641	-1.0259544851125284	303	19.3896999	641	19.1815052	0.208194733
step	wikitext_nll	73	1216	-1.3835848934832971	211388	17.1091499	1216	16.9253349	0.183815002
step	wikitext_nll	74	995	-2.767175228962464	682	18.9355354	1048	18.8988914	0.0366439819
step	wikitext_nll	75	264	-0.40670112587752949	264	20.3266258	12417	17.5761566	2.75046921
step	wikitext_nll	76	8376	-2.323657288469914	43741	17.4664154	12250	17.2919445	0.174470901
step	wikitext_nll	77	3364	-1.4360169983045432	554	20.4314613	3364	19.4744186	0.957042694
step	wikitext_nll	78	303	-0.45914548020136736	303	21.6443596	383	20.9220066	0.722352982
step	wikitext_nll	79	279	-0.42020592050058131	279	17.0342484	220	15.0250731	2.0091753
step	wikitext_nll	80	12069	-1.3739988947606792	12069	16.2269154	220	16.0461407	0.180774689
step	wikitext_nll	81	3878	-0.3826187022537062	3878	19.8275642	18986	18.5962982	1.23126602
step	wikitext_nll	82	19594	-6.2468945972995451	52037	13.1324921	561	12.6110134	0.521478653
step	wikitext_nll	83	3629	-0.0022309642223115379	3629	23.330307	12702	16.6307373	6.6995697
step	wikitext_nll	84	1526	-0.018957354578230595	1526	22.3058548	53058	18.0406151	4.26523972
step	wikitext_nll	85	290	-0.00096394059721829114	290	25.2420006	7067	17.104187	8.13781357
step	wikitext_nll	86	303	-0.32054488092993416	303	21.6210155	641	19.5960217	2.0249939
step	wikitext_nll	87	220	-0.024067654153959707	220	24.033165	279	19.7738323	4.25933266
step	wikitext_nll	88	17	-0.0017147351057365311	17	22.9696274	16	16.5448189	6.4248085
step	wikitext_nll	89	15	-5.0257059212421563e-05	15	23.8453999	16	12.3309517	11.5144482
step	wikitext_nll	90	15	-0.0097615220370961438	15	23.0955105	16	18.4642067	4.63130379
step	wikitext_nll	91	17	-0.96714402439094715	17	20.319355	18	19.7949696	0.524385452
step	wikitext_nll	92	641	-0.38559480029805127	641	21.8842278	1116	20.5025959	1.38163185
step	wikitext_nll	93	733	-1.9830401897677592	1216	17.6755733	211388	17.2256088	0.449964523
step	wikitext_nll	94	220	-0.061447405272890263	220	22.6019039	279	19.2566776	3.34522629
step	wikitext_nll	95	17	-0.0022522647646885932	17	22.569149	16	16.3989449	6.17020416
step	wikitext_nll	96	15	-5.0309127261768685e-05	15	23.9918633	16	13.058135	10.9337282
step	wikitext_nll	97	15	-0.032810616536219847	15	23.2214508	16	19.8097	3.41175079
step	wikitext_nll	98	19	-1.4276683452288901	18	21.7142029	19	20.9902267	0.723976135
step	wikitext_nll	99	211388	-2.6447062222867279	551	19.1133652	1116	18.8409348	0.27243042
step	wikitext_nll	100	455	-0.00093756777288747672	455	22.8194122	932	13.8929167	8.92649555
step	wikitext_nll	101	25286	-6.553216614126633	9434	18.8096924	995	18.6980972	0.111595154
step	wikitext_nll	102	264	-0.57168715582578367	264	21.4737568	279	20.8890514	0.584705353
step	wikitext_nll	103	3364	-1.655098092271821	43741	18.0789833	3364	17.8758392	0.203144073
step	wikitext_nll	104	430	-1.9593798472771224	303	21.8095245	430	20.0813942	1.72813034
step	wikitext_nll	105	328	-4.1885338567719952	264	11.975709	279	11.4602528	0.5154562
step	wikitext_nll	106	27489	-5.724855816853597	4248	9.55178642	2832	9.08280563	0.468980789
step	wikitext_nll	107	328	-0.80389952977656554	328	13.9360743	462	9.90123749	4.03483677
step	wikitext_nll	108	303	-0.1219209187260878	303	20.9502544	383	18.2781143	2.67214012
step	wikitext_nll	109	279	-0.15578733344329751	279	17.0996342	264	13.5531178	3.54651642
step	wikitext_nll	110	8961	-7.0227997616663362	12069	15.226779	4383	15.0717697	0.15500927
step	wikitext_nll	111	328	-0.144010485695171	328	16.1149082	314	13.0843086	3.03059959
step	wikitext_nll	112	67694	-9.1931571588689067	561	11.4695921	357	9.37264252	2.09694958
step	wikitext_nll	113	359	-1.2554343971839983	359	14.6759548	328	14.3339481	0.342006683
step	wikitext_nll	114	82	-0.0022617518134844441	82	20.1238594	274	12.5080299	7.61582947
step	wikitext_nll	115	14665	-2.9902296035476059	15703	12.7214489	18398	12.7000742	0.0213747025
step	wikitext_nll	116	328	-0.028804088179506786	328	20.8275509	1021	15.9650545	4.86249638
step	wikitext_nll	117	314	-0.32115264174392499	314	21.7631378	303	20.0305862	1.73255157
step	wikitext_nll	118	279	-0.099513709962686908	279	17.582119	17557	13.2031002	4.37901878
step	wikitext_nll	119	12069	-0.86262642530023426	12069	16.7820339	17557	15.5769348	1.20509911
step	wikitext_nll	120	3878	-0.099119169335527488	3878	20.0209885	18986	17.1655769	2.85541153
step	wikitext_nll	121	561	-2.3990852321351452	52037	13.1462269	561	12.8241682	0.322058678
step	wikitext_nll	122	5546	-5.0499807308230782	11491	12.4684029	8333	12.0553522	0.413050652
step	wikitext_nll	123	36379	-0.052307432265572121	36379	18.5759354	467	14.9171143	3.65882111
step	wikitext_nll	124	2502	-6.4473302782217887	641	21.1821175	1116	18.5208473	2.66127014
step	wikitext_nll	125	551	-1.6859647410190164	411	18.0420914	551	17.8530235	0.189067841
step	wikitext_nll	126	56276	-4.7726596708911231	1048	20.3984203	995	18.7879982	1.61042213
step	wikitext_nll	127	15784	-3.8282874919007752	303	22.2083378	430	20.9686756	1.23966217
step	wikitext_nll	128	18973	-3.6936660588341366	7687	12.1870975	6584	11.8128796	0.374217987
step	wikitext_nll	129	4246	-4.0936485073508013	1680	14.3532677	2583	13.2383747	1.11489296
step	wikitext_nll	130	25265	-0.14469074221412878	25265	17.4237976	423	13.9761944	3.44760323
step	wikitext_nll	131	321	-0.71001869719632626	1116	20.9552479	321	20.9359589	0.0192890167
step	wikitext_nll	132	40917	-5.8874162864383841	6584	12.9859953	7687	12.8266754	0.159319878
step	wikitext_nll	133	14599	-0.022656287132488889	14599	19.4249191	23746	13.8756561	5.549263
step	wikitext_nll	134	17791	-0.05015455988857738	17791	25.6780968	5308	22.6834984	2.99459839
step	wikitext_nll	135	641	-0.10253988849018426	641	22.3148384	303	19.7209072	2.5939312
step	wikitext_nll	136	1216	-1.587278146895664	211388	17.3550987	1216	16.9243393	0.43075943
step	wikitext_nll	137	557	-2.6194470872593358	995	19.3875198	1048	19.1673203	0.220199585
step	wikitext_nll	138	6113	-2.027142437573521	1048	18.5744343	6113	17.5221348	1.0522995
step	wikitext_nll	139	303	-0.49726403256800356	303	21.9667759	430	21.3121719	0.654603958
step	wikitext_nll	140	279	-0.42622202338050147	279	19.0555916	264	17.6737938	1.38179779
step	wikitext_nll	141	220	-1.4686860799059389	3364	17.0202236	220	16.9150047	0.105218887
step	wikitext_nll	142	17	-0.0083093524929768719	17	23.3698425	16	18.2512035	5.11863899
step	wikitext_nll	143	15	-0.0011504812701621878	15	20.6260471	19	11.6890707	8.93697643
step	wikitext_nll	144	15	-0.033477939728127071	15	22.7061939	16	19.2659988	3.44019508
step	wikitext_nll	145	20	-0.73178912945728147	20	21.4939632	21	20.6122093	0.881753922
step	wikitext_nll	146	32385	-6.6713331208451736	4383	16.2972336	12069	14.8677464	1.42948723
step	wikitext_nll	147	51362	-4.9444063635227433	5492	18.7447472	1432	18.0521946	0.692552567
step	wikitext_nll	148	314	-0.63787087589885105	314	13.691638	561	12.0996647	1.5919733
step	wikitext_nll	149	279	-2.5583800051485208	561	12.920742	279	11.8242903	1.09645176
step	wikitext_nll	150	24379	-10.112515568992626	10765	17.2729015	1432	16.231287	1.04161453
step	wikitext_nll	151	89115	-0.776392968432146	89115	14.7711525	35208	13.9496708	0.821481705
step	wikitext_nll	152	1432	-0.43878295166284498	1432	18.7617741	10765	17.884079	0.877695084
step	wikitext_nll	153	42120	-6.3407050845855686	328	12.3309755	561	12.2496624	0.0813131332
step	wikitext_nll	154	48164	-6.1358153906814099	321	15.2236328	641	14.4754581	0.748174667
step	wikitext_nll	155	1116	-2.0006380365999958	321	16.6596298	1116	15.3031855	1.35644436
step	wikitext_nll	156	864	-1.4834667052720529	321	16.5760422	864	15.9778519	0.598190308
step	wikitext_nll	157	557	-0.36545973411108162	557	20.1433601	8660	17.7768173	2.36654282
step	wikitext_nll	158	10345	-0.21545630262499027	10345	20.3962765	48372	17.9878502	2.40842628
step	wikitext_nll	159	506	-0.097845065528814529	506	22.680954	303	19.9553528	2.7256012
step	wikitext_nll	160	279	-0.064643610685369501	279	18.2254677	561	13.6253862	4.60008144
step	wikitext_nll	161	43891	-7.4301775908205228	15717	15.1910515	12878	13.5580082	1.63304329
step	wikitext_nll	162	25385	-0.52412153335033462	25385	15.1207666	303	12.4158554	2.70491123
step	wikitext_nll	163	303	-0.63035136568932437	303	20.2582474	1116	19.830452	0.42779541
step	wikitext_nll	164	68588	-6.5371690351818295	6924	17.3609619	41478	15.2214184	2.13954353
step	wikitext_nll	165	321	-2.0418412103705736	1116	21.0259953	641	19.5609264	1.46506882
step	wikitext_nll	166	279	-0.84833722927886068	279	14.1060095	506	12.8762302	1.22977924
step	wikitext_nll	167	10690	-7.6202808436712939	15717	13.3038807	4893	11.8505802	1.45330048
step	wikitext_nll	168	1223	-0.025078949172093291	1223	18.5747776	416	12.8423538	5.73242378
step	wikitext_nll	169	37145	-0.026846608746508981	37145	18.5946426	200866	13.917346	4.67729664
step	wikitext_nll	170	16440	-0.16262420639898906	16440	18.9569321	20457	16.8706398	2.08629227
step	wikitext_nll	171	303	-0.2098557277654953	303	21.4500999	641	19.1209908	2.32910919
step	wikitext_nll	172	6924	-0.035770899486596126	6924	20.122921	220	15.3622837	4.76063728
step	wikitext_nll	173	641	-0.48067924744748891	641	20.9733791	1116	20.1514778	0.821901321
step	wikitext_nll	174	1216	-1.5940690807611242	211388	17.2366676	1216	16.6149406	0.62172699
step	wikitext_nll	175	557	-1.9630263310393243	995	19.0280533	1048	18.9039154	0.124137878
step	wikitext_nll	176	15083	-7.3834863736240681	1048	19.0580368	6113	18.7791843	0.278852463
step	wikitext_nll	177	539	-0.087715096624784564	539	20.9296398	303	17.9748993	2.95474052
step	wikitext_nll	178	3629	-4.1871913433649759	89115	13.0744944	279	11.7740421	1.30045223
step	wikitext_nll	179	65195	-2.804666536569528	91565	12.6643486	65195	12.2685499	0.395798683
step	wikitext_nll	180	321	-2.1891055865226221	641	20.7263184	303	19.5884933	1.13782501
step	wikitext_nll	181	56276	-1.0830755560244094	56276	15.0527649	1027	13.5182667	1.53449821
step	wikitext_nll	182	15784	-0.23187152900903443	15784	18.8733501	13600	17.1824665	1.69088364
step	wikitext_nll	183	7124	-5.3047623088841318	18973	14.6542683	11745	13.2701359	1.38413239
step	wikitext_nll	184	1190	-1.3198803184814347	1190	14.8293562	34038	14.7757416	0.0536146164
step	wikitext_nll	185	786	-0.022857392542255536	786	22.333107	4148	17.1140633	5.21904373
step	wikitext_nll	186	654	-1.5004335966473602e-05	654	32.5834961	6178	20.5699844	12.0135117
step	wikitext_nll	187	1116	-1.6774199098314133	641	20.9936295	321	20.6801891	0.313440323
step	wikitext_nll	188	48293	-8.3244038876046602	852	12.9409389	8105	11.9414797	0.999459267
step	wikitext_nll	189	1799	-0.45040597392366932	1799	15.4203434	95549	13.6149149	1.8054285
step	wikitext_nll	190	12342	-0.55064080195951304	12342	20.1960773	1322	19.8470097	0.349067688
step	wikitext_nll	191	1116	-1.1493023922921608	321	17.8854446	1116	17.1468925	0.738552094
step	wikitext_nll	192	13528	-5.6005544009114869	321	13.2724905	6584	11.6154022	1.65708828
step	wikitext_nll	193	17206	-9.0249525669127078	462	15.4213696	345	14.4127197	1.00864983
step	wikitext_nll	194	1116	-1.1858881107184838	321	19.6502857	1116	18.8594818	0.790803909
step	wikitext_nll	195	53278	-7.6769314475017065	321	13.0920525	6584	11.3780222	1.71403027
step	wikitext_nll	196	23158	-0.90182157125944806	23158	14.5933218	462	13.0379972	1.55532455
step	wikitext_nll	197	408	-0.00083989144573587611	408	26.078619	2631	18.5172787	7.56134033
step	wikitext_nll	198	1116	-0.79820672446204777	321	20.4466095	1116	20.2611732	0.185436249
step	wikitext_nll	199	57306	-5.6591617725894396	321	13.0924263	8105	11.6459217	1.44650459
step	wikitext_nll	200	77880	-4.2455105517231235	769	13.4454813	7379	12.8358631	0.609618187
step	wikitext_nll	201	321	-0.59296311347360731	321	19.4253712	1116	19.1874504	0.237920761
step	wikitext_nll	202	64770	-6.1160095883204466	7687	11.4613085	8105	11.3310509	0.130257607
step	wikitext_nll	203	10607	-7.5821373957845211	22205	13.6352634	22782	13.6031208	0.0321426392
step	wikitext_nll	204	641	-0.76769232933997456	286	19.9632282	641	19.8470669	0.116161346
step	wikitext_nll	205	4558	-3.3805756878551079	211388	16.8117809	733	16.3160591	0.495721817
step	wikitext_nll	206	733	-1.9416880656848519	733	13.8469505	14162	13.787385	0.0595655441
step	wikitext_nll	207	220	-0.08742627209509303	220	22.7470932	279	18.9116898	3.83540344
step	wikitext_nll	208	17	-0.0015585862048538806	17	23.3018093	16	16.7793999	6.52240944
step	wikitext_nll	209	15	-9.8777135760165296e-05	15	24.2614822	16	13.949028	10.3124542
step	wikitext_nll	210	15	-0.033675634753309945	15	23.1206169	16	19.7424583	3.37815857
step	wikitext_nll	211	21	-0.74891203921180327	21	21.4445534	20	20.6224213	0.822132111
step	wikitext_nll	212	1116	-2.6721512426979714	211388	18.2501869	551	16.7785568	1.4716301
step	wikitext_nll	213	211388	-0.1020182441252116	211388	17.926157	551	15.2135544	2.71260262
step	wikitext_nll	214	455	-0.00023860190552792441	455	26.9760704	3541	17.3798866	9.59618378
step	wikitext_nll	215	56276	-1.1460795379254145	56276	19.0831261	9434	18.343811	0.739315033
step	wikitext_nll	216	15784	-2.6439978774928359	303	22.1577282	430	20.1230812	2.03464699
step	wikitext_nll	217	1190	-9.6109132613596628	18973	13.3466873	11745	12.4469051	0.899782181
step	wikitext_nll	218	786	-0.0040974067469303557	786	22.0512466	284	15.1173964	6.93385029
step	wikitext_nll	219	654	-0.00081792638883031155	654	24.8384743	360	16.6973381	8.14113617
step	wikitext_nll	220	303	-0.66885053049288978	303	21.0154381	1116	20.2255249	0.789913177
step	wikitext_nll	221	279	-0.2423499450706974	279	16.6472855	264	14.4307709	2.21651459
step	wikitext_nll	222	1432	-1.9184580706403178	32385	13.8415928	1432	13.8380699	0.00352287292
step	wikitext_nll	223	90504	-12.938864897450628	561	11.8546553	328	10.286499	1.56815624
step	wikitext_nll	224	5158	-1.5855364938590593	1116	17.5234509	5158	17.3053799	0.218070984
step	wikitext_nll	225	539	-0.047146952596539157	539	21.1162376	321	18.0330544	3.08318329
step	wikitext_nll	226	4246	-4.112185078504182	20660	13.403677	351	12.6785393	0.725137711
step	wikitext_nll	227	43601	-0.10305502708052347	43601	17.6528759	423	13.5284576	4.12441826
step	wikitext_nll	228	26615	-0.01026834982465304	26615	23.9047813	7852	18.932724	4.97205734
step	wikitext_nll	229	641	-0.94799842970423953	641	20.8200188	1116	20.7886887	0.0313301086
step	wikitext_nll	230	1216	-2.2231465385558336	561	17.873045	1049	17.4602146	0.412830353
step	wikitext_nll	231	9434	-2.5610378577187554	557	19.8367996	995	19.2371407	0.599658966
step	wikitext_nll	232	383	-2.9501755619324883	303	22.9125748	383	20.1222267	2.79034805
step	wikitext_nll	233	264	-4.1070379942730604	279	18.0640182	12069	16.7046318	1.35938644
step	wikitext_nll	234	220	-2.1585337507899558	1324	16.7078953	220	15.4788761	1.22901917
step	wikitext_nll	235	17	-0.01498479393300955	17	22.8364143	16	18.0457191	4.79069519
step	wikitext_nll	236	15	-0.002876861408768585	15	23.0211143	19	15.4877491	7.53336525
step	wikitext_nll	237	15	-0.013450843146937525	15	23.1544914	16	18.8001022	4.35438919
step	wikitext_nll	238	21	-0.94593341655039498	22	21.8055115	21	21.6471481	0.158363342
step	wikitext_nll	239	8961	-0.15658636934095391	8961	18.1676769	13295	14.7598591	3.40781784
step	wikitext_nll	240	314	-0.010960565270513676	314	21.1278248	328	15.7233315	5.40449333
step	wikitext_nll	241	279	-0.12957302397117818	279	17.2873764	561	13.4309797	3.85639668
step	wikitext_nll	242	12069	-0.3224405991931133	12069	17.6846581	17557	15.2745771	2.41008091
step	wikitext_nll	243	3878	-0.16736762908230488	3878	20.0161781	18986	17.8636532	2.15252495
step	wikitext_nll	244	1116	-6.2575321359081411	52037	13.5169964	561	13.05686	0.460136414
step	wikitext_nll	245	52037	-1.9241043550382511	52037	13.08601	561	12.9518251	0.134184837
step	wikitext_nll	246	1116	-1.5420781549687352	641	20.627758	1116	19.7353039	0.892454147
step	wikitext_nll	247	7854	-4.7299960100365599	321	19.4766273	303	19.0314236	0.445203781
step	wikitext_nll	248	539	-0.098221827186752639	539	23.1407089	303	20.7045441	2.43616486
step	wikitext_nll	249	264	-0.43100538440408587	264	19.6768532	449	17.3577023	2.31915092
step	wikitext_nll	250	3364	-1.2711974264595909	3364	18.8357544	8376	18.8335876	0.00216674805
step	wikitext_nll	251	303	-0.27370617107407569	303	22.8913822	430	21.3255234	1.56585884
step	wikitext_nll	252	279	-0.19694491231491315	279	18.1806126	264	15.8271761	2.35343647
step	wikitext_nll	253	220	-0.37844473255243261	220	18.0694962	12069	15.5436573	2.52583885
step	wikitext_nll	254	17	-0.0052854022506031327	17	23.0645485	16	17.5795631	5.48498535
step	wikitext_nll	255	15	-0.00032459217104290728	15	23.2301216	16	13.5946083	9.63551331
step	wikitext_nll	256	15	-0.0058771316879682152	15	22.9870052	16	17.8198967	5.16710854
step	wikitext_nll	257	22	-0.27715525606357067	22	22.5766525	23	20.7402725	1.83638
step	wikitext_nll	258	32385	-3.6310780799142059	4383	14.9653931	12069	14.566164	0.39922905
step	wikitext_nll	259	5492	-0.19876980709354053	5492	19.7099781	1432	17.5559826	2.15399551
step	wikitext_nll	260	314	-0.066291352673008647	314	16.7263947	1116	12.7409706	3.98542404
step	wikitext_nll	261	2500	-7.8575945384313108	279	14.1514168	561	12.7458582	1.40555859
step	wikitext_nll	262	310	-0.85964216986318476	310	15.8820686	353	14.7209549	1.16111374
step	wikitext_nll	263	68239	-10.49440858483373	326	18.7289333	13809	14.9409733	3.78796005
step	wikitext_nll	264	15083	-6.4683048878779568	264	14.473156	4465	14.1210823	0.352073669
step	wikitext_nll	265	539	-0.0035754366990839305	539	21.3199215	506	14.6340151	6.68590641
step	wikitext_nll	266	26973	-6.2459083355524001	7687	12.2726097	20660	12.203887	0.0687227249
step	wikitext_nll	267	627	-0.087897545910311028	627	17.4573803	423	13.7825594	3.6748209
step	wikitext_nll	268	423	-0.094970733067709742	423	17.397831	8809	13.043685	4.354146
step	wikitext_nll	269	81521	-0.25965460242424088	81521	18.3587666	24019	14.6360941	3.72267246
step	wikitext_nll	270	641	-0.56442808722579429	641	21.3763676	506	20.1599808	1.2163868
step	wikitext_nll	271	2500	-4.9734769282342528	211388	18.4277325	1216	18.3271065	0.100625992
step	wikitext_nll	272	310	-0.018580324061435272	310	19.8419685	1946	15.6316051	4.21036339
step	wikitext_nll	273	68239	-0.0018088237116033604	68239	21.9189434	12517	14.2675066	7.65143681
step	wikitext_nll	274	557	-0.3875459438276988	557	20.0050449	369	18.3541241	1.65092087
step	wikitext_nll	275	10345	-0.60315376404578636	10345	17.6467457	5158	16.1370583	1.50968742
step	wikitext_nll	276	506	-0.10028878197604915	506	22.8041248	303	19.8977814	2.90634346
step	wikitext_nll	277	13676	-8.1785226256588981	279	18.4200249	2107	13.8740253	4.54599953
step	wikitext_nll	278	25385	-0.0055931442626224129	25385	20.8487282	32385	14.3974266	6.45130157
step	wikitext_nll	279	303	-0.58703510682585103	303	20.3174763	321	19.4740391	0.843437195
step	wikitext_nll	280	279	-4.119739383411499	6924	19.1037292	220	17.185257	1.91847229
step	wikitext_nll	281	6924	-1.4272915583066963	4171	16.1514626	6924	15.7125645	0.438898087
step	wikitext_nll	282	81297	-2.6960781843554531	4171	16.8220558	641	16.2717209	0.55033493
step	wikitext_nll	283	314	-0.0012744860503865504	314	21.6214828	66597	13.3246765	8.29680634
step	wikitext_nll	284	462	-1.7060464415292647	30272	18.0625801	66597	17.4472427	0.615337372
step	wikitext_nll	285	40667	-0.050732009206216497	40667	22.1570778	3144	18.5852966	3.57178116
step	wikitext_nll	286	42228	-2.0655484584774771e-05	42228	28.5046959	1701	16.8978271	11.6068687
step	wikitext_nll	287	321	-0.048978090542324736	321	22.5523682	594	18.9438248	3.6085434
step	wikitext_nll	288	45868	-0.0043981270781309999	45868	21.0510292	5424	13.4208565	7.63017273
step	wikitext_nll	289	5429	-0.0017501736756017387	5429	25.1958961	308	18.7652683	6.43062782
step	wikitext_nll	290	641	-0.46324543311638794	641	21.1771183	321	19.9638329	1.21328545
step	wikitext_nll	291	211388	-1.1864603963367444	211388	18.4602776	733	18.4091034	0.0511741638
step	wikitext_nll	292	455	-0.00020522449235768639	455	26.7087326	932	17.1248817	9.58385086
step	wikitext_nll	293	56276	-1.5621469681259814	56276	18.7198029	557	18.4785919	0.241210938
step	wikitext_nll	294	303	-0.51675729758932099	303	20.6203251	15784	19.9515991	0.668725967
step	wikitext_nll	295	1330	-4.5796020138224449	279	17.4117565	264	15.1096849	2.30207157
step	wikitext_nll	296	11998	-3.0495347887181028	17240	17.160038	220	16.6087532	0.55128479
step	wikitext_nll	297	303	-0.32847016781475785	303	20.8615646	5698	18.6195183	2.24204636
step	wikitext_nll	298	220	-0.021685025596442017	220	24.4663696	279	20.3421211	4.1242485
step	wikitext_nll	299	17	-0.00025813547225332661	17	24.0584812	16	15.6375542	8.42092705
step	wikitext_nll	300	15	-2.0320897801349522e-05	15	24.7156944	16	13.1153412	11.6003532
step	wikitext_nll	301	15	-0.028671043392301119	15	22.8501587	16	19.3104935	3.53966522
step	wikitext_nll	302	23	-0.9947506859076013	22	22.6659775	23	22.3182812	0.347696304
step	wikitext_nll	303	1116	-1.2274094393339756	535	19.0189934	1116	18.9341011	0.0848922729
step	wikitext_nll	304	5870	-7.0200213315332913	279	12.2426758	561	11.6800318	0.562644005
step	wikitext_nll	305	4009	-2.7576896889713227	10049	14.3065529	54302	14.1153965	0.191156387
step	wikitext_nll	306	4734	-2.6100938513808201	321	16.0774364	46825	14.7727871	1.30464935
step	wikitext_nll	307	29219	-0.17085316982464202	29219	23.4070072	634	21.47365	1.93335724
step	wikitext_nll	308	539	-7.1310540682774297	321	20.6711216	1116	18.9085159	1.76260567
step	wikitext_nll	309	54348	-5.3263695379598408	7300	12.5276623	6584	11.2018461	1.32581615
step	wikitext_nll	310	11751	-10.224059680656683	6584	11.1458483	3629	11.0364456	0.109402657
step	wikitext_nll	311	1900	-4.4392285854941038	37017	12.8276367	65622	12.7691927	0.0584440231
step	wikitext_nll	312	160255	-1.6648574288490257	530	16.7613449	160255	15.6339378	1.12740707
step	wikitext_nll	313	1116	-2.3072990162220011	321	18.1890526	1116	16.0558453	2.13320732
step	wikitext_nll	314	321	-0.29505907627374223	321	18.7254124	864	16.3362427	2.38916969
step	wikitext_nll	315	4179	-7.2457421846435333	561	11.8219252	279	11.2680769	0.553848267
step	wikitext_nll	316	767	-3.1355779416508165	359	15.645113	269	13.2888851	2.35622787
step	wikitext_nll	317	51388	-1.9973730185461345	1116	13.3800974	51388	13.3607521	0.0193452835
step	wikitext_nll	318	15083	-3.7739520169025216	38095	16.326622	641	15.9837933	0.342828751
step	wikitext_nll	319	539	-0.0024001315361830682	539	20.9293804	321	14.3996611	6.52971935
step	wikitext_nll	320	11620	-7.9591321200747496	6584	10.9850597	7124	10.9691429	0.0159168243
step	wikitext_nll	321	391	-0.10388520291425583	391	19.1755104	2492	15.8035879	3.37192249
step	wikitext_nll	322	85310	-0.96785393240733664	85310	14.8373289	4130	12.8031254	2.03420353
step	wikitext_nll	323	641	-0.13626909731365616	641	20.3704529	321	17.4356117	2.93484116
step	wikitext_nll	324	733	-2.0365551062467775	211388	18.3592663	1216	18.1907692	0.168497086
step	wikitext_nll	325	3114	-6.0330959616523945	220	22.2538643	279	19.7565193	2.49734497
step	wikitext_nll	326	220	-0.038459484185684296	220	23.4644699	314	19.5954971	3.86897278
step	wikitext_nll	327	17	-0.0001586505192301318	17	23.712286	16	14.3596249	9.35266113
step	wikitext_nll	328	15	-8.1126305222199425e-05	15	23.7404594	16	13.2742081	10.4662514
step	wikitext_nll	329	15	-0.17405123380330531	15	21.9350491	16	20.273243	1.66180611
step	wikitext_nll	330	23	-0.79492150840808162	24	22.4009991	23	22.2140331	0.186965942
step	wikitext_nll	331	1116	-1.1923689710085257	211388	18.8552341	1116	18.4916611	0.363573074
step	wikitext_nll	332	211388	-0.19641544080829956	211388	18.1168633	551	16.3041496	1.81271362
step	wikitext_nll	333	455	-0.00082058312031652481	455	25.8473091	647	16.9915962	8.85571289
step	wikitext_nll	334	1801	-3.8123996409412175	557	18.4677372	56276	18.3581467	0.10959053
step	wikitext_nll	335	264	-1.338958366279126	780	21.0921326	264	20.2517815	0.840351105
step	wikitext_nll	336	8376	-0.28735300276246112	8376	18.5875893	90810	16.1159782	2.47161102
step	wikitext_nll	337	10771	-0.050269854764364498	10771	22.0153084	554	18.9177589	3.09754944
step	wikitext_nll	338	383	-0.8045173766593926	303	22.1824951	383	22.1100655	0.072429657
step	wikitext_nll	339	264	-3.6993689237968921	279	18.3348122	449	17.5402126	0.794599533
step	wikitext_nll	340	1330	-3.8908640706984601	17557	14.109396	12069	13.8637686	0.245627403
step	wikitext_nll	341	554	-0.24323800245571625	554	19.1973152	8961	17.0166664	2.1806488
step	wikitext_nll	342	12	-0.00058149206335566357	12	23.7199001	554	15.9723635	7.74753666
step	wikitext_nll	343	31	-0.0015100891675729699	31	25.2942734	4332	18.3907852	6.90348816
step	wikitext_nll	344	919	-0.49427555151372699	919	20.2840443	8961	19.6373138	0.646730423
step	wikitext_nll	345	8961	-0.10589935042677733	8961	18.9121761	3878	15.0988379	3.81333828
step	wikitext_nll	346	15123	-11.081842772084986	314	21.7196064	1116	17.3596153	4.35999107
step	wikitext_nll	347	314	-0.1882112236701918	314	21.1907425	303	18.1563416	3.03440094
step	wikitext_nll	348	279	-0.095149108717375003	279	17.937912	561	13.7678509	4.17006111
step	wikitext_nll	349	12069	-0.41094116010209381	12069	17.7057266	17557	15.8249168	1.88080978
step	wikitext_nll	350	3878	-0.05934653947707761	3878	20.5144367	18986	17.1704674	3.34396935
step	wikitext_nll	351	457	-3.6459408701022018	1116	13.2496996	52037	13.2236996	0.0260000229
step	wikitext_nll	352	1703	-0.075605464784221102	1703	18.4597988	544	14.42414	4.03565884
step	wikitext_nll	353	279	-0.097524318882404815	279	15.9698477	3038	11.3775778	4.5922699
step	wikitext_nll	354	14585	-0.0029726560065151697	14585	21.6602955	4044	14.5696621	7.09063339
step	wikitext_nll	355	1116	-2.2997927898393047	641	21.7439384	1116	19.7121563	2.03178215
step	wikitext_nll	356	7854	-3.4344023933112924	303	17.9995842	864	17.7080898	0.29149437
step	wikitext_nll	357	539	-0.062977212726465545	539	23.3316822	303	20.2378311	3.09385109
step	wikitext_nll	358	449	-3.1955425762281449	264	19.9052486	279	17.2094841	2.69576454
step	wikitext_nll	359	10771	-0.26587077737957548	10771	19.9694366	8961	18.2672119	1.70222473
step	wikitext_nll	360	383	-0.62050362835657613	383	23.0808792	303	22.8360062	0.244873047
step	wikitext_nll	361	279	-1.0826411982044553	279	17.1728649	264	17.1401215	0.032743454
step	wikitext_nll	362	12069	-1.0592387920306268	12069	15.9807758	220	15.7833815	0.197394371
step	wikitext_nll	363	3878	-0.1874176606105582	3878	19.3290958	18986	17.1751957	2.15390015
step	wikitext_nll	364	27836	-6.6410542865342883	561	12.8804617	52037	12.8768053	0.00365638733
step	wikitext_nll	365	82442	-0.036729728056328036	82442	21.338131	2177	17.4193878	3.91874313
step	wikitext_nll	366	303	-0.45639174453062226	303	20.9557705	641	19.9483566	1.00741386
step	wikitext_nll	367	6492	-2.8231250571211661	220	21.1036472	5589	19.7926579	1.31098938
step	wikitext_nll	368	220	-0.34497238986333495	220	23.9317474	641	22.1653328	1.76641464
step	wikitext_nll	369	17	-0.00011453235180054602	17	22.9757175	16	12.6293659	10.3463516
step	wikitext_nll	370	15	-4.905565585725066e-05	15	25.6491756	16	14.3361835	11.3129921
step	wikitext_nll	371	15	-0.011217934491012362	15	23.9517059	16	19.4643688	4.48733711
step	wikitext_nll	372	23	-0.085129445972119772	23	24.3997116	24	21.9697418	2.42996979
step	wikitext_nll	373	641	-0.019323245979143186	641	22.5567551	1116	17.6831703	4.87358475
step	wikitext_nll	374	1216	-1.054854441506818	1216	18.5432625	733	17.9688206	0.57444191
step	wikitext_nll	375	995	-1.8472092016526485	56276	19.3129482	557	19.0259094	0.287038803
step	wikitext_nll	376	264	-0.14000580803166424	264	21.9516678	8376	18.2637444	3.68792343
step	wikitext_nll	377	43741	-2.1057770021140398	8376	18.8021622	3364	18.5516434	0.250518799
step	wikitext_nll	378	3364	-0.034931308759903523	3364	21.7639465	8376	17.1090851	4.65486145
step	wikitext_nll	379	303	-0.89087500048490942	303	21.8547058	430	21.6424103	0.212295532
step	wikitext_nll	380	5600	-6.8687450764979321	279	19.4151268	220	16.9138622	2.50126457
step	wikitext_nll	381	17240	-0.033649875742145063	17240	21.72225	314	17.7338448	3.98840523
step	wikitext_nll	382	314	-0.069678574030627952	314	22.2472954	303	18.7635612	3.48373413
step	wikitext_nll	383	279	-0.060829146632778018	279	18.2913399	561	13.2570677	5.03427219
step	wikitext_nll	384	12069	-0.70774234152771121	12069	17.8497467	220	17.2778511	0.571895599
step	wikitext_nll	385	3878	-0.023843237366834986	3878	20.2674675	18986	16.0854321	4.18203545
step	wikitext_nll	386	47189	-4.1122773416467915	561	12.794796	52037	12.4305019	0.364294052
step	wikitext_nll	387	1816	-0.0057473612946639593	1816	25.9903812	27614	20.8242359	5.16614532
step	wikitext_nll	388	303	-0.25094174984637596	303	20.1266632	494	18.0073242	2.11933899
step	wikitext_nll	389	220	-0.032863252378005595	220	23.77878	279	19.089695	4.68908501
step	wikitext_nll	390	17	-0.00011227511487155917	17	24.372963	16	15.038003	9.33495998
step	wikitext_nll	391	15	-5.6057419004267659e-05	15	23.9335079	17	12.6772223	11.2562857
step	wikitext_nll	392	16	-2.5625880397005218	15	22.5689392	16	20.0866318	2.48230743
step	wikitext_nll	393	15	-0.26401868873691847	15	23.1876469	16	21.6275196	1.56012726
step	wikitext_nll	394	1116	-1.9966882083764648	641	21.6847496	1116	19.9496746	1.735075
step	wikitext_nll	395	430	-3.5530123344115987	321	19.5268745	7854	18.8275375	0.699337006
step	wikitext_nll	396	328	-0.83891239320296618	328	16.2142105	1575	15.6677351	0.54647541
step	wikitext_nll	397	710	-6.5072775229688506	6683	11.3004484	7967	11.1339388	0.166509628
step	wikitext_nll	398	38201	-3.349693739018555	78577	16.5854187	4958	15.0172462	1.56817245
step	wikitext_nll	399	65770	-6.2420333147588556	328	13.8862648	5748	11.5297203	2.35654449
step	wikitext_nll	400	328	-0.039250572728604494	328	20.2345562	641	16.0426311	4.19192505
step	wikitext_nll	401	641	-0.15636939845037121	641	21.6473866	1116	19.142086	2.50530052
step	wikitext_nll	402	211388	-1.5584351851986891	211388	17.722086	1216	17.6154175	0.106668472
step	wikitext_nll	403	455	-0.00021514887079739786	455	26.6244888	932	16.6520271	9.9724617
step	wikitext_nll	404	56276	-1.3517726526815192	56276	18.7717247	9434	18.1129017	0.658823013
step	wikitext_nll	405	303	-0.22054413404994522	303	21.5865555	15784	19.7201653	1.86639023
step	wikitext_nll	406	279	-0.24324393795628033	279	17.3361511	264	15.1791372	2.15701389
step	wikitext_nll	407	220	-0.31703415452066153	220	18.5006332	4383	15.7868023	2.71383095
step	wikitext_nll	408	17	-0.0032420156061188231	17	22.6390476	16	16.1687088	6.47033882
step	wikitext_nll	409	15	-0.0020732533354346182	15	22.3532772	283	14.951232	7.40204525
step	wikitext_nll	410	16	-0.012773448449652811	16	22.4389439	15	18.0368118	4.40213203
step	wikitext_nll	411	16	-0.71550567850132474	16	21.7493896	15	21.3310089	0.418380737
step	wikitext_nll	412	4383	-1.3725189741165698	4383	14.9590855	1432	14.4102211	0.548864365
step	wikitext_nll	413	23413	-10.761033841442162	561	11.986536	1116	11.4885817	0.497954369
step	wikitext_nll	414	81365	-1.944592041823193	44589	15.2112236	536	15.0678825	0.143341064
step	wikitext_nll	415	15083	-2.8361775991728164	1116	18.7511787	15784	17.9155655	0.835613251
step	wikitext_nll	416	539	-0.0017296938670998882	539	21.0464211	321	13.9605703	7.08585072
step	wikitext_nll	417	11751	-6.9529441521619901	11620	12.4209442	20660	11.4455261	0.975418091
step	wikitext_nll	418	1900	-0.013907442408496463	1900	19.2047882	501	13.3433733	5.86141491
step	wikitext_nll	419	160255	-0.0019653133290915589	160255	25.2971611	530	18.8168793	6.48028183
step	wikitext_nll	420	641	-0.75764789650978681	641	21.1524563	1116	20.8769112	0.27554512
step	wikitext_nll	421	4558	-2.1039236369170498	1216	18.5255604	733	17.7261028	0.79945755
step	wikitext_nll	422	283	-4.9622911085744672	733	16.1158733	1216	15.5004463	0.615427017
step	wikitext_nll	423	283	-3.8460001213508743	8137	11.4370422	283	9.16100216	2.27604008
step	wikitext_nll	424	39138	-3.2839256757688529	16142	14.1292267	18627	13.6678352	0.461391449
step	wikitext_nll	425	283	-0.23179010115553511	283	19.0141411	64143	16.137291	2.87685013
step	wikitext_nll	426	283	-0.1007197872925901	283	18.5063515	4558	15.5706453	2.93570614
step	wikitext_nll	427	4558	-0.55899611172008057	4558	18.8262596	271	18.2599716	0.566287994
step	wikitext_nll	428	283	-2.6426305339552671	211388	15.2703094	733	13.9949455	1.27536392
step	wikitext_nll	429	283	-0.43936980538798676	283	16.5434055	8137	14.5089607	2.03444481
step	wikitext_nll	430	283	-2.3930909739993074	22044	16.4039993	18627	15.426713	0.977286339
step	wikitext_nll	431	220	-3.3528130723596874	22044	17.1520958	25385	15.2415533	1.91054249
step	wikitext_nll	432	17	-0.13822214427161694	17	20.8117867	16	18.8187256	1.99306107
step	wikitext_nll	433	15	-0.0010527687995518268	15	22.3567848	16	13.904108	8.45267677
step	wikitext_nll	434	15	-0.064944807907258761	15	22.3927536	16	19.6533108	2.73944283
step	wikitext_nll	435	15	-0.55881975724929189	15	21.6790867	16	20.3015289	1.37755775
step	wikitext_nll	436	1317	-2.0860649744109412	1137	18.9091034	1317	17.4949913	1.41411209
step	wikitext_nll	437	220	-0.018205638823346856	220	22.2470055	2945	18.0227318	4.22427368
step	wikitext_nll	438	17	-0.2985856953401288	17	22.4970989	15	21.380497	1.11660194
step	wikitext_nll	439	15	-0.0010195355424275799	15	21.5438786	16	12.7822895	8.76158905
step	wikitext_nll	440	15	-0.040871454573270079	15	22.5333672	16	19.3443146	3.18905258
step	wikitext_nll	441	20	-1.5030927840864998	19	20.410181	20	19.8441944	0.565986633
step	wikitext_nll	442	283	-0.67853506289082965	283	19.7802505	535	19.7144337	0.0658168793
step	wikitext_nll	443	283	-0.016297670814827116	283	20.7770348	606	16.3480453	4.42898941
step	wikitext_nll	444	283	-0.011405377649844905	283	21.5850887	4558	16.7689304	4.81615829
step	wikitext_nll	445	4558	-0.19092976143599499	4558	19.8817959	271	18.0267353	1.85506058
step	wikitext_nll	446	733	-1.3405076506454341	733	14.8084545	211388	14.7719049	0.0365495682
step	wikitext_nll	447	220	-0.098864683957706853	220	22.3940449	279	18.1339149	4.26012993
step	wikitext_nll	448	17	-0.01112642355220269	17	23.0086594	16	18.5111542	4.49750519
step	wikitext_nll	449	15	-4.2009402527028355e-05	15	24.8128109	16	13.5296507	11.2831602
step	wikitext_nll	450	15	-0.0079881709338181089	15	24.3439693	16	19.5006981	4.84327126
step	wikitext_nll	451	15	-0.12643735112334401	15	22.7065353	16	19.7522907	2.95424461
step	wikitext_nll	452	211388	-1.1718097352819365	1116	18.4976349	211388	17.773262	0.724372864
step	wikitext_nll	453	455	-0.00038467686220222561	455	26.6911354	647	17.5176716	9.17346382
step	wikitext_nll	454	995	-0.85784219312893428	995	19.6218948	1801	18.8109303	0.810964584
step	wikitext_nll	455	264	-0.02942778625506625	264	22.8705254	780	18.0254917	4.84503365
step	wikitext_nll	456	8376	-0.0928480939041295	8376	20.8422375	43741	16.9690037	3.8732338
step	wikitext_nll	457	554	-0.75066934784286132	554	20.0245247	3364	19.7184849	0.30603981
step	wikitext_nll	458	12	-0.020759730587209316	12	21.4511547	554	17.5035191	3.94763565
step	wikitext_nll	459	31	-4.0619250149488273e-05	31	26.7403297	38095	15.783041	10.9572887
step	wikitext_nll	460	38095	-0.043352225596873843	38095	20.2807484	3364	15.938097	4.34265137
step	wikitext_nll	461	3364	-0.0097637243222490674	3364	22.7534218	10771	17.2519512	5.50147057
step	wikitext_nll	462	383	-0.83030145340777539	383	22.3400345	303	22.2358284	0.104206085
step	wikitext_nll	463	279	-0.27401853633598461	279	21.3713608	449	19.7974663	1.5738945
step	wikitext_nll	464	12069	-0.21987796902948226	12069	19.1649952	17557	16.0466309	3.11836433
step	wikitext_nll	465	3878	-0.013735129893053135	3878	22.5935097	18986	17.7398758	4.85363388
step	wikitext_nll	466	561	-0.040966745839883467	561	21.6324615	1116	18.2801666	3.35229492
step	wikitext_nll	467	8333	-0.0011937612366328659	8333	22.2568207	36800	14.5978184	7.6590023
step	wikitext_nll	468	2502	-3.8290444855231218	641	21.8035889	1116	19.8469143	1.95667458
step	wikitext_nll	469	551	-0.8884905941623501	551	18.435585	279	17.788763	0.646821976
step	wikitext_nll	470	43288	-3.307704759756279	6141	19.438446	9434	19.07444	0.364006042
step	wikitext_nll	471	328	-0.9040783693666069	328	16.760458	279	16.3956604	0.364797592
step	wikitext_nll	472	9523	-5.7090708111126673	3629	11.0416384	6464	10.9354763	0.106162071
step	wikitext_nll	473	4130	-7.0618118812352968	328	13.442502	88	12.2119694	1.23053265
step	wikitext_nll	474	856	-0.09422700400207415	856	20.331562	69	16.4318619	3.89970016
step	wikitext_nll	475	328	-0.018275567698804028	328	20.0651531	1116	14.6391659	5.42598724
step	wikitext_nll	476	303	-0.63376884354715501	303	21.66856	641	21.1318283	0.53673172
step	wikitext_nll	477	279	-0.24865035234918656	279	22.8976479	449	20.8472443	2.05040359
step	wikitext_nll	478	8961	-0.27410964984898772	8961	20.0676517	3878	16.8272591	3.24039268
step	wikitext_nll	479	1116	-3.6913838863939317	328	20.5916882	24062	17.711422	2.88026619
step	wikitext_nll	480	328	-0.070430953941035324	328	17.6537857	24062	13.9051781	3.74860764
step	wikitext_nll	481	733	-4.8867725727139426	561	12.0767651	357	10.3215809	1.75518417
step	wikitext_nll	482	21600	-5.8269617886063827	279	14.6574593	561	13.4861069	1.17135239
step	wikitext_nll	483	40891	-0.055756739933505176	40891	20.4336967	31324	16.3556404	4.07805634
step	wikitext_nll	484	328	-0.10135283158527461	328	21.4006958	641	18.528019	2.87267685
step	wikitext_nll	485	641	-0.099666242710635122	641	21.913744	1116	19.1124191	2.80132484
step	wikitext_nll	486	211388	-1.7882528444709382	1216	18.0622196	733	18.0507927	0.0114269257
step	wikitext_nll	487	455	-0.00018176364557535114	455	26.7254524	647	16.7587166	9.96673584
step	wikitext_nll	488	56276	-0.9432755834678489	56276	19.1589661	557	17.9826603	1.17630577
step	wikitext_nll	489	430	-3.0802339356448512	303	22.9309006	430	19.9573021	2.97359848
step	wikitext_nll	490	328	-0.10758809206303196	328	17.9477348	279	14.6192875	3.32844734
step	wikitext_nll	491	9523	-6.0901893027535285	27489	11.4681015	6584	11.1066589	0.361442566
step	wikitext_nll	492	328	-0.88250773721197617	328	14.2053213	88	12.4172993	1.78802204
step	wikitext_nll	493	303	-0.046669026086466753	303	22.4662743	15784	18.7142982	3.75197601
step	wikitext_nll	494	279	-0.11160416037963014	279	20.6215839	6056	17.4679832	3.15360069
step	wikitext_nll	495	1432	-0.90625433051809412	220	19.6727333	1432	19.4045181	0.268215179
step	wikitext_nll	496	6056	-0.088890507210273043	6056	18.9708519	1116	16.2049465	2.76590538
step	wikitext_nll	497	2305	-0.00076983847734434343	2305	23.5736504	263	15.6104441	7.96320629
step	wikitext_nll	498	5158	-0.59966273704541118	5158	21.2489395	1116	20.382822	0.866117477
step	wikitext_nll	499	539	-0.008493578655397193	539	23.1301956	321	18.1861038	4.9440918
step	wikitext_nll	500	20660	-0.0098420394820244676	20660	20.0704765	279	14.1188002	5.95167637
step	wikitext_nll	501	73326	-0.0067774843958664909	73326	20.3507004	17556	14.3199511	6.03074932
step	wikitext_nll	502	1116	-0.83371705134285157	1116	21.4201202	641	21.1067047	0.313415527
step	wikitext_nll	503	864	-0.091996854351626522	864	21.7293491	10345	18.1826553	3.5466938
step	wikitext_nll	504	557	-0.098477298651528461	557	22.2071476	8660	18.9338684	3.27327919
step	wikitext_nll	505	10345	-0.11035606273362018	10345	21.2787285	15083	17.912693	3.36603546
step	wikitext_nll	506	303	-0.69799779095768533	303	23.3162308	506	23.2123318	0.103899002
step	wikitext_nll	507	220	-0.065761694198108345	220	23.1928368	279	18.474144	4.71869278
step	wikitext_nll	508	17	-0.00019375173049027749	17	23.9050617	16	14.9631882	8.94187355
step	wikitext_nll	509	15	-4.1107536713255827e-05	15	25.4451103	9523	13.8600044	11.5851059
step	wikitext_nll	510	15	-6.9349342657624473e-05	15	24.4168358	16	14.7075729	9.70926285
step	wikitext_nll	511	16	-0.0048381481917172805	16	23.3420563	15	17.775938	5.56611824
step	wikitext_nll	512	506	-0.039492582245030522	506	23.1320972	641	18.7594318	4.37266541
step	wikitext_nll	513	279	-0.0073184559866748154	279	21.7686138	15717	15.701849	6.06676483
step	wikitext_nll	514	15717	-0.010045837711458306	15717	19.5042229	25385	12.6235008	6.88072205
step	wikitext_nll	515	6930	-0.0017782363443976392	6930	21.9581509	4893	14.3965454	7.56160545
step	wikitext_nll	516	25385	-0.00049406949854822048	25385	25.3341331	32385	16.9422493	8.39188385
step	wikitext_nll	517	641	-0.27691466054250902	641	21.5251122	303	20.030117	1.49499512
step	wikitext_nll	518	357	-6.3040176547376605	1216	18.3515205	211388	17.725378	0.626142502
step	wikitext_nll	519	3286	-0.63260146543954721	3286	16.7489452	220	14.570322	2.1786232
step	wikitext_nll	520	314	-0.87566709797053133	314	21.157589	303	20.817009	0.340579987
step	wikitext_nll	521	211388	-4.6097422383771214	279	21.3526878	6056	19.7852173	1.56747055
step	wikitext_nll	522	455	-0.00021907138865158749	455	25.925087	647	16.3745747	9.55051231
step	wikitext_nll	523	359	-0.05786049658578158	359	21.094717	303	17.3351116	3.75960541
step	wikitext_nll	524	82	-7.8731490148098584e-05	82	26.618578	274	16.2562866	10.3622913
step	wikitext_nll	525	4906	-0.22063543212127498	4906	20.0907898	3364	17.7967415	2.29404831
step	wikitext_nll	526	303	-0.54368651276279434	303	21.4574165	539	19.7748718	1.68254471
step	wikitext_nll	527	561	-1.0751158044100158	6056	18.9190445	561	18.8420906	0.0769538879
step	wikitext_nll	528	21316	-1.8210850538786989	23679	18.1309929	21316	17.019558	1.11143494
step	wikitext_nll	529	383	-3.6195017008512096	7246	16.8481026	10661	16.7923565	0.0557460785
step	wikitext_nll	530	7043	-0.13162556956278429	7043	21.3281136	220	19.2248821	2.10323143
step	wikitext_nll	531	7246	-1.7615181131971362	10661	18.1680145	7246	17.9100533	0.257961273
step	wikitext_nll	532	1384	-0.64513346200117028	1384	18.8804588	424	17.8442383	1.03622055
step	wikitext_nll	533	430	-0.047562685198422799	430	22.7084694	328	18.798399	3.91007042
step	wikitext_nll	534	328	-0.28980822604089823	328	19.9073124	264	17.9239025	1.98340988
step	wikitext_nll	535	73403	-9.3993116843229281	264	14.7470083	449	13.3467569	1.40025139
step	wikitext_nll	536	90727	-6.8409337352282318	1603	14.1353588	1116	13.9856091	0.149749756
step	wikitext_nll	537	328	-0.32668674734401187	328	20.2271366	321	18.1896858	2.03745079
step	wikitext_nll	538	303	-3.6268617786354604	641	20.6267529	321	19.97789	0.648862839
step	wikitext_nll	539	279	-0.51866189723704381	279	19.0664997	780	17.9820423	1.0844574
step	wikitext_nll	540	3364	-0.88912261613378396	3364	17.5106564	1432	17.269001	0.24165535
step	wikitext_nll	541	1116	-2.9149214098098764	641	22.1567287	314	20.15448	2.00224876
step	wikitext_nll	542	321	-0.60334730173184681	321	19.4229698	7594	17.3921547	2.03081512
step	wikitext_nll	543	551	-5.3668719719727491	10661	15.6384315	1018	15.5995293	0.0389022827
step	wikitext_nll	544	3816	-2.1964729341319904	557	20.4627533	3816	18.6934662	1.76928711
step	wikitext_nll	545	8751	-3.3311776201747074	264	18.7575073	27463	17.7925568	0.964950562
step	wikitext_nll	546	8120	-6.7976237158250674	93519	21.2058144	27463	19.465332	1.74048233
step	wikitext_nll	547	303	-2.6111898467600874	364	20.1327381	641	19.6541386	0.478599548
step	wikitext_nll	548	561	-0.96054123916310818	561	16.7619171	279	16.4752941	0.286623001
step	wikitext_nll	549	40292	-4.7406364255087015	23679	17.8792763	8261	17.0246868	0.854589462
step	wikitext_nll	550	1116	-1.4576051695793406	321	18.2938633	1116	17.6403313	0.653532028
step	wikitext_nll	551	321	-3.0471916076956429	561	16.8931274	321	14.2632504	2.62987709
step	wikitext_nll	552	54217	-4.902430600193795	561	16.6076183	279	14.9467735	1.6608448
step	wikitext_nll	553	11429	-0.15309985880435092	11429	19.0756569	5230	16.636713	2.43894386
step	wikitext_nll	554	641	-0.16389021136116047	641	20.2593193	364	17.213089	3.04623032
step	wikitext_nll	555	1216	-1.4112220191463152	211388	17.7719841	733	17.6182213	0.153762817
step	wikitext_nll	556	9434	-2.6232445439896068	995	20.8671379	9434	18.6979752	2.16916275
step	wikitext_nll	557	303	-0.56818048197916593	303	23.265276	383	22.2957573	0.969518661
step	wikitext_nll	558	279	-0.62588804122572939	279	19.4786263	264	18.7738514	0.704774857
step	wikitext_nll	559	12069	-2.0388852283040069	220	18.4063568	12069	16.8870296	1.51932716
step	wikitext_nll	560	3878	-0.065265938624723352	3878	21.1178455	18986	17.2990856	3.81875992
step	wikitext_nll	561	19594	-0.048404586886147696	19594	18.2513504	1116	13.974884	4.27646637
step	wikitext_nll	562	3629	-0.000368089820869501	3629	23.6835632	1526	14.8644485	8.81911469
step	wikitext_nll	563	1526	-0.00072237931607743852	1526	23.4776821	53058	15.9276228	7.55005932
step	wikitext_nll	564	290	-0.014190801597905639	290	25.0597858	306	20.7841797	4.27560616
step	wikitext_nll	565	303	-0.092567679962143545	303	23.0574379	430	19.8310776	3.22636032
step	wikitext_nll	566	220	-0.068441707465709697	220	24.3678246	279	20.5811958	3.78662872
step	wikitext_nll	567	17	-0.0002345212014989529	17	24.6757946	16	15.8780289	8.79776573
step	wikitext_nll	568	15	-5.1809578676231673e-05	15	22.9723091	430	11.6671848	11.3051243
step	wikitext_nll	569	15	-8.9533327737717768e-05	15	23.6757317	16	14.1295853	9.54614639
step	wikitext_nll	570	17	-0.0068054680694190541	17	23.7333336	16	18.0875664	5.64576721
step	wikitext_nll	571	430	-1.7454172736928308	1116	20.8292103	641	20.4742775	0.354932785
step	wikitext_nll	572	328	-0.081426398696367724	328	19.0470123	264	15.6792336	3.36777878
step	wikitext_nll	573	2604	-11.211054806443176	6683	11.6555405	3629	11.4449625	0.210577965
step	wikitext_nll	574	334	-7.5357196549908974	627	15.9449949	88	15.4644918	0.480503082
step	wikitext_nll	575	1587	-7.8500040544913539	328	13.622097	1116	10.5775299	3.04456711
step	wikitext_nll	576	1701	-1.9564027465321252	1701	14.0591106	1748	13.0540543	1.00505638
step	wikitext_nll	577	416	-0.0061882164850506228	416	20.6999779	45790	13.9862719	6.71370602
step	wikitext_nll	578	328	-0.014337900156043977	328	20.2553368	1116	14.8783798	5.37695694
step	wikitext_nll	579	303	-0.63777226601380754	303	21.9251938	641	21.5468254	0.378368378
step	wikitext_nll	580	279	-0.063767072505281616	279	24.0257378	449	20.3823662	3.64337158
step	wikitext_nll	581	8961	-0.092021297317955011	8961	20.6584854	17181	16.4724293	4.18605614
step	wikitext_nll	582	328	-0.76245852933842262	1116	21.2549706	328	21.1766243	0.0783462524
step	wikitext_nll	583	29501	-10.671223728558317	561	12.7504759	357	11.582716	1.1677599
step	wikitext_nll	584	61176	-6.3871614307094386	38643	14.551897	45301	14.1872215	0.364675522
step	wikitext_nll	585	72	-0.36254228688198376	72	19.9435883	1128	18.6401329	1.30345535
step	wikitext_nll	586	2179	-0.018195063964059049	2179	23.4576912	5761	19.4437981	4.01389313
step	wikitext_nll	587	328	-0.02126335549132331	328	21.0923958	641	16.2643547	4.82804108
step	wikitext_nll	588	1116	-3.2321699573495275	641	22.0579376	1116	18.8998566	3.15808105
step	wikitext_nll	589	321	-0.96601749764613598	321	19.0829811	864	17.9688015	1.11417961
step	wikitext_nll	590	995	-2.3268261862022088	303	17.1816139	430	16.5867157	0.594898224
step	wikitext_nll	591	264	-0.079687771938088861	264	22.3123779	449	17.9860458	4.32633209
step	wikitext_nll	592	3364	-1.507963067192025	8376	19.0059433	3364	18.5727348	0.433208466
step	wikitext_nll	593	430	-1.1764192588622282	303	22.7690506	430	21.9930382	0.776012421
step	wikitext_nll	594	264	-3.6006712490166	328	18.4296665	264	14.8923016	3.53736496
step	wikitext_nll	595	2086	-8.0078997805836458	328	15.1858711	4142	11.5645914	3.62127972
step	wikitext_nll	596	3542	-0.2508921493764546	3542	19.6788216	328	18.0560188	1.62280273
step	wikitext_nll	597	328	-2.2518112304789417	303	21.3373871	1116	21.2074661	0.129920959
step	wikitext_nll	598	75692	-6.6858289637891852	2604	12.2364235	1587	10.9410744	1.29534912
step	wikitext_nll	599	54499	-6.4641248985035151	328	14.151392	1587	12.2501783	1.90121365
step	wikitext_nll	600	328	-0.0041404713167942121	328	20.7767773	1116	13.61415	7.16262722
step	wikitext_nll	601	383	-4.8285421989786474	303	23.5103226	383	18.7093658	4.80095673
step	wikitext_nll	602	561	-5.3759941120125188	279	19.4192982	449	18.5599861	0.859312057
step	wikitext_nll	603	8333	-0.071557038311998347	8333	17.4621944	15717	12.3598013	5.10239315
step	wikitext_nll	604	641	-3.0317177840462977	303	22.6632576	641	19.7836571	2.87960052
step	wikitext_nll	605	4558	-2.0243246122892784	733	18.4002914	211388	18.0335941	0.366697311
step	wikitext_nll	606	1216	-4.1872145363594075	733	17.6340218	211388	16.6395874	0.994434357
step	wikitext_nll	607	995	-1.5409703773362828	25286	18.9007034	995	18.7784309	0.122272491
step	wikitext_nll	608	264	-0.050291130458760665	264	22.692749	279	18.1394691	4.55327988
step	wikitext_nll	609	43741	-2.7269633564901294	3364	20.5302048	8376	18.212986	2.31721878
step	wikitext_nll	610	3364	-0.025841082078537123	3364	22.016716	8376	16.9992905	5.01742554
step	wikitext_nll	611	303	-0.58700828551918671	303	22.8761559	430	22.3187447	0.557411194
step	wikitext_nll	612	220	-2.4332189535776267	279	19.7122955	2250	18.4298496	1.28244591
step	wikitext_nll	613	17	-0.13562631221508684	17	22.3997269	16	20.2576981	2.14202881
step	wikitext_nll	614	15	-0.026821992443275721	15	23.038887	19	17.968689	5.07019806
step	wikitext_nll	615	15	-0.021229477907290767	15	23.1231155	17240	19.1938915	3.92922401
step	wikitext_nll	616	18	-0.64439397068267468	18	22.9089279	19	22.6173	0.291627884
step	wikitext_nll	617	383	-1.4632238881626189	303	19.7174911	430	19.5385628	0.178928375
step	wikitext_nll	618	1330	-4.0481999598078646	279	18.9147377	2250	15.1591988	3.75553894
step	wikitext_nll	619	17240	-0.06622352249356761	17240	19.5583992	3878	15.1481419	4.41025734
step	wikitext_nll	620	314	-0.033167197830433218	314	22.8055954	430	17.9400902	4.86550522
step	wikitext_nll	621	561	-4.9696756053241282	279	18.2622585	561	13.3461971	4.9160614
step	wikitext_nll	622	8333	-0.16295144201862935	8333	16.5140152	5546	12.3876867	4.12632847
step	wikitext_nll	623	1116	-0.9493595835674784	1116	20.7330971	430	20.662838	0.0702590942
step	wikitext_nll	624	430	-0.82584798744630794	430	19.260622	321	18.1311569	1.1294651
step	wikitext_nll	625	3542	-4.767888391642205	328	19.0608025	279	15.8932362	3.1675663
step	wikitext_nll	626	328	-0.039325630290672486	328	19.5192528	1116	15.2821903	4.23706245
step	wikitext_nll	627	55266	-7.0022666226838073	27489	12.5427561	6683	11.4045534	1.13820267
step	wikitext_nll	628	8223	-5.7924295603445382	328	13.9108238	63007	11.4168301	2.49399376
step	wikitext_nll	629	328	-0.018396084515534129	328	19.8496819	641	14.6509666	5.19871521
step	wikitext_nll	630	641	-0.46777084830396976	641	21.8437176	1116	20.3129616	1.530756
step	wikitext_nll	631	733	-1.1653511462435437	211388	18.3723145	733	17.8894806	0.482833862
step	wikitext_nll	632	220	-0.081741256272420293	220	23.159729	279	19.1540031	4.00572586
step	wikitext_nll	633	17	-0.0002769039588856039	17	24.2537384	16	15.8928328	8.36090565
step	wikitext_nll	634	15	-7.625794444843596e-05	15	25.4540443	5546	15.2553148	10.1987295
step	wikitext_nll	635	15	-4.1437748116707367e-05	15	25.9248447	16	15.7209682	10.2038765
step	wikitext_nll	636	19	-0.023717244367131182	19	23.7249451	18	19.6212807	4.1036644
step	wikitext_nll	637	211388	-0.15625808279101203	211388	19.8199081	1116	17.4033813	2.41652679
step	wikitext_nll	638	455	-0.0003260921088021357	455	27.1548519	3541	18.0027714	9.15208054
step	wikitext_nll	639	25286	-0.44587735722812288	25286	20.0403557	995	18.1582985	1.88205719
step	wikitext_nll	640	264	-0.032353666977232701	264	24.6425095	279	21.0500374	3.59247208
step	wikitext_nll	641	3364	-0.036800013725794216	3364	22.3681259	38095	17.4133301	4.95479584
step	wikitext_nll	642	430	-0.034932176004289307	430	24.330658	303	20.8467159	3.48394203
step	wikitext_nll	643	328	-0.013019275600054227	328	22.4162846	27489	17.2868977	5.1293869
step	wikitext_nll	644	27489	-0.0010449227182144042	27489	21.2383881	10939	11.6508942	9.5874939
step	wikitext_nll	645	328	-0.040415043057598084	328	17.7818604	4335	10.5102386	7.2716217
step	wikitext_nll	646	303	-0.017482467057863289	303	23.5592136	383	18.9775581	4.5816555
step	wikitext_nll	647	279	-0.033255935749000279	279	23.3414211	561	18.6886005	4.65282059
step	wikitext_nll	648	8961	-0.083008122810028145	8961	20.7198639	12069	17.1079674	3.61189651
step	wikitext_nll	649	328	-0.073258848178095845	328	22.9026623	1116	20.2542496	2.6484127
step	wikitext_nll	650	67694	-0.0014473730302343116	67694	21.6885452	22394	14.1735039	7.51504135
step	wikitext_nll	651	359	-0.00098234949397389584	359	22.6842499	579	15.318634	7.36561584
step	wikitext_nll	652	82	-3.6871548639836279e-06	82	27.9867878	50	14.6301346	13.3566532
step	wikitext_nll	653	14665	-0.0011510361598782309	14665	22.4946117	3255	15.452076	7.04253578
step	wikitext_nll	654	328	-0.00090885455999901901	328	22.9976082	1116	14.7271891	8.27041912
step	wikitext_nll	655	314	-0.022570636538047733	314	23.488699	318	18.8469391	4.64175987
step	wikitext_nll	656	279	-0.035532687441088284	279	22.4714355	561	18.9294014	3.54203415
step	wikitext_nll	657	12069	-0.026110805006089203	12069	20.780159	1248	15.3647718	5.41538715
step	wikitext_nll	658	3878	-0.0024656448723686846	3878	23.1831665	18986	16.9038029	6.27936363
step	wikitext_nll	659	561	-0.012577793085817145	561	22.7584915	1116	18.1766243	4.58186722
step	wikitext_nll	660	5546	-0.00014438993054176821	5546	23.7337646	8333	13.5194969	10.2142677
step	wikitext_nll	661	36379	-0.00026166461875579703	36379	24.3749771	7239	14.6358814	9.73909569
step	wikitext_nll	662	2502	-0.37570863928080883	2502	21.6684303	1116	20.1920013	1.47642899
step	wikitext_nll	663	551	-0.042761511518386031	551	20.8786259	279	16.662262	4.21636391
step	wikitext_nll	664	56276	-0.032737565292697363	56276	22.1194153	9434	17.3043938	4.81502151
step	wikitext_nll	665	15784	-0.0092829808404336269	15784	22.5738811	303	17.1181469	5.45573425
step	wikitext_nll	666	18973	-0.056094755161201694	18973	19.9081993	4246	16.6063004	3.30189896
step	wikitext_nll	667	4246	-0.0053734183939108159	4246	20.7073822	40917	14.5462675	6.16111469
step	wikitext_nll	668	25265	-0.00031409178091552377	25265	22.4870682	4361	12.8616734	9.62539482
step	wikitext_nll	669	321	-0.025330403694294099	321	22.8194466	1116	19.1030884	3.71635818
step	wikitext_nll	670	40917	-0.0044249197839757873	40917	20.2501297	86595	11.9226294	8.32750034
step	wikitext_nll	671	14599	-0.00032905646806947493	14599	23.7830887	49915	14.8997927	8.88329601
step	wikitext_nll	672	17791	-1.7812539228491169e-05	17791	29.9890099	656	17.6530476	12.3359623
step	wikitext_nll	673	641	-0.023535034969131157	641	22.5157127	1116	17.9070244	4.60868835
step	wikitext_nll	674	211388	-0.82910273397983236	211388	18.6657562	1216	18.4876995	0.178056717
step	wikitext_nll	675	455	-0.00014001874297382333	455	27.8509636	647	16.9826298	10.8683338
step	wikitext_nll	676	56276	-1.1153289669414446	56276	19.3487854	557	19.2108612	0.137924194
step	wikitext_nll	677	430	-1.5509845081768892	303	22.3011856	430	21.1522026	1.148983
step	wikitext_nll	678	328	-0.07638254639101999	328	18.2650928	264	14.1806326	4.08446026
step	wikitext_nll	679	55084	-6.8042066533623844	6584	10.3294439	7687	10.1912212	0.138222694
step	wikitext_nll	680	328	-0.61372781573928403	328	14.3895569	462	9.7766552	4.61290169
step	wikitext_nll	681	1116	-5.9776124563152937	303	22.62467	15784	18.7248344	3.89983559
step	wikitext_nll	682	303	-1.1094675600534338	303	18.1529388	264	17.6974525	0.455486298
step	wikitext_nll	683	279	-0.16870950924255318	279	19.2006397	264	16.9850636	2.21557617
step	wikitext_nll	684	220	-0.24765788091596533	220	19.2360153	1432	17.1195984	2.11641693
step	wikitext_nll	685	17	-0.0021197128887037258	17	22.8449135	16	16.2844582	6.56045532
step	wikitext_nll	686	15	-0.00037693804641933447	15	22.8944283	283	13.2398195	9.65460873
step	wikitext_nll	687	15	-0.00017436996740256464	15	23.4786797	16	14.4479618	9.03071785
step	wikitext_nll	688	20	-0.045053845157854461	20	23.2168045	19	20.0401211	3.17668343
step	wikitext_nll	689	32385	-0.33071715039705396	32385	17.1448708	1432	14.9555492	2.18932152
step	wikitext_nll	690	51362	-1.3083528012949732	5492	20.6623688	51362	19.6874504	0.974918365
step	wikitext_nll	691	314	-0.0051222415394603128	314	21.123497	539	14.1430492	6.98044777
step	wikitext_nll	692	279	-0.031384640833864004	279	20.4780006	24379	16.1887512	4.28924942
step	wikitext_nll	693	24379	-0.19010795598951311	24379	18.8028679	1432	17.1281586	1.67470932
step	wikitext_nll	694	89115	-0.00060879904218799586	89115	21.9387932	36426	13.0983458	8.84044743
step	wikitext_nll	695	1432	-0.0046997494445043314	1432	21.9786453	359	15.1404057	6.83823967
step	wikitext_nll	696	42120	-0.021551070980909463	42120	21.008976	1116	16.912796	4.09617996
step	wikitext_nll	697	48164	-0.0026571645655886437	48164	20.630085	1116	13.3559151	7.27416992
step	wikitext_nll	698	641	-1.6607555986185645	1116	21.7844467	641	20.4351482	1.34929848
step	wikitext_nll	699	1049	-1.9992666890307376	561	17.8531761	42120	17.5287724	0.324403763
step	wikitext_nll	700	557	-0.031800766091812628	557	23.3146172	8660	18.6454964	4.66912079
step	wikitext_nll	701	10345	-0.43047826178253812	10345	20.3529091	15083	19.5077019	0.845207214
step	wikitext_nll	702	506	-0.05564559113465687	506	22.9332905	303	19.4976082	3.4356823
step	wikitext_nll	703	279	-0.025153934988842743	279	20.7835541	2107	16.0219688	4.76158524
step	wikitext_nll	704	43891	-0.029043696836934158	43891	18.7618961	10690	14.159235	4.60266113
step	wikitext_nll	705	25385	-0.001466529836825147	25385	23.4260368	32385	15.8197269	7.60630989
step	wikitext_nll	706	303	-0.017783106190499779	303	22.6401939	1116	17.6881752	4.95201874
step	wikitext_nll	707	68588	-0.0031378564410894341	68588	21.7100525	279	14.8250256	6.88502693
step	wikitext_nll	708	1116	-2.6063814729215631	321	22.9083557	1116	20.4151535	2.49320221
step	wikitext_nll	709	321	-0.18932129992715366	321	19.4336815	279	16.3361778	3.09750366
step	wikitext_nll	710	279	-0.51257215538980117	279	20.3057804	506	19.0065308	1.29924965
step	wikitext_nll	711	10690	-0.0092539808054580789	10690	18.9977016	6924	11.6551962	7.34250546
step	wikitext_nll	712	1223	-3.2222203375468577e-05	1223	27.0697327	18279	15.4922352	11.5774975
step	wikitext_nll	713	37145	-0.0010942649035499434	37145	23.3082542	303	15.2635803	8.04467392
step	wikitext_nll	714	16440	-0.00047213933473711146	16440	23.9450417	8369	15.2304201	8.71462154
step	wikitext_nll	715	303	-0.012343795476769613	303	23.5071812	641	18.4091072	5.09807396
step	wikitext_nll	716	6924	-0.0071065073799175919	6924	22.1265831	279	16.5531979	5.57338524
step	wikitext_nll	717	641	-0.11429554599708344	641	21.7164288	1116	19.0740967	2.64233208
step	wikitext_nll	718	1216	-0.43600129207752597	1216	18.6269608	211388	17.1257133	1.50124741
step	wikitext_nll	719	557	-0.017660417276744687	557	23.6501923	56276	18.4128761	5.23731613
step	wikitext_nll	720	15083	-0.0046791745051297682	15083	22.8283195	6113	16.3190002	6.50931931
step	wikitext_nll	721	539	-0.0017906502567243676	539	24.3079929	303	17.6677761	6.64021683
step	wikitext_nll	722	3629	-0.005450816195794332	3629	20.7985153	7300	14.5073338	6.29118156
step	wikitext_nll	723	65195	-0.00068995386295614305	65195	22.0398254	345	13.8895912	8.15023422
step	wikitext_nll	724	321	-0.33359106713370063	321	22.6772709	1116	21.6187782	1.05849266
step	wikitext_nll	725	56276	-0.026741420993925302	56276	20.7173004	1027	15.7447195	4.97258091
step	wikitext_nll	726	15784	-0.0054982757534487395	15784	22.9586945	440	17.3033867	5.65530777
step	wikitext_nll	727	7124	-0.037926542642959755	7124	19.7628632	18973	15.7118015	4.05106163
step	wikitext_nll	728	1190	-0.00019320352740838229	1190	23.0270157	25542	13.4417734	9.58524227
step	wikitext_nll	729	786	-7.5722075928987305e-05	786	27.1963005	284	17.2616863	9.93461418
step	wikitext_nll	730	654	-1.716953606433179e-05	654	31.5202942	358	19.9707069	11.5495872
step	wikitext_nll	731	1116	-0.028853455311451292	1116	22.2240696	321	17.8428192	4.38125038
step	wikitext_nll	732	48293	-0.033852533941728657	48293	18.1966438	13528	13.2708511	4.92579269
step	wikitext_nll	733	1799	-0.00091376688846482666	1799	21.6006374	243575	13.013485	8.58715248
step	wikitext_nll	734	12342	-0.0040579526996787282	12342	24.0118523	14977	17.9457817	6.06607056
step	wikitext_nll	735	1116	-0.0042884750503151105	1116	22.431881	321	16.5831032	5.84877777
step	wikitext_nll	736	13528	-0.012040325205940373	13528	19.6023254	53278	13.7723713	5.82995415
step	wikitext_nll	737	17206	-0.00024444798599257823	17206	23.4793053	710	13.8696136	9.60969162
step	wikitext_nll	738	1116	-0.0045175913912251908	1116	23.2596664	321	17.6863079	5.57335854
step	wikitext_nll	739	53278	-0.026157579592587923	53278	17.8656197	57306	12.5369759	5.3286438
step	wikitext_nll	740	23158	-0.00094429965267529294	23158	22.1359177	357	14.617588	7.51832962
step	wikitext_nll	741	408	-2.3869524422881299e-05	408	30.5742722	1547	18.5262794	12.0479927
step	wikitext_nll	742	1116	-0.0086225676742470499	1116	24.089325	321	19.2027817	4.88654327
step	wikitext_nll	743	57306	-0.0042710410750909592	57306	19.8377285	321	12.682106	7.15562248
step	wikitext_nll	744	77880	-0.00021302515310846741	77880	22.5829639	769	12.8919277	9.69103622
step	wikitext_nll	745	321	-0.029295348346651973	321	23.650116	1116	20.1089211	3.54119492
step	wikitext_nll	746	64770	-0.0093167438604545294	64770	18.5724926	13528	11.3588219	7.21367073
step	wikitext_nll	747	10607	-0.00079261526084393433	10607	21.1941452	641	11.7195244	9.47462082
step	wikitext_nll	748	641	-0.011714125960357192	641	21.4552422	4558	15.9842739	5.47096825
step	wikitext_nll	749	211388	-2.6731884396762724	4558	18.3522606	357	16.6429672	1.70929337
step	wikitext_nll	750	455	-0.00028733244009456567	455	26.8182106	647	17.1286106	9.68959999
step	wikitext_nll	751	3816	-2.6366814733632942	56276	19.1221886	557	18.3382111	0.783977509
step	wikitext_nll	752	264	-1.485316402892674	8751	18.7792435	264	18.2806549	0.498588562
step	wikitext_nll	753	35531	-4.4658436075079671	6572	15.7374783	3286	15.4702539	0.267224312
step	wikitext_nll	754	3286	-0.091567344450607144	3286	19.8727245	8751	16.6989212	3.17380333
step	wikitext_nll	755	303	-0.5167651530108448	303	22.3126144	494	20.9634724	1.34914207
step	wikitext_nll	756	561	-0.33034420666441355	561	17.0292854	279	15.2246609	1.80462456
step	wikitext_nll	757	12998	-2.8299285753008965	23679	16.5192833	21316	16.5154953	0.00378799438
step	wikitext_nll	758	47173	-0.07568067170956598	47173	20.2986603	14444	16.7324104	3.56624985
step	wikitext_nll	759	535	-4.7263141287159831	1116	20.3468666	364	20.1319027	0.214963913
step	wikitext_nll	760	328	-0.15994531652677363	328	18.5553246	4558	15.7862644	2.76906013
step	wikitext_nll	761	561	-3.0685298024405419	211388	13.2577763	8137	12.1981344	1.05964184
step	wikitext_nll	762	14912	-4.5740611899258923	3777	11.6953888	6113	11.6799183	0.0154705048
step	wikitext_nll	763	369	-0.54554013012530544	369	18.6357155	557	16.3137817	2.32193375
step	wikitext_nll	764	542	-8.7075263503601512	75150	16.343132	31513	16.0188675	0.324264526
step	wikitext_nll	765	1592	-3.3272456114911551	4126	17.9582253	385	17.0314331	0.926792145
step	wikitext_nll	766	10980	-0.0038536730023747286	10980	23.1175938	15316	16.440937	6.67665672
step	wikitext_nll	767	18324	-4.4108675840078986	1603	18.6748867	7737	15.985961	2.68892574
step	wikitext_nll	768	1116	-1.321107769371257	1116	19.6063366	641	19.4727516	0.133584976
step	wikitext_nll	769	440	-1.4517066780937802	440	15.1709156	321	14.994935	0.175980568
step	wikitext_nll	770	50371	-15.583259045337929	211388	14.4076986	7124	13.4637814	0.943917274
step	wikitext_nll	771	22934	-3.51546850228533	554	15.738287	1116	13.8325291	1.9057579
step	wikitext_nll	772	494	-0.29887037506345249	494	19.4508724	539	17.5524158	1.89845657
step	wikitext_nll	773	7124	-1.0926417405099589	7124	14.8311481	211388	14.0174103	0.813737869
step	wikitext_nll	774	1190	-0.0070625130682491514	1190	19.0398941	15364	12.2159014	6.82399273
step	wikitext_nll	775	786	-0.0022029023536822242	786	24.6124439	284	18.0967331	6.51571083
step	wikitext_nll	776	654	-0.00048180997684014266	654	25.9730682	358	17.3919373	8.58113098
step	wikitext_nll	777	318	-3.8218940647070951	321	20.5243111	1116	19.8595581	0.66475296
step	wikitext_nll	778	1381	-8.0813242069964897	430	12.3689537	55084	11.7329426	0.636011124
step	wikitext_nll	779	632	-8.0038383037096867	264	14.1888723	303	13.2701063	0.918766022
step	wikitext_nll	780	32341	-0.17337548214267551	32341	19.2372169	1768	15.6899824	3.54723454
step	wikitext_nll	781	78675	-0.58556655526423573	78675	20.1005306	284	19.0604591	1.04007149
step	wikitext_nll	782	494	-2.0364147346377814	847	18.7910728	430	18.7604485	0.0306243896
step	wikitext_nll	783	780	-0.4449625989246816	780	14.923583	279	13.2709122	1.65267086
step	wikitext_nll	784	4906	-6.3645641459249731	3364	11.1318207	4248	9.90023136	1.23158932
step	wikitext_nll	785	430	-1.3126320038393642	303	20.5258293	430	19.6250267	0.900802612
step	wikitext_nll	786	51755	-5.4248358550345515	9296	13.0558214	279	12.1861334	0.869688034
step	wikitext_nll	787	443	-7.5890986016249133	303	15.6031847	847	13.3716421	2.23154259
step	wikitext_nll	788	14499	-0.46323918608655001	14499	16.3501968	1656	13.8863201	2.46387672
step	wikitext_nll	789	359	-0.057379013060221778	359	18.5001602	579	14.4497299	4.0504303
step	wikitext_nll	790	82	-0.00078183922834940568	82	22.6371422	274	15.2839088	7.35323334
step	wikitext_nll	791	9296	-1.6130636682519068	9296	12.0896616	3777	9.77221107	2.31745052
step	wikitext_nll	792	1112	-0.00167913371709702	1112	21.841114	4559	13.5783548	8.26275921
step	wikitext_nll	793	847	-0.18661332288986124	847	20.5984039	506	17.9178581	2.68054581
step	wikitext_nll	794	1116	-1.5783485673741318	321	20.1097832	1116	18.8166428	1.29314041
step	wikitext_nll	795	8137	-1.706354836100036	321	13.9488554	8137	13.6851358	0.263719559
step	wikitext_nll	796	211388	-0.0042936808644255696	211388	19.5121536	28976	12.3850393	7.1271143
step	wikitext_nll	797	455	-0.00015321841610593651	455	25.0668755	3541	14.5766783	10.4901972
step	wikitext_nll	798	1116	-0.96331626455091868	321	20.2623062	1116	19.9579163	0.304389954
step	wikitext_nll	799	48293	-1.7464163458413562	57306	14.2125502	13528	14.1888218	0.0237283707
step	wikitext_nll	800	1799	-0.0079640212279878456	1799	19.5077782	243575	13.1554461	6.35233212
step	wikitext_nll	801	12342	-0.0032879191135141094	12342	22.996582	9510	15.6083336	7.38824844
step	wikitext_nll	802	321	-0.56218707641837096	321	20.8467445	1116	20.4339256	0.412818909
step	wikitext_nll	803	53278	-2.2532743495468908	13528	15.2017679	57306	15.063838	0.137929916
step	wikitext_nll	804	23158	-0.034336796592147723	23158	19.1006756	357	15.3413963	3.75927925
step	wikitext_nll	805	408	-0.0038796894407429616	408	23.0483437	265	17.0502663	5.99807739
step	wikitext_nll	806	641	-0.46209552153437516	641	19.5083237	328	18.4661026	1.04222107
step	wikitext_nll	807	328	-0.11264320096238402	328	17.7356262	271	14.1894264	3.5461998
step	wikitext_nll	808	561	-4.2288218704400666	4558	18.3230782	271	16.2666779	2.0564003
step	wikitext_nll	809	23679	-2.5841672100841331	1432	15.1596127	5492	13.6521807	1.50743198
step	wikitext_nll	810	10036	-3.552818462297707	1048	17.2382889	7246	17.2026253	0.0356636047
step	wikitext_nll	811	1116	-2.5861125024120959	421	18.5899334	535	17.6553497	0.934583664
step	wikitext_nll	812	328	-0.045812535415186588	328	21.1780758	421	16.099411	5.07866478
step	wikitext_nll	813	7124	-3.1984439368664326	561	13.2317734	211388	13.036314	0.195459366
step	wikitext_nll	814	1190	-0.0063184308880256399	1190	19.0327797	25542	12.3145962	6.71818352
step	wikitext_nll	815	786	-0.0024347994520370125	786	24.2872772	284	17.7966652	6.49061203
step	wikitext_nll	816	654	-0.00089973389052673449	654	25.875145	2770	17.8353252	8.03981972
step	wikitext_nll	817	321	-1.1843937750598461	321	18.1351299	1116	17.7933617	0.341768265
step	wikitext_nll	818	8137	-0.081664525925064027	8137	17.6547241	279	13.7328758	3.9218483
step	wikitext_nll	819	211388	-0.0018872366852965452	211388	21.3447952	28976	13.6434937	7.70130157
step	wikitext_nll	820	455	-3.6696154475728388e-05	455	28.8494263	647	17.5924931	11.2569332
step	wikitext_nll	821	2915	-5.4380314415326181	513	17.4340553	1116	15.6949539	1.73910141
step	wikitext_nll	822	8117	-11.204079176190694	264	14.6312904	279	14.1461134	0.48517704
step	wikitext_nll	823	27636	-0.0031109805713622654	27636	22.7910957	382	16.6044388	6.18665695
step	wikitext_nll	824	21914	-3.9619710571799174	321	19.47052	1116	18.2588348	1.21168518
step	wikitext_nll	825	279	-0.21847601890079421	279	17.0320263	660	14.5544758	2.47755051
step	wikitext_nll	826	10854	-4.0201715522146575	26052	13.5489321	1189	13.5168114	0.0321207047
step	wikitext_nll	827	346	-0.00032522687272522961	346	27.1127586	8273	17.8752136	9.23754501
step	wikitext_nll	828	702	-0.00017700421705664021	702	25.7371063	943	16.2081375	9.52896881
step	wikitext_nll	829	641	-0.50805951541334993	641	21.2990017	328	20.0337677	1.26523399
step	wikitext_nll	830	328	-0.046762910013085343	328	18.2600613	4558	14.0094624	4.25059891
step	wikitext_nll	831	4558	-0.33806339682937864	4558	18.0928726	271	15.9470863	2.14578629
step	wikitext_nll	832	283	-0.075961071680415687	283	18.7302589	28	14.7521505	3.97810841
step	wikitext_nll	833	283	-0.0055902910939531984	283	19.7887878	220	13.4326963	6.3560915
step	wikitext_nll	834	283	-0.011783056394754344	283	21.1868095	220	16.3774452	4.80936432
step	wikitext_nll	835	220	-0.0071939901890269789	220	22.5230598	3746	15.6803637	6.84269619
step	wikitext_nll	836	17	-5.7508514052877006e-05	17	25.1762886	16	14.4510202	10.7252684
step	wikitext_nll	837	15	-2.6698491368281747e-05	15	24.5937004	17	12.4492607	12.1444397
step	wikitext_nll	838	15	-0.00070748417062021975	15	24.2803154	16	16.9746532	7.30566216
step	wikitext_nll	839	21	-0.01033600565733978	21	24.3534775	20	19.0220413	5.33143616
step	wikitext_nll	840	1317	-0.068158699393794722	1317	22.0759125	1137	18.7798386	3.29607391
step	wikitext_nll	841	2945	-0.9455384918090447	220	21.6189575	2945	21.2110138	0.407943726
step	wikitext_nll	842	283	-0.0045637933740435453	283	23.1143723	1834	17.3421497	5.77222252
step	wikitext_nll	843	283	-0.00023000698061673096	283	22.7145576	220	13.0044937	9.71006393
step	wikitext_nll	844	283	-0.0013355259281259834	283	23.2787018	4558	16.4688187	6.80988312
step	wikitext_nll	845	4558	-0.010163246929500391	4558	22.1915035	271	17.3419971	4.84950638
step	wikitext_nll	846	733	-0.26342119101872047	733	17.8792496	211388	16.4607124	1.41853714
step	wikitext_nll	847	220	-0.042051359126962527	220	23.8225765	5869	19.1090775	4.71349907
step	wikitext_nll	848	17	-4.4774826607677037e-05	17	24.0273762	16	13.3622513	10.6651249
step	wikitext_nll	849	15	-7.7623448514937147e-06	15	25.7663059	220	12.5012674	13.2650385
step	wikitext_nll	850	15	-6.5782705152496901e-05	15	25.9354439	16	16.1775017	9.7579422
step	wikitext_nll	851	21	-0.00082287865473368511	21	27.3574257	20	18.9997692	8.35765648
step	wikitext_nll	852	211388	-0.66740043209872746	211388	19.3826828	1116	19.3161659	0.0665168762
step	wikitext_nll	853	455	-3.4248101975650771e-05	455	30.389595	3541	18.8624382	11.5271568
step	wikitext_nll	854	56276	-0.074517998043583542	56276	21.1698112	9434	17.6035919	3.56621933
step	wikitext_nll	855	303	-2.6804982719659556	15784	21.1110229	430	20.2298279	0.881195068
step	wikitext_nll	856	279	-0.10015611035245837	279	19.5267467	264	16.5585403	2.96820641
step	wikitext_nll	857	1432	-0.098357644097788965	1432	17.8476067	32385	13.7855263	4.06208038
step	wikitext_nll	858	90504	-0.11394971246261368	90504	18.0133419	1116	15.4623718	2.55097008
step	wikitext_nll	859	5158	-0.31510573824060994	5158	21.3790131	15784	19.1860447	2.19296837
step	wikitext_nll	860	539	-0.0048106367273253008	539	22.9480686	321	17.0585537	5.88951492
step	wikitext_nll	861	4246	-0.0057712703021549905	4246	20.7640743	94971	14.5276661	6.23640823
step	wikitext_nll	862	43601	-0.0019210762187488923	43601	21.4499245	423	14.6251144	6.82481003
step	wikitext_nll	863	26615	-0.0037647597517461878	26615	26.0281868	40839	20.3647232	5.66346359
step	wikitext_nll	864	641	-0.92600045032299938	641	21.3188419	1116	20.9531517	0.365690231
step	wikitext_nll	865	561	-2.2336371912370963	1216	18.004137	1049	17.2724762	0.731660843
step	wikitext_nll	866	1432	-0.53949907245056361	1432	17.0120316	5492	15.9591379	1.05289364
step	wikitext_nll	867	557	-0.20953222651372977	557	20.2397499	56276	17.0001221	3.23962784
step	wikitext_nll	868	919	-5.7232626598383218	10345	19.7246971	15083	18.1420898	1.58260727
step	wikitext_nll	869	314	-0.0023937255368002221	314	22.406498	264	14.7060738	7.70042419
step	wikitext_nll	870	264	-1.3234870299396571	279	17.1444321	264	16.2933159	0.85111618
step	wikitext_nll	871	3878	-2.6751069610425584	1923	15.4755678	3098	14.3437214	1.13184643
step	wikitext_nll	872	864	-5.9571514717111995	314	20.2529297	506	15.9632473	4.28968239
step	wikitext_nll	873	14338	-2.4142449686015048	557	16.2949524	5064	15.760622	0.534330368
step	wikitext_nll	874	2086	-4.6593324969024312	279	13.7455072	264	13.6563616	0.0891456604
step	wikitext_nll	875	94971	-2.1991617745391272	18973	16.970211	94971	15.891346	1.07886505
step	wikitext_nll	876	82	-0.011797852647821877	82	21.3715763	359	16.5562134	4.81536293
step	wikitext_nll	877	1116	-2.2337915342430685	4237	17.375845	359	17.1157475	0.260097504
step	wikitext_nll	878	24062	-4.6363870984487843	321	16.448658	2583	14.7909307	1.65772724
step	wikitext_nll	879	17500	-9.6480133366563745	328	14.4351587	561	13.1828594	1.25229931
step	wikitext_nll	880	593	-5.4529754335010754	83	14.4817762	641	14.274044	0.207732201
step	wikitext_nll	881	12485	-11.788417688417502	9357	13.2294607	17500	12.3260326	0.903428078
step	wikitext_nll	882	2871	-6.1154745811258753	593	16.6436539	1116	14.1182556	2.52539825
step	wikitext_nll	883	593	-0.62340766341357401	593	17.2833061	641	16.4105263	0.872779846
step	wikitext_nll	884	90504	-0.73795778859671635	90504	12.9724331	561	10.3778028	2.59463024
step	wikitext_nll	885	641	-0.96417731725474787	641	19.1069107	593	18.8161354	0.290775299
step	wikitext_nll	886	733	-4.4417006131435759	211388	17.4501076	1216	16.5464211	0.903686523
step	wikitext_nll	887	264	-2.8165485020512264	279	18.5211811	220	18.0062561	0.514925003
step	wikitext_nll	888	220	-3.6586252550908709	3286	18.8985786	220	15.380806	3.51777267
step	wikitext_nll	889	17	-0.041751295590981258	17	22.9828205	16	18.8869743	4.09584618
step	wikitext_nll	890	15	-0.021036474282907121	15	20.6325207	20	14.6913347	5.94118595
step	wikitext_nll	891	15	-0.055688962262068001	15	23.4957848	16	20.4795647	3.01622009
step	wikitext_nll	892	21	-0.079080741258178031	21	22.911335	22	19.8642387	3.04709625
step	wikitext_nll	893	6906	-4.8174007024110113	8961	18.6182499	3286	17.1455765	1.47267342
step	wikitext_nll	894	1116	-2.6401892502700766	440	19.1395283	1116	16.7768955	2.36263275
step	wikitext_nll	895	12004	-9.9179962518264588	211388	17.5026741	43601	15.56429	1.93838406
step	wikitext_nll	896	11745	-0.24430758622485571	11745	18.1621494	6113	15.9966831	2.16546631
step	wikitext_nll	897	7124	-0.26932548131979195	7124	17.2732391	321	14.967802	2.30543709
step	wikitext_nll	898	1190	-0.0040640623711316127	1190	19.5570507	25542	12.6360884	6.92096233
step	wikitext_nll	899	786	-0.0015655759146011542	786	25.3588047	284	18.5333767	6.82542801
step	wikitext_nll	900	654	-0.00030066013536634943	654	27.0801239	2770	17.871109	9.20901489
step	wikitext_nll	901	10503	-7.8007772888153593	1018	18.5289249	7246	18.4161568	0.112768173
step	wikitext_nll	902	211388	-0.076522577148649462	211388	18.0495892	279	14.1969461	3.85264301
step	wikitext_nll	903	455	-0.00010877093500950654	455	27.1216393	647	16.6571999	10.4644394
step	wikitext_nll	904	430	-0.14363442561764911	430	22.4511127	359	19.967289	2.48382378
step	wikitext_nll	905	799	-1.0433752232010096	799	20.0267277	328	19.3572197	0.66950798
step	wikitext_nll	906	314	-0.019478102157523852	314	23.0214958	328	17.0482788	5.97321701
step	wikitext_nll	907	780	-0.51792677144219945	780	20.2477188	279	19.4984283	0.749290466
step	wikitext_nll	908	6714	-1.5714441974457802	18133	17.7600269	6714	17.621191	0.138835907
step	wikitext_nll	909	1027	-3.5232417879771134	18973	18.4602013	1208	15.3487415	3.11145973
step	wikitext_nll	910	554	-0.070222867499286329	554	20.9322529	93562	17.2353897	3.69686317
step	wikitext_nll	911	12	-0.001808508446535712	12	23.389843	554	16.8082352	6.58160782
step	wikitext_nll	912	31	-1.9801045762228682e-05	31	28.5725422	30	17.1678658	11.4046764
step	wikitext_nll	913	9467	-0.38415579138133921	9467	20.707674	18973	19.7953644	0.912309647
step	wikitext_nll	914	535	-1.7354671474039052	641	20.6364098	1116	20.5987968	0.037612915
step	wikitext_nll	915	328	-0.045979244109547089	328	20.7920189	4558	16.1912842	4.60073471
step	wikitext_nll	916	353	-1.1313175153381838	353	16.1535206	8137	15.4420128	0.711507797
step	wikitext_nll	917	9939	-4.3134055276311312	359	18.2715302	2854	17.0918961	1.17963409
step	wikitext_nll	918	3133	-0.25725057440754073	3133	18.0180645	5442	15.0046377	3.01342678
step	wikitext_nll	919	440	-0.013804887565216851	440	23.095314	383	17.4120674	5.68324661
step	wikitext_nll	920	264	-4.9135218605600581	8137	15.5518885	1384	14.6035891	0.948299408
step	wikitext_nll	921	7177	-1.3950842534180607	7177	15.9198322	2609	15.3101902	0.609642029
step	wikitext_nll	922	2512	-0.097806354474100035	2512	22.8685913	6725	19.1814041	3.68718719
step	wikitext_nll	923	8137	-0.086731801001604367	8137	18.7943039	4734	15.5174885	3.27681541
step	wikitext_nll	924	211388	-0.015906969771394785	211388	20.2865868	641	14.6138916	5.67269516
step	wikitext_nll	925	455	-0.00016231366326309609	455	25.4893036	677	16.0224247	9.46687889
step	wikitext_nll	926	1116	-1.5123451114807378	641	20.6795273	1116	20.2307034	0.448823929
step	wikitext_nll	927	852	-1.0915405628539732	852	17.8441467	551	17.3260117	0.518135071
step	wikitext_nll	928	557	-1.399946164122305	557	18.6203442	353	18.5052376	0.115106583
step	wikitext_nll	929	303	-0.50544957761324893	303	16.4221268	264	13.7815027	2.64062405
step	wikitext_nll	930	279	-2.108987563346389	90504	16.6233463	279	15.3356018	1.28774452
step	wikitext_nll	931	22983	-9.144757794107619	1432	14.5645056	1420	13.1175041	1.44700146
step	wikitext_nll	932	3896	-0.15952925071548135	3896	18.5695724	1420	15.1690464	3.40052605
step	wikitext_nll	933	314	-2.6291823981780276	440	17.7041359	641	17.2298908	0.474245071
step	wikitext_nll	934	17500	-1.0063724039171582	17500	15.7099953	90504	15.4551697	0.254825592
step	wikitext_nll	935	1116	-0.89163528148122462	593	20.0965195	1116	19.8869476	0.209571838
step	wikitext_nll	936	12485	-0.10945178907657152	12485	17.1566734	90504	14.2694988	2.88717461
step	wikitext_nll	937	2871	-0.060166764695742801	2871	21.3082161	10110	18.3900967	2.91811943
step	wikitext_nll	938	321	-0.27226272469334428	321	22.2999191	1116	21.0793114	1.22060776
step	wikitext_nll	939	90504	-0.012908691905287728	90504	19.2157383	44676	13.3492136	5.8665247
step	wikitext_nll	940	506	-1.715867549106316	641	21.0941925	506	19.9927158	1.10147667
step	wikitext_nll	941	279	-0.091779931207512308	279	17.5560188	13676	12.6898537	4.86616516
step	wikitext_nll	942	4893	-1.4783639818661323	4893	14.6256256	15717	14.352478	0.273147583
step	wikitext_nll	943	641	-1.7387014266698553	25385	20.0738602	641	18.7036095	1.3702507
step	wikitext_nll	944	1216	-0.75840399987331231	1216	17.2250519	353	15.8001633	1.42488861
step	wikitext_nll	945	6141	-4.5968146479782606	359	19.3411503	557	19.1465244	0.194625854
step	wikitext_nll	946	821	-2.9903034738916485	264	14.0455999	279	13.8056335	0.239966393
step	wikitext_nll	947	10326	-1.8986911208145063	10326	15.2084427	25014	15.1914606	0.0169820786
step	wikitext_nll	948	303	-1.0884574007842516	303	18.4130096	641	18.3289223	0.0840873718
step	wikitext_nll	949	42120	-8.2102711858680841	90504	18.0915737	279	16.3480301	1.74354362
step	wikitext_nll	950	48164	-0.02006171350918759	48164	19.1075058	641	13.8690395	5.23846626
step	wikitext_nll	951	641	-1.1359388611888035	641	21.0932026	321	20.8139801	0.279222488
step	wikitext_nll	952	328	-1.8838270988666765	1216	17.4447575	328	16.2989998	1.14575768
step	wikitext_nll	953	1216	-2.0696863138193757	211388	17.7698593	1216	16.223299	1.54656029
step	wikitext_nll	954	43288	-5.4746841659054244	9434	20.0758667	995	18.1184502	1.95741653
step	wikitext_nll	955	328	-0.21135569139874663	328	18.3822632	264	16.1839828	2.19828033
step	wikitext_nll	956	17926	-5.1043601141374619	6584	10.8188953	6683	10.7557907	0.0631046295
step	wikitext_nll	957	30197	-7.6187062367393041	328	14.3135405	417	9.72762203	4.58591843
step	wikitext_nll	958	328	-0.012156435698937105	328	19.6595516	593	13.1216536	6.53789806
step	wikitext_nll	959	383	-0.67384382587566771	383	23.1076279	303	23.0065308	0.101097107
step	wikitext_nll	960	279	-2.5233217755036108	264	22.4912109	449	20.1670494	2.32416153
step	wikitext_nll	961	220	-0.23537119025072675	220	20.4360542	12069	18.3332558	2.10279846
step	wikitext_nll	962	17	-0.10883535428790338	17	23.791769	16	20.9963932	2.79537582
step	wikitext_nll	963	15	-0.045395556594119549	15	20.5994759	18	15.5502663	5.04920959
step	wikitext_nll	964	15	-0.0066940703000622579	15	23.8680134	5361	18.0178833	5.85013008
step	wikitext_nll	965	21	-0.018774655621850898	21	24.3546829	22	20.2437859	4.11089706
step	wikitext_nll	966	8961	-0.27774843287303308	8961	19.2465534	12069	17.6152763	1.63127708
step	wikitext_nll	967	314	-0.70241230570234647	314	20.5307274	328	20.2504616	0.280265808
step	wikitext_nll	968	279	-0.067955745395962233	279	21.5986977	52037	18.5613289	3.03736877
step	wikitext_nll	969	12069	-0.10575376220502204	12069	20.6597366	6255	17.7770233	2.88271332
step	wikitext_nll	970	3878	-0.0034838535925820935	3878	22.839941	18986	15.9572573	6.88268375
step	wikitext_nll	971	1116	-0.46023072631197998	1116	19.5213795	52037	18.9238529	0.59752655
step	wikitext_nll	972	52037	-0.023621857848495336	52037	20.5473652	328	16.326004	4.22136116
step	wikitext_nll	973	1116	-0.97508496839468839	641	21.2323494	1116	20.880146	0.352203369
step	wikitext_nll	974	24062	-1.4351821300173835	321	19.407629	24062	19.3571091	0.0505199432
step	wikitext_nll	975	328	-0.13465314672999176	328	19.2147865	1116	17.0824432	2.13234329
step	wikitext_nll	976	23879	-6.1019718954356241	561	12.437376	357	11.6162682	0.821107864
step	wikitext_nll	977	353	-3.6248788885947474	310	16.9694824	303	16.0047951	0.964687347
step	wikitext_nll	978	357	-6.8786101807891757	2885	17.2963028	14271	16.652668	0.643634796
step	wikitext_nll	979	647	-0.031064679113584893	647	18.8001709	92036	13.8208961	4.97927475
step	wikitext_nll	980	328	-0.069923437377206549	328	20.7788391	907	16.4387798	4.34005928
step	wikitext_nll	981	641	-0.093898720745184877	641	22.4123993	1116	19.7433891	2.66901016
step	wikitext_nll	982	211388	-0.65492688019790557	211388	18.5435944	1216	17.5989971	0.944597244
step	wikitext_nll	983	455	-5.8114935044775636e-05	455	29.0699539	3541	17.6011353	11.4688187
step	wikitext_nll	984	56276	-1.3328067788667872	56276	18.984333	995	18.8618431	0.122489929
step	wikitext_nll	985	430	-1.2715455382702943	303	22.894207	430	22.0472126	0.8469944
step	wikitext_nll	986	328	-0.047742150524897116	328	18.5787086	264	14.0464125	4.53229618
step	wikitext_nll	987	12021	-5.9659382562531418	6683	10.3897247	7687	10.3820877	0.00763702393
step	wikitext_nll	988	328	-0.63427340862507253	328	14.1095905	359	10.0223732	4.08721733
step	wikitext_nll	989	303	-0.088181858460347734	303	23.342886	1116	20.1403198	3.20256615
step	wikitext_nll	990	279	-0.058782776939849277	279	21.4694748	264	17.7500038	3.71947098
step	wikitext_nll	991	220	-0.026956791946196625	220	21.5987453	1432	17.0752144	4.52353096
step	wikitext_nll	992	17	-0.00027187248887635291	17	23.8832054	16	14.927702	8.95550346
step	wikitext_nll	993	15	-0.00010422849952638246	15	23.6918373	25227	12.7251472	10.9666901
step	wikitext_nll	994	15	-0.00036276263805838784	15	25.09095	16	17.1459465	7.94500351
step	wikitext_nll	995	22	-0.0029749785480417258	22	25.616272	21	19.1790485	6.43722343
step	wikitext_nll	996	5492	-3.4772322450081625	32385	18.8265877	1432	16.0329132	2.79367447
step	wikitext_nll	997	314	-0.018174450852207206	314	21.5109329	2500	16.637825	4.87310791
step	wikitext_nll	998	2500	-0.50272977552786169	2500	17.9521065	279	17.3935413	0.55856514
step	wikitext_nll	999	310	-0.0049108704699020482	310	21.1651382	1946	15.6742954	5.49084282
step	wikitext_nll	1000	68239	-0.0018550603856854492	68239	22.0906906	12517	14.3363171	7.75437355
step	wikitext_nll	1001	15083	-1.021962007495042	15083	20.022007	1116	19.6439476	0.378059387
step	wikitext_nll	1002	539	-0.0008930110767798612	539	23.4637375	26973	15.407733	8.05600452
step	wikitext_nll	1003	26973	-0.012226309200826067	26973	19.0444679	7300	12.4623375	6.58213043
step	wikitext_nll	1004	627	-4.6216172647492473e-05	627	25.5854359	423	13.9509106	11.6345253
step	wikitext_nll	1005	423	-0.00032463462785721286	423	21.8218136	426	12.4399271	9.38188648
step	wikitext_nll	1006	81521	-0.00045117784236667731	81521	24.8141556	82506	16.0292358	8.78491974
step	wikitext_nll	1007	641	-0.19288841894968123	641	22.6982651	1116	20.6187916	2.0794735
step	wikitext_nll	1008	2500	-1.101646657825623	2500	19.0086288	561	18.9137001	0.0949287415
step	wikitext_nll	1009	310	-0.00037975551226096776	310	22.9210281	1946	14.4245186	8.49650955
step	wikitext_nll	1010	68239	-0.00095975448480974991	68239	24.3845024	38671	16.7000523	7.68445015
step	wikitext_nll	1011	557	-0.035794667229714278	557	23.2599792	369	19.0715275	4.18845177
step	wikitext_nll	1012	10345	-0.047212972717523137	10345	21.6208591	5158	17.5964966	4.02436256
step	wikitext_nll	1013	506	-0.025347173455549561	506	23.1246243	303	18.9852753	4.13934898
step	wikitext_nll	1014	13676	-0.20576585870957351	13676	20.4994526	279	18.9985809	1.50087166
step	wikitext_nll	1015	25385	-0.003829889273908686	25385	22.8829689	36231	17.0513535	5.83161545
step	wikitext_nll	1016	303	-0.039999283878169561	303	23.5066624	641	19.3956394	4.11102295
step	wikitext_nll	1017	279	-0.063407609479120497	279	23.1080379	6924	19.9332676	3.17477036
step	wikitext_nll	1018	6924	-0.0021545659007421382	6924	21.9581985	462	15.25354	6.70465851
step	wikitext_nll	1019	81297	-0.0047853304238569252	81297	23.1068268	63525	17.64398	5.46284676
step	wikitext_nll	1020	314	-0.00086320760223757497	314	23.8552113	82	16.4135838	7.4416275
step	wikitext_nll	1021	462	-0.00098916219854196133	462	21.3363247	6924	13.4666672	7.86965752
step	wikitext_nll	1022	40667	-0.00055922737240628726	40667	26.6088066	3986	17.9153137	8.69349289
step	wikitext_nll	1023	42228	-0.001188099036623135	42228	25.628006	19947	17.6721172	7.95588875
step	wikitext_nll	1024	321	-0.00055592370084727697	321	24.3763046	594	16.3750992	8.00120544
end	wikitext_nll	1024
step	held_out_wikitext_1024	1	310	-1.1142115717902987	310	11.6877117	421	10.4579697	1.22974205
step	held_out_wikitext_1024	2	52490	-9.6901561078700755	1236	13.4891586	3165	13.4591885	0.0299701691
step	held_out_wikitext_1024	3	279	-0.77794212414629849	279	12.1544666	780	9.82169914	2.33276749
step	held_out_wikitext_1024	4	8862	-6.9377107769732014	6149	8.90581512	13876	8.10793877	0.797876358
step	held_out_wikitext_1024	5	314	-0.29127439966956559	314	19.1444988	63385	16.390358	2.75414085
step	held_out_wikitext_1024	6	279	-1.3980432061499515	279	13.7603865	3611	11.9042034	1.85618305
step	held_out_wikitext_1024	7	31117	-11.290653893529903	3087	11.7707691	4424	10.8984203	0.872348785
step	held_out_wikitext_1024	8	42060	-7.319239999814382	12899	15.4079285	12433	13.8811922	1.52673626
step	held_out_wikitext_1024	9	321	-2.4941747239138925	539	16.8978577	314	16.654995	0.242862701
step	held_out_wikitext_1024	10	310	-2.1672584347996735	279	15.031189	310	14.2619076	0.769281387
step	held_out_wikitext_1024	11	1791	-4.3755835352029973	4433	15.3358631	884	15.240118	0.0957450867
step	held_out_wikitext_1024	12	449	-1.9209473647899191	264	17.3457108	449	15.933259	1.41245174
step	held_out_wikitext_1024	13	51666	-5.4680984084739608	4945	15.676158	6560	15.3546247	0.321533203
step	held_out_wikitext_1024	14	31117	-3.8495479425220882	10106	13.6054621	6560	13.4170151	0.188446999
step	held_out_wikitext_1024	15	42060	-1.5529749685099277	42060	17.3265114	2234	17.1779633	0.148548126
step	held_out_wikitext_1024	16	641	-7.1532582357596262	13	17.4071369	303	17.0081139	0.399023056
step	held_out_wikitext_1024	17	561	-2.3055143853718563	198	12.3154135	561	11.1978512	1.11756229
step	held_out_wikitext_1024	18	8862	-4.3730693710295334	31117	11.9637213	491	11.3610954	0.602625847
step	held_out_wikitext_1024	19	314	-0.54594908945710197	314	18.9957771	557	17.6596336	1.33614349
step	held_out_wikitext_1024	20	279	-0.076572884613963665	279	20.1413918	411	16.3242722	3.8171196
step	held_out_wikitext_1024	21	4588	-5.3130132600888889	31117	15.2257309	5404	13.3100576	1.91567326
step	held_out_wikitext_1024	22	557	-1.0034074073433394	557	16.3504486	31117	15.2275658	1.12288284
step	held_out_wikitext_1024	23	57744	-2.6088852846776578	46961	16.9579887	12573	16.5187588	0.439229965
step	held_out_wikitext_1024	24	539	-0.34129926797640608	539	21.004406	440	18.8899231	2.11448288
step	held_out_wikitext_1024	25	279	-1.408680019272172	279	17.0566788	264	16.3594265	0.697252274
step	held_out_wikitext_1024	26	5089	-0.99666772297324624	5089	15.7499647	13319	14.507678	1.24228668
step	held_out_wikitext_1024	27	314	-0.044330623718072316	314	18.0239506	310	13.8554525	4.16849804
step	held_out_wikitext_1024	28	264	-0.81010244658830832	264	17.1342182	449	15.8089046	1.32531357
step	held_out_wikitext_1024	29	13769	-5.1422858039966926	220	15.6015444	9229	13.8696575	1.73188686
step	held_out_wikitext_1024	30	6784	-3.7200206138266547	2424	14.7962561	6000	14.7831974	0.0130586624
step	held_out_wikitext_1024	31	506	-3.4014945496151925	220	17.2285538	11	16.4996948	0.728858948
step	held_out_wikitext_1024	32	3140	-6.1989917915975346	279	21.1331406	1141	18.4585953	2.67454529
step	held_out_wikitext_1024	33	220	-0.1441295816591448	220	20.53162	799	17.1293297	3.40229034
step	held_out_wikitext_1024	34	16	-1.1449750491393518	16	19.6472969	17	19.0403252	0.606971741
step	held_out_wikitext_1024	35	78761	-5.7897246113720033	15	19.5069962	20	19.3165264	0.190469742
step	held_out_wikitext_1024	36	318	-2.3827400491935484	11702	20.0687866	318	17.9316902	2.13709641
step	held_out_wikitext_1024	37	220	-2.9023030520906961	18	20.9513607	220	18.1828842	2.76847649
step	held_out_wikitext_1024	38	18	-0.05482136763298906	18	20.7905617	19	17.3245697	3.46599197
step	held_out_wikitext_1024	39	10169	-0.79197026695647044	10169	18.741703	13	18.2225914	0.519111633
step	held_out_wikitext_1024	40	220	-0.15986291022205526	220	23.087923	847	21.0643406	2.02358246
step	held_out_wikitext_1024	41	18	-0.021279405210820817	18	22.664032	17	17.9832344	4.68079758
step	held_out_wikitext_1024	42	303	-0.03822779214407427	303	21.7141113	13	17.1782665	4.5358448
step	held_out_wikitext_1024	43	847	-0.043786276665620384	847	21.3882618	8	18.1516151	3.23664665
step	held_out_wikitext_1024	44	303	-3.4917969536018516	11702	20.2788506	303	16.8724785	3.40637207
step	held_out_wikitext_1024	45	24935	-0.36636017883151301	24935	19.5278263	3929	18.1618176	1.36600876
step	held_out_wikitext_1024	46	321	-2.4716124407361537	641	17.1611786	11	17.156601	0.00457763672
step	held_out_wikitext_1024	47	1010	-6.549374914040536	279	17.354084	539	16.898737	0.455347061
step	held_out_wikitext_1024	48	314	-4.1601893895455557	220	16.5436916	4945	14.3858471	2.15784454
step	held_out_wikitext_1024	49	279	-0.051244153029816983	279	20.210207	1141	16.16716	4.04304695
step	held_out_wikitext_1024	50	45116	-2.3505246573471177	45116	13.9965763	9229	12.7785931	1.21798325
step	held_out_wikitext_1024	51	6747	-4.9258228356365148	557	17.0861149	11629	16.3264065	0.759708405
step	held_out_wikitext_1024	52	494	-0.17723358596928168	494	21.1200809	557	17.8862991	3.23378181
step	held_out_wikitext_1024	53	279	-0.12578063138474324	279	19.6054497	975	16.1362877	3.46916199
step	held_out_wikitext_1024	54	259	-3.9815555273601837	1822	14.1391659	8156	13.9745312	0.164634705
step	held_out_wikitext_1024	55	84322	-0.00080947798699951051	84322	23.9283848	817	16.5647163	7.36366844
step	held_out_wikitext_1024	56	557	-0.53550799652316639	557	19.3795052	321	17.7032681	1.67623711
step	held_out_wikitext_1024	57	1429	-0.87223814305921277	1429	19.0109406	3568	17.6927376	1.31820297
step	held_out_wikitext_1024	58	310	-0.29304420673322729	310	22.0941391	364	20.3127899	1.78134918
step	held_out_wikitext_1024	59	5827	-2.1932854651445961	52490	18.7300835	5827	17.7956047	0.93447876
step	held_out_wikitext_1024	60	279	-0.076781682834099252	279	20.4462624	411	16.5758781	3.87038422
step	held_out_wikitext_1024	61	14827	-1.7671291916331076	51666	15.6603546	491	15.5783587	0.0819959641
step	held_out_wikitext_1024	62	641	-0.44239457406432975	641	17.8541756	13	16.4855156	1.36865997
step	held_out_wikitext_1024	63	561	-1.3180092553083547	561	13.8603039	198	13.2843971	0.575906754
step	held_out_wikitext_1024	64	1923	-8.308583456936999	45116	12.239151	1822	12.0281773	0.21097374
step	held_out_wikitext_1024	65	5445	-2.802352738865642	31117	14.777504	5445	13.7636862	1.01381779
step	held_out_wikitext_1024	66	3559	-4.1484677800328047	557	18.9531803	314	17.6792831	1.27389717
step	held_out_wikitext_1024	67	279	-0.081706987508815263	279	20.7213898	2107	16.9036369	3.81775284
step	held_out_wikitext_1024	68	4588	-4.7378212845363228	31117	17.5378551	4560	14.5186052	3.01924992
step	held_out_wikitext_1024	69	9599	-12.04297785725948	557	18.4957047	31117	17.69524	0.80046463
step	held_out_wikitext_1024	70	314	-0.23693640591567053	314	20.2511272	557	18.3884888	1.86263847
step	held_out_wikitext_1024	71	57685	-8.3233843857519361	279	18.8361149	259	15.0205269	3.815588
step	held_out_wikitext_1024	72	259	-1.1775513963053845	259	15.7500448	30801	14.6239042	1.12614059
step	held_out_wikitext_1024	73	84322	-0.00051843248124662825	84322	23.2559357	39987	14.7561607	8.49977493
step	held_out_wikitext_1024	74	557	-0.43511435917990854	557	18.5778465	321	16.0240612	2.55378532
step	held_out_wikitext_1024	75	15625	-6.1860407144372349	1048	18.4659004	57744	17.222353	1.24354744
step	held_out_wikitext_1024	76	310	-1.3262440178222674	1083	22.2179356	310	21.2369061	0.98102951
step	held_out_wikitext_1024	77	3222	-4.1377333456327987	264	16.9119587	449	15.6675901	1.24436855
step	held_out_wikitext_1024	78	10106	-2.3825496989522215	10106	14.0674267	25042	13.5675697	0.499856949
step	held_out_wikitext_1024	79	5415	-0.93990887809285606	5415	18.7666359	641	18.037632	0.729003906
step	held_out_wikitext_1024	80	2502	-5.0940929263011574	641	18.7079697	321	17.7315102	0.976459503
step	held_out_wikitext_1024	81	411	-1.959013430287402	279	16.9989071	411	16.1503601	0.848546982
step	held_out_wikitext_1024	82	6946	-2.8295947308587395	557	16.5950756	6946	15.6946564	0.900419235
step	held_out_wikitext_1024	83	279	-0.27308424324499425	279	18.6971664	2020	16.1934013	2.50376511
step	held_out_wikitext_1024	84	17199	-5.0670499304390297	2020	16.046051	8026	15.8382721	0.207778931
step	held_out_wikitext_1024	85	359	-0.46143037667923281	359	18.570137	6	17.5302353	1.03990173
step	held_out_wikitext_1024	86	46578	-1.6934277676915528	2020	17.031477	46578	16.2489243	0.782552719
step	held_out_wikitext_1024	87	310	-1.6475643615597306	539	19.2526627	641	19.2260227	0.0266399384
step	held_out_wikitext_1024	88	220	-0.41307069810813507	220	21.1572876	883	19.3289165	1.82837105
step	held_out_wikitext_1024	89	24	-2.7515817232304856	16	20.1614456	23	18.8678246	1.29362106
step	held_out_wikitext_1024	90	554	-11.651503477506738	11	21.371727	220	19.163311	2.20841599
step	held_out_wikitext_1024	91	30095	-0.1757888936071666	30095	18.8695374	1116	16.5519218	2.31761551
step	held_out_wikitext_1024	92	220	-0.88917044090889741	220	17.6160908	11	17.2018585	0.414232254
step	held_out_wikitext_1024	93	20	-1.7684537399434364	15	20.8528385	20	19.956337	0.896501541
step	held_out_wikitext_1024	94	15	-0.21991251074095536	15	20.9616909	20	18.1340618	2.82762909
step	held_out_wikitext_1024	95	15	-0.017650887295572192	15	20.6170387	307	15.2998409	5.3171978
step	held_out_wikitext_1024	96	307	-0.23239183134625543	307	19.5797005	8491	17.143446	2.4362545
step	held_out_wikitext_1024	97	64899	-1.9517407081326339	7898	20.0147591	64899	18.3083725	1.70638657
step	held_out_wikitext_1024	98	8491	-0.0050986112014465342	8491	24.1406059	9217	18.5328217	5.60778427
step	held_out_wikitext_1024	99	318	-0.071621209436684652	318	22.3779335	506	19.4846897	2.89324379
step	held_out_wikitext_1024	100	220	-0.012260208933772585	220	22.3931904	16	17.6651325	4.72805786
step	held_out_wikitext_1024	101	16	-0.0023411769579614792	16	23.5596352	24	16.4163227	7.14331245
step	held_out_wikitext_1024	102	22	-0.04195610342912541	22	22.6154041	23	18.4498215	4.16558266
step	held_out_wikitext_1024	103	554	-0.43741550857960959	554	19.5631104	1116	18.47686	1.08625031
step	held_out_wikitext_1024	104	30095	-0.0025934407330985149	30095	22.5304089	11	15.5314312	6.99897766
step	held_out_wikitext_1024	105	220	-0.012390046664898579	220	21.6600742	20	15.9342527	5.7258215
step	held_out_wikitext_1024	106	21	-3.5863119410804365	20	22.6047459	19	21.239109	1.36563683
step	held_out_wikitext_1024	107	15	-0.038090003770837426	15	21.4436646	19	17.1262131	4.31745148
step	held_out_wikitext_1024	108	15	-0.00052536245488628481	15	23.1328812	12754	14.6322498	8.50063133
step	held_out_wikitext_1024	109	12754	-0.013103090248984251	12754	21.6566582	50111	16.4970627	5.15959549
step	held_out_wikitext_1024	110	2502	-0.79176689260557176	847	22.2584229	2502	22.1032333	0.155189514
step	held_out_wikitext_1024	111	220	-0.0011878345379420347	220	22.8708897	198	15.0306568	7.84023285
step	held_out_wikitext_1024	112	16	-0.0011881489808831273	16	23.5531025	24	15.9199295	7.63317299
step	held_out_wikitext_1024	113	15	-0.27618145567970642	15	22.3558903	16	21.2050934	1.15079689
step	held_out_wikitext_1024	114	554	-0.010025737805967444	554	20.815321	1116	15.5382481	5.27707291
step	held_out_wikitext_1024	115	30095	-0.0010681951701004434	30095	22.2343521	1116	14.2162323	8.01811981
step	held_out_wikitext_1024	116	220	-0.0099115232937369967	220	20.0998573	24	14.790451	5.30940628
step	held_out_wikitext_1024	117	24	-0.038300481058819648	24	21.0686111	23	17.5389557	3.52965546
step	held_out_wikitext_1024	118	15	-0.0025808649976997739	15	25.181797	20	18.7902336	6.39156342
step	held_out_wikitext_1024	119	15	-3.1174475061701406e-05	15	24.3539429	9217	12.7128305	11.6411123
step	held_out_wikitext_1024	120	9217	-0.00077055142171236714	9217	25.2604389	8491	17.899086	7.36135292
step	held_out_wikitext_1024	121	847	-0.0025704994697358661	847	23.425621	7222	16.7597542	6.66586685
step	held_out_wikitext_1024	122	506	-0.077495739209935036	506	21.7513905	641	18.6766243	3.07476616
step	held_out_wikitext_1024	123	264	-2.0337438750052832	220	22.0405998	264	20.1640701	1.87652969
step	held_out_wikitext_1024	124	4478	-0.01623970280681717	4478	21.671833	6966	15.778738	5.89309502
step	held_out_wikitext_1024	125	314	-0.0043408179344926754	314	22.8623772	220	16.3691101	6.49326706
step	held_out_wikitext_1024	126	220	-0.016037189861614603	220	23.0302162	5600	18.3537254	4.67649078
step	held_out_wikitext_1024	127	16	-0.067888522134106774	16	21.1822071	17	18.396904	2.78530312
step	held_out_wikitext_1024	128	21	-1.2531626548100272	21	20.4649086	20	20.4330177	0.0318908691
step	held_out_wikitext_1024	129	58186	-0.057003461316283852	58186	22.5366306	1111	19.511652	3.02497864
step	held_out_wikitext_1024	130	641	-5.4761685478116577	318	22.2877922	641	16.8188515	5.46894073
step	held_out_wikitext_1024	131	357	-3.5480580919502449	561	13.5670862	271	13.1241369	0.442949295
step	held_out_wikitext_1024	132	6505	-4.6062083287092594	491	13.1406498	703	12.0736532	1.06699657
step	held_out_wikitext_1024	133	314	-0.0057584292959213766	314	19.2838688	220	11.6253777	7.65849113
step	held_out_wikitext_1024	134	3856	-3.2182289715780419	220	13.0254974	3856	11.4980402	1.52745724
step	held_out_wikitext_1024	135	220	-0.0462644153597171	220	19.9920502	12	14.7013721	5.29067802
step	held_out_wikitext_1024	136	17	-1.9681082879030789	19	19.9649353	18	19.9383392	0.0265960693
step	held_out_wikitext_1024	137	17	-0.86980351593107685	17	16.4906139	16	16.3725777	0.11803627
step	held_out_wikitext_1024	138	7099	-6.9315933291608616	17	15.0707092	16	14.3313723	0.739336967
step	held_out_wikitext_1024	139	554	-3.5715248336241601	2624	18.4586411	26616	17.0737572	1.38488388
step	held_out_wikitext_1024	140	12	-0.063075191693576282	12	18.9800186	30095	15.3718271	3.60819149
step	held_out_wikitext_1024	141	31	-0.04780700768781846	31	18.5514221	14603	13.5742245	4.97719765
step	held_out_wikitext_1024	142	2624	-0.68269107090667547	2624	19.0177155	14603	18.3632736	0.654441833
step	held_out_wikitext_1024	143	8595	-0.87439946295682458	8595	18.1345596	26616	18.1015854	0.0329742432
step	held_out_wikitext_1024	144	1506	-0.00012586323685062731	1506	25.3845825	19730	15.2902317	10.0943508
step	held_out_wikitext_1024	145	998	-1.0954685848448003	998	19.7130661	557	19.6449947	0.0680713654
step	held_out_wikitext_1024	146	1048	-1.5174340927234444	9969	19.9710693	27419	19.7163582	0.254711151
step	held_out_wikitext_1024	147	27419	-0.87160858412149156	27419	20.4614334	9969	20.2135391	0.247894287
step	held_out_wikitext_1024	148	2261	-4.6599150278283155	641	19.3004265	1116	17.3993053	1.90112114
step	held_out_wikitext_1024	149	279	-0.48392287607631218	279	20.2862015	411	19.3986397	0.887561798
step	held_out_wikitext_1024	150	13996	-2.7778545689054388	1985	17.736702	13996	15.6457806	2.0909214
step	held_out_wikitext_1024	151	641	-0.31134436213603156	641	19.212574	1116	17.0415611	2.17101288
step	held_out_wikitext_1024	152	4558	-5.9500165944095711	271	12.9275131	561	12.565958	0.361555099
step	held_out_wikitext_1024	153	561	-7.4896974530300175	14162	15.7209654	15666	13.9139805	1.8069849
step	held_out_wikitext_1024	154	16162	-7.0728331903046442	13996	11.2576027	1118	11.1647654	0.0928373337
step	held_out_wikitext_1024	155	314	-0.011288592313708734	314	21.629715	321	16.2650414	5.36467361
step	held_out_wikitext_1024	156	279	-0.27742529652657583	279	18.7975559	1330	16.1377163	2.65983963
step	held_out_wikitext_1024	157	13838	-5.0639426545479838	57685	15.8706112	259	14.7858362	1.08477497
step	held_out_wikitext_1024	158	6560	-0.80946147457456818	6560	18.9564323	11269	18.5315189	0.424913406
step	held_out_wikitext_1024	159	2745	-0.010833165095554891	2745	23.0674057	22823	18.4632359	4.60416985
step	held_out_wikitext_1024	160	1116	-3.6819243686123455	321	17.4173508	557	17.267643	0.149707794
step	held_out_wikitext_1024	161	279	-1.4183738059770556	279	16.3006115	321	15.2644758	1.03613567
step	held_out_wikitext_1024	162	14218	-6.2834049403293157	5089	15.1633034	13550	13.7543268	1.40897655
step	held_out_wikitext_1024	163	259	-1.5943728380114071	259	15.3226185	88716	14.9665241	0.35609436
step	held_out_wikitext_1024	164	84322	-0.000352499255979207	84322	23.3103905	817	14.0045881	9.30580235
step	held_out_wikitext_1024	165	321	-0.52106338549647535	321	21.4251461	1116	20.8717575	0.553388596
step	held_out_wikitext_1024	166	836	-3.5821510493911282	279	18.1490097	836	14.8335762	3.3154335
step	held_out_wikitext_1024	167	12250	-4.6249240837621635	30801	14.8346195	45116	14.7884159	0.0462036133
step	held_out_wikitext_1024	168	13976	-0.79803654761332854	13976	18.1306572	5759	17.6769981	0.453659058
step	held_out_wikitext_1024	169	557	-3.4803109858411618	1116	18.5443611	321	17.4183922	1.12596893
step	held_out_wikitext_1024	170	8524	-7.498711321803186	264	17.2033844	3481	17.0629921	0.140392303
step	held_out_wikitext_1024	171	63659	-8.3474459592848476	6306	18.4823742	1575	17.8491478	0.633226395
step	held_out_wikitext_1024	172	539	-0.81265998114376092	364	21.7193451	539	21.5826721	0.136672974
step	held_out_wikitext_1024	173	279	-0.67047303696586125	279	18.7853985	264	17.1653595	1.62003899
step	held_out_wikitext_1024	174	5089	-0.96426540612804312	5089	16.8479996	13319	15.2501373	1.59786224
step	held_out_wikitext_1024	175	314	-0.010706133530637121	314	21	310	15.1434927	5.8565073
step	held_out_wikitext_1024	176	279	-2.6244319192127525	220	15.1645241	264	14.8044195	0.360104561
step	held_out_wikitext_1024	177	10650	-5.3495042947179456	220	12.950757	13769	12.8983231	0.0524339676
step	held_out_wikitext_1024	178	9249	-0.095948810388624212	9249	20.324789	28808	17.6151447	2.70964432
step	held_out_wikitext_1024	179	1116	-1.722575981948075	641	18.7856579	321	18.6937637	0.0918941498
step	held_out_wikitext_1024	180	14255	-1.7027693643357249	864	15.6802025	14255	15.5594158	0.120786667
step	held_out_wikitext_1024	181	277	-1.0201365332888086	1506	20.3781128	277	19.8074245	0.570688248
step	held_out_wikitext_1024	182	1116	-1.1065510149212781	321	20.488554	1116	19.8485012	0.640052795
step	held_out_wikitext_1024	183	27317	-6.7875302367529935	321	15.712575	14255	13.6620064	2.05056858
step	held_out_wikitext_1024	184	15881	-0.27097319028243733	15881	19.0159645	5849	16.4937172	2.52224731
step	held_out_wikitext_1024	185	321	-0.35756278453595108	321	20.6282558	1116	19.6598434	0.968412399
step	held_out_wikitext_1024	186	777	-5.7869796484688134	26616	14.4497299	279	14.218792	0.230937958
step	held_out_wikitext_1024	187	10106	-1.3493422662779362	10106	14.9018745	13730	13.6029062	1.29896832
step	held_out_wikitext_1024	188	1116	-3.0342226934151091	641	20.2854309	5415	18.5942574	1.69117355
step	held_out_wikitext_1024	189	321	-1.4620533277053671	321	18.2549458	748	18.185955	0.0689907074
step	held_out_wikitext_1024	190	279	-0.87632978643858483	279	16.705101	748	14.8289871	1.87611389
step	held_out_wikitext_1024	191	2197	-11.024364717368336	17199	13.9478073	4528	13.2561607	0.691646576
step	held_out_wikitext_1024	192	17640	-0.00076811763410564334	17640	25.5405312	565	17.9620609	7.57847023
step	held_out_wikitext_1024	193	2147	-0.068444068129037097	2147	23.4179001	265	20.7361774	2.68172264
step	held_out_wikitext_1024	194	2521	-0.039072947266048021	2521	20.6993618	34124	16.7966442	3.90271759
step	held_out_wikitext_1024	195	6946	-2.727997233937649	557	20.1118813	314	19.0139103	1.09797096
step	held_out_wikitext_1024	196	641	-2.1670082608268197	539	20.1477242	494	20.0863361	0.0613880157
step	held_out_wikitext_1024	197	17	-9.303602331551458	561	15.9220028	271	14.331563	1.5904398
step	held_out_wikitext_1024	198	18	-3.0387315873992651	20	14.7621889	15	14.3049088	0.457280159
step	held_out_wikitext_1024	199	35058	-4.3675045156723717	561	14.4830647	9186	13.5436707	0.939393997
step	held_out_wikitext_1024	200	318	-0.26516342436479268	318	19.9672318	641	17.9210224	2.04620934
step	held_out_wikitext_1024	201	220	-0.044777480925776138	220	21.2912655	22	17.9530983	3.33816719
step	held_out_wikitext_1024	202	24	-5.1603001643814537	22	23.3778954	16	19.5502853	3.82761002
step	held_out_wikitext_1024	203	554	-3.664149660190787	10169	16.9824772	13	16.7619343	0.220542908
step	held_out_wikitext_1024	204	56490	-3.118799287185869	30095	20.1400642	56490	17.0894833	3.05058098
step	held_out_wikitext_1024	205	220	-0.018033728931840468	220	19.9348125	16	13.8982277	6.03658485
step	held_out_wikitext_1024	206	16	-1.9739752821853007	16	18.9087315	19	18.7600632	0.148668289
step	held_out_wikitext_1024	207	303	-3.0486474229357512	10169	19.8916073	303	17.1580009	2.73360634
step	held_out_wikitext_1024	208	847	-0.058017475937115419	847	19.7206097	7222	15.8578634	3.86274624
step	held_out_wikitext_1024	209	310	-3.1051040446774376	641	18.5374527	1116	16.8444748	1.69297791
step	held_out_wikitext_1024	210	220	-0.20182131475793172	220	20.6168957	264	17.1830864	3.43380928
step	held_out_wikitext_1024	211	17	-1.5002460813681968	17	18.6597862	18	18.4665642	0.193222046
step	held_out_wikitext_1024	212	554	-1.3203975468582112	554	18.0662785	641	17.7008667	0.365411758
step	held_out_wikitext_1024	213	56490	-0.092327939308315274	56490	19.3492031	30095	16.5319481	2.81725502
step	held_out_wikitext_1024	214	220	-0.027553823418066097	220	20.7897034	271	16.344038	4.44566536
step	held_out_wikitext_1024	215	23	-2.0997588434273111	22	18.8498669	20	18.7556496	0.0942173004
step	held_out_wikitext_1024	216	16	-3.7642151067696146	35058	19.5715332	20	17.0291901	2.54234314
step	held_out_wikitext_1024	217	35058	-0.052813452999116467	35058	19.790308	295	16.1712284	3.61907959
step	held_out_wikitext_1024	218	318	-0.016633569636149561	318	21.4140167	641	16.5211716	4.89284515
step	held_out_wikitext_1024	219	220	-0.0035044774496391447	220	20.9496231	24	14.4935875	6.45603561
step	held_out_wikitext_1024	220	24	-0.046687325915620678	24	22.8816452	16	18.9485664	3.93307877
step	held_out_wikitext_1024	221	10169	-1.9038085113709924	554	19.0116081	10169	17.3294621	1.68214607
step	held_out_wikitext_1024	222	220	-0.0347056712344617	220	21.7423935	554	17.4808559	4.26153755
step	held_out_wikitext_1024	223	18	-1.389765823991197	17	21.5813847	18	20.5699387	1.011446
step	held_out_wikitext_1024	224	303	-0.020212442320002171	303	21.792347	554	17.2531548	4.5391922
step	held_out_wikitext_1024	225	847	-0.029274774069718769	847	20.9308739	7222	17.1195946	3.8112793
step	held_out_wikitext_1024	226	506	-5.0887517495496093	641	19.6882935	1116	17.1253204	2.56297302
step	held_out_wikitext_1024	227	2400	-1.7555718189862668	279	14.5985031	2400	14.1666069	0.43189621
step	held_out_wikitext_1024	228	2706	-0.094322284140889265	2706	19.2468491	12247	15.3269787	3.91987038
step	held_out_wikitext_1024	229	430	-6.0308967802223385	641	18.9837151	1116	17.3080788	1.67563629
step	held_out_wikitext_1024	230	264	-0.37839063131195355	264	19.0925808	279	16.9881344	2.10444641
step	held_out_wikitext_1024	231	1067	-0.070954149238717776	1067	21.1499443	27735	18.1965294	2.95341492
step	held_out_wikitext_1024	232	314	-0.45728080568082508	314	20.5088463	641	19.8125	0.696346283
step	held_out_wikitext_1024	233	279	-0.22551488853736201	279	18.6424847	1439	16.2599049	2.3825798
step	held_out_wikitext_1024	234	13550	-5.3840836250665953	13996	16.2635212	4203	14.2924919	1.97102928
step	held_out_wikitext_1024	235	303	-0.37416763627308691	303	20.4053879	314	19.4419098	0.963478088
step	held_out_wikitext_1024	236	279	-1.8849506435414078	41633	17.3038254	1844	17.1161575	0.187667847
step	held_out_wikitext_1024	237	41633	-2.4419549435772412	4528	16.4056053	1844	15.3815136	1.02409172
step	held_out_wikitext_1024	238	539	-3.2867687481128716	641	18.9016933	314	18.3766499	0.525043488
step	held_out_wikitext_1024	239	888	-4.7555905746433469	220	20.3712368	883	18.4475365	1.92370033
step	held_out_wikitext_1024	240	220	-0.039547012086275049	220	21.4067116	554	16.2029057	5.20380592
step	held_out_wikitext_1024	241	17	-1.655338421421177	16	19.6860352	17	19.3777008	0.308334351
step	held_out_wikitext_1024	242	554	-0.18286666408246341	554	20.3653984	1116	17.6733551	2.6920433
step	held_out_wikitext_1024	243	30095	-0.010733992007695196	30095	20.4124565	11	14.7695951	5.64286137
step	held_out_wikitext_1024	244	220	-0.0053262191753370262	220	21.1556873	15	14.977541	6.17814636
step	held_out_wikitext_1024	245	15	-0.42692959955345838	15	19.7059116	20	17.742979	1.96293259
step	held_out_wikitext_1024	246	15	-0.0046699146959255297	15	21.7769775	20	14.4025908	7.37438679
step	held_out_wikitext_1024	247	15	-0.0021055342952604685	15	21.4733505	49209	14.436842	7.03650856
step	held_out_wikitext_1024	248	49209	-0.66639395324485784	49209	20.2168045	1248	19.6365242	0.580280304
step	held_out_wikitext_1024	249	318	-1.4028539776733437	641	19.6978188	318	19.0254879	0.672330856
step	held_out_wikitext_1024	250	220	-0.017513843524053933	220	21.1248169	16	15.2557049	5.86911201
step	held_out_wikitext_1024	251	17	-0.70618529802691565	16	22.5206184	17	22.5084457	0.012172699
step	held_out_wikitext_1024	252	554	-0.038268110240600582	554	20.9383125	15	17.5550594	3.3832531
step	held_out_wikitext_1024	253	30095	-0.00036454633793258593	30095	24.0853691	11	15.3902054	8.69516373
step	held_out_wikitext_1024	254	220	-0.007533836074155309	220	20.7219105	31	14.6857204	6.03619003
step	held_out_wikitext_1024	255	15	-0.010137606821275883	15	22.7546139	16	17.3625107	5.3921032
step	held_out_wikitext_1024	256	15	-0.0011665940808837842	15	22.9603844	19	15.3034019	7.65698242
step	held_out_wikitext_1024	257	15	-0.00022745027974246346	15	24.0362206	16	14.2371483	9.79907227
step	held_out_wikitext_1024	258	1248	-0.057030218728240593	1248	23.0214233	33325	19.4856873	3.53573608
step	held_out_wikitext_1024	259	19008	-0.00091783190939211166	19008	25.7587547	2502	18.1376152	7.62113953
step	held_out_wikitext_1024	260	847	-1.7770648252230166	2502	21.0553722	847	19.5424099	1.51296234
step	held_out_wikitext_1024	261	310	-4.6119653694094502	641	19.5306644	321	18.1922722	1.33839226
step	held_out_wikitext_1024	262	220	-0.35750366516007204	220	20.7107849	883	18.8792439	1.83154106
step	held_out_wikitext_1024	263	19	-1.4245960265028708	18	19.1598473	19	18.410244	0.749603271
step	held_out_wikitext_1024	264	15	-1.888738902559961	16	19.4793205	15	19.2063446	0.272975922
step	held_out_wikitext_1024	265	554	-0.058467946659386066	554	20.0306587	1116	16.5758972	3.45476151
step	held_out_wikitext_1024	266	30095	-0.01251839651893602	30095	22.3177986	56490	17.9012432	4.4165554
step	held_out_wikitext_1024	267	220	-0.0045663029262963039	220	21.1428871	1116	14.2065105	6.93637657
step	held_out_wikitext_1024	268	19	-2.1710291818221625	15	18.6009102	20	18.5749664	0.0259437561
step	held_out_wikitext_1024	269	19	-2.7793006428404023	15	20.5364666	20	19.3042107	1.23225594
step	held_out_wikitext_1024	270	19	-2.6910338951802601	15	19.329361	20	18.2066212	1.12273979
step	held_out_wikitext_1024	271	49209	-0.16425613337102432	49209	20.5680122	1248	18.1357803	2.4322319
step	held_out_wikitext_1024	272	318	-0.050416832995277848	318	20.8696804	641	17.2769737	3.59270668
step	held_out_wikitext_1024	273	220	-0.0046057819416614907	220	21.1019192	19	14.7670431	6.33487606
step	held_out_wikitext_1024	274	18	-1.0148653095911906	19	22.3494778	18	21.788372	0.561105728
step	held_out_wikitext_1024	275	24	-0.0036268880745103948	24	22.2201805	23	15.5478392	6.67234135
step	held_out_wikitext_1024	276	554	-0.0047361996250808299	554	21.1795979	1116	15.1098957	6.06970215
step	held_out_wikitext_1024	277	30095	-0.0013380191380761451	30095	24.0030136	56490	17.2510853	6.75192833
step	held_out_wikitext_1024	278	220	-0.0017832749358274121	220	20.1322899	1116	12.4161777	7.71611214
step	held_out_wikitext_1024	279	23	-0.52290595447918053	23	20.7629986	22	20.3728561	0.390142441
step	held_out_wikitext_1024	280	15	-0.59258396350802378	15	18.6231499	16	17.7486687	0.874481201
step	held_out_wikitext_1024	281	20	-2.5832125823097605	15	20.3745251	20	18.6422577	1.73226738
step	held_out_wikitext_1024	282	1248	-0.001708579991348095	1248	23.9026031	24376	16.6197777	7.28282547
step	held_out_wikitext_1024	283	19008	-0.00091323141353549754	19008	25.3927536	259	17.0352631	8.35749054
step	held_out_wikitext_1024	284	847	-0.032519113284936965	847	22.4357681	2502	18.2913742	4.14439392
step	held_out_wikitext_1024	285	641	-0.42837089227084779	641	19.4942417	321	17.3770866	2.11715508
step	held_out_wikitext_1024	286	1061	-3.5716750528970835	561	15.7214928	271	15.2642603	0.457232475
step	held_out_wikitext_1024	287	1048	-3.647195950470866	557	16.6213188	18433	15.8849249	0.736393929
step	held_out_wikitext_1024	288	10723	-1.9678982406457883	10723	18.2351837	6946	18.0065479	0.228635788
step	held_out_wikitext_1024	289	279	-0.12230740224733901	279	18.8743801	9665	14.867506	4.00687408
step	held_out_wikitext_1024	290	42634	-1.6882116140609207	9665	15.9908257	42634	15.7223492	0.268476486
step	held_out_wikitext_1024	291	3734	-0.00064040444508057582	3734	24.2627296	271	15.7487488	8.51398087
step	held_out_wikitext_1024	292	310	-1.3346347793470792	539	20.5276451	310	20.1151276	0.412517548
step	held_out_wikitext_1024	293	220	-0.074734703946462852	220	22.1420021	883	18.1314049	4.01059723
step	held_out_wikitext_1024	294	24	-0.38668681477847128	24	20.0375595	16	18.6181545	1.41940498
step	held_out_wikitext_1024	295	554	-0.063260810990004093	554	19.9938354	13	16.7483788	3.2454567
step	held_out_wikitext_1024	296	56490	-0.018611847614369695	56490	20.582468	30095	16.1687908	4.41367722
step	held_out_wikitext_1024	297	220	-0.0085564957497914745	220	20.9872379	271	15.6486416	5.33859634
step	held_out_wikitext_1024	298	15	-3.6293451678313939	21	17.8593292	20	17.7683029	0.0910263062
step	held_out_wikitext_1024	299	18	-2.5831854984608729	20	18.8918457	21	18.558342	0.333503723
step	held_out_wikitext_1024	300	35058	-0.034618187344245585	35058	20.4644203	295	15.993597	4.47082329
step	held_out_wikitext_1024	301	318	-0.0070663511662562972	318	21.6535187	641	15.1766148	6.47690392
step	held_out_wikitext_1024	302	220	-0.0011035339738291103	220	22.8306866	17	15.7133083	7.11737823
step	held_out_wikitext_1024	303	17	-0.014046370178513014	17	24.8372688	18	19.9387321	4.89853668
step	held_out_wikitext_1024	304	24	-0.0057734074444061294	24	22.3770905	23	16.1772003	6.19989014
step	held_out_wikitext_1024	305	10169	-0.0069399280154634471	10169	22.5993633	554	17.4299564	5.16940689
step	held_out_wikitext_1024	306	220	-0.0019245743167688879	220	22.0809326	847	14.9910641	7.08986855
step	held_out_wikitext_1024	307	23	-0.30564231968244021	23	24.2711601	22	23.1734734	1.09768677
step	held_out_wikitext_1024	308	303	-0.0058994552211223787	303	23.6275501	554	18.2066536	5.42089653
step	held_out_wikitext_1024	309	847	-0.0021361309340225906	847	23.1350765	7222	15.8528872	7.28218937
step	held_out_wikitext_1024	310	641	-0.61120311180906683	641	20.3527203	506	19.2336159	1.11910439
step	held_out_wikitext_1024	311	561	-1.2160779959197039	561	15.7161865	271	15.3908043	0.325382233
step	held_out_wikitext_1024	312	888	-8.3393712325680678	17199	12.5793095	13996	12.5385294	0.0407800674
step	held_out_wikitext_1024	313	20032	-1.3815429220206517	20032	16.3203335	554	15.9538612	0.366472244
step	held_out_wikitext_1024	314	314	-0.31811235044617364	314	20.1203499	82	17.3916702	2.72867966
step	held_out_wikitext_1024	315	279	-0.039880511743751387	279	19.5368423	10650	14.8857002	4.65114212
step	held_out_wikitext_1024	316	10650	-0.86489024298387218	10650	16.2037792	14255	14.2349586	1.96882057
step	held_out_wikitext_1024	317	9249	-0.0054635455226983466	9249	21.9366646	28808	15.4616261	6.47503853
step	held_out_wikitext_1024	318	506	-2.3096546287793616	557	17.6514931	506	16.9247246	0.726768494
step	held_out_wikitext_1024	319	279	-0.082072344409797743	279	20.4167099	2107	16.0944653	4.32224464
step	held_out_wikitext_1024	320	55618	-0.46745004693404768	55618	18.2075691	14829	17.0869713	1.12059784
step	held_out_wikitext_1024	321	6946	-3.1885682313851156	557	18.9729176	314	17.0215645	1.95135307
step	held_out_wikitext_1024	322	279	-0.38187013728551367	279	19.0281601	539	16.6572876	2.3708725
step	held_out_wikitext_1024	323	7830	-6.4996067672739377	7139	14.8312769	2984	14.1212416	0.710035324
step	held_out_wikitext_1024	324	2984	-0.036576336277205468	2984	19.7843323	8026	14.7464848	5.03784752
step	held_out_wikitext_1024	325	310	-0.66098343561339346	310	20.3997498	539	19.7678604	0.631889343
step	held_out_wikitext_1024	326	220	-0.023297515957544417	220	22.4029884	264	17.1199398	5.28304863
step	held_out_wikitext_1024	327	17	-0.032221351424286629	17	21.1773949	16	16.9650059	4.21238899
step	held_out_wikitext_1024	328	16	-2.1891494403559779	19	18.6734962	20	17.9814224	0.692073822
step	held_out_wikitext_1024	329	24	-2.3716371808807217	15	19.3048592	16	18.3577232	0.947135925
step	held_out_wikitext_1024	330	554	-0.1270310696120823	554	19.7113533	35058	17.0611858	2.65016747
step	held_out_wikitext_1024	331	56490	-0.0089293362530509183	56490	21.1830826	13	15.7648554	5.4182272
step	held_out_wikitext_1024	332	220	-0.0062530337022963659	220	20.7040367	271	15.30966	5.39437675
step	held_out_wikitext_1024	333	21	-2.2703695820882892	20	18.6768532	24	18.5004082	0.176445007
step	held_out_wikitext_1024	334	17	-2.7509352995969749	35058	19.0616341	20	18.4399376	0.621696472
step	held_out_wikitext_1024	335	35058	-0.062770652161691004	35058	20.1237392	20	16.2062454	3.91749382
step	held_out_wikitext_1024	336	318	-0.0098109506135396398	318	22.6478653	641	16.8793716	5.76849365
step	held_out_wikitext_1024	337	220	-0.0023006708744805994	220	22.2226181	22	15.9198971	6.30272102
step	held_out_wikitext_1024	338	22	-0.0032202182767797987	22	24.1122742	16	17.2054176	6.90685654
step	held_out_wikitext_1024	339	17	-0.0048720214273076361	17	22.3518925	16	16.8078308	5.54406166
step	held_out_wikitext_1024	340	15	-0.0080177613554780775	15	23.5390358	16	18.6108475	4.92818832
step	held_out_wikitext_1024	341	10169	-0.0030659960553678124	10169	23.7583008	554	17.4332428	6.32505798
step	held_out_wikitext_1024	342	220	-0.0028851935845206063	220	23.8988934	847	17.8581772	6.04071617
step	held_out_wikitext_1024	343	21	-2.4458424889786725	22	24.3534355	23	22.7775898	1.57584572
step	held_out_wikitext_1024	344	303	-0.032669291367859336	303	22.3229408	554	18.6233273	3.69961357
step	held_out_wikitext_1024	345	847	-0.0025057057962994023	847	22.9543915	6667	15.5409241	7.41346741
step	held_out_wikitext_1024	346	321	-2.0535920285841045	641	19.977356	321	18.439579	1.53777695
step	held_out_wikitext_1024	347	279	-0.41571062975486484	279	18.959919	10723	16.6071587	2.35276031
step	held_out_wikitext_1024	348	22690	-0.8092955538643094	22690	16.5803642	2984	15.1445351	1.43582916
step	held_out_wikitext_1024	349	557	-1.8982249216943532	310	21.3082581	6946	20.2495632	1.05869484
step	held_out_wikitext_1024	350	9781	-2.7107030707478685	6946	20.9606209	82923	19.502306	1.4583149
step	held_out_wikitext_1024	351	10723	-1.5555119745135562	6946	20.9624062	10723	19.9957809	0.966625214
step	held_out_wikitext_1024	352	310	-0.22784546979619999	310	22.6045475	494	20.1281185	2.47642899
step	held_out_wikitext_1024	353	220	-0.01845829325943623	220	22.7094841	264	17.4158401	5.29364395
step	held_out_wikitext_1024	354	18	-0.15749389427439381	18	20.337534	17	18.4919357	1.84559822
step	held_out_wikitext_1024	355	16	-1.3964866215706024	15	18.6106949	16	18.269146	0.34154892
step	held_out_wikitext_1024	356	554	-0.039979491367725356	554	21.1189613	13	17.3113976	3.80756378
step	held_out_wikitext_1024	357	56490	-0.0045306691390573041	56490	23.6970425	30095	18.1064014	5.59064102
step	held_out_wikitext_1024	358	220	-0.00048141734616197879	220	21.0656548	271	12.5940475	8.47160721
step	held_out_wikitext_1024	359	22	-2.6138141713935354	16	18.7205505	19	18.7005844	0.0199661255
step	held_out_wikitext_1024	360	16	-2.6947272147493613	20	19.5316734	15	19.4712009	0.0604724884
step	held_out_wikitext_1024	361	35058	-0.0086294680605675678	35058	21.601593	295	15.2358828	6.36571026
step	held_out_wikitext_1024	362	318	-0.0052691281189399955	318	22.0528259	641	15.7991323	6.25369358
step	held_out_wikitext_1024	363	220	-0.00068127628017542439	220	22.5695496	16	14.3238096	8.24573994
step	held_out_wikitext_1024	364	16	-0.0011080300779158516	16	23.4710941	24	15.5683069	7.90278721
step	held_out_wikitext_1024	365	15	-0.0013853621412951115	15	22.8932171	554	15.3677654	7.52545166
step	held_out_wikitext_1024	366	19	-0.038104461681978216	19	21.4186211	18	18.1063957	3.31222534
step	held_out_wikitext_1024	367	10169	-0.0024681670590365606	10169	22.5520782	303	15.4859238	7.06615448
step	held_out_wikitext_1024	368	220	-0.11700068531359548	220	22.5814667	847	20.2797413	2.30172539
step	held_out_wikitext_1024	369	15	-0.019718501249335843	15	22.6432476	16	18.2882118	4.35503578
step	held_out_wikitext_1024	370	303	-0.01446448466753862	303	22.8235111	554	17.4010849	5.42242622
step	held_out_wikitext_1024	371	847	-0.002491739718983311	847	22.4806366	271	15.2311077	7.24952888
step	held_out_wikitext_1024	372	641	-0.11568457212845612	641	21.1779022	1116	17.1937904	3.98411179
step	held_out_wikitext_1024	373	4558	-2.3020158167084097	271	16.0938473	561	15.8423748	0.251472473
step	held_out_wikitext_1024	374	283	-11.287377208436762	561	13.3728828	15380	11.9430313	1.42985153
step	held_out_wikitext_1024	375	283	-1.8181020353941628	283	12.1083384	271	11.516325	0.592013359
step	held_out_wikitext_1024	376	71033	-7.1663513801994574	283	13.5612164	4558	11.4644861	2.09673023
step	held_out_wikitext_1024	377	283	-0.58088868277470262	283	16.7668648	15625	15.2751923	1.49167252
step	held_out_wikitext_1024	378	283	-0.033245717847511812	283	17.3853722	4558	13.0816593	4.30371284
step	held_out_wikitext_1024	379	4558	-0.40298037445781304	4558	16.5749531	271	15.0423775	1.53257561
step	held_out_wikitext_1024	380	283	-2.4719977140011937	561	12.2928953	283	11.8803139	0.412581444
step	held_out_wikitext_1024	381	283	-0.34648885525789763	283	14.8803883	462	11.9721661	2.9082222
step	held_out_wikitext_1024	382	5194	-10.16018707756286	283	13.382658	417	11.8602619	1.52239609
step	held_out_wikitext_1024	383	283	-1.1975054693347931	3712	17.9334106	283	17.4637604	0.469650269
step	held_out_wikitext_1024	384	283	-0.0074549206504167034	283	18.4859123	4558	12.7504635	5.73544884
step	held_out_wikitext_1024	385	4558	-0.12650216429605121	4558	18.571949	271	15.8797865	2.69216251
step	held_out_wikitext_1024	386	28477	-6.8093093524890076	283	12.8343058	561	12.8286648	0.00564098358
step	held_out_wikitext_1024	387	11779	-3.3909052572104872	9463	18.6642532	279	16.0718746	2.59237862
step	held_out_wikitext_1024	388	286	-0.054175187953585703	286	19.9846134	1116	16.5341301	3.45048332
step	held_out_wikitext_1024	389	1116	-0.40124536568341995	1116	18.1274509	303	16.3645554	1.76289558
step	held_out_wikitext_1024	390	279	-1.0485952107997134	279	14.4445009	2107	13.3172302	1.1272707
step	held_out_wikitext_1024	391	12553	-5.8842076152327945	17199	14.5002403	1330	14.0004129	0.499827385
step	held_out_wikitext_1024	392	17199	-0.14368369919850121	17199	18.133276	8026	15.9638691	2.16940689
step	held_out_wikitext_1024	393	998	-0.66403311271665888	998	15.2827768	314	13.6938725	1.58890438
step	held_out_wikitext_1024	394	12244	-0.782442039343895	12244	18.2849922	19591	17.0830708	1.20192146
step	held_out_wikitext_1024	395	310	-0.041142618184742435	310	21.5172386	430	16.9156342	4.60160446
step	held_out_wikitext_1024	396	279	-0.14455212798409897	279	17.9693031	2086	15.2812271	2.68807602
step	held_out_wikitext_1024	397	220	-1.0405339367966409	220	15.10606	6127	14.0262814	1.07977867
step	held_out_wikitext_1024	398	16	-1.3382753391935767	17	18.6632404	16	18.5085716	0.154668808
step	held_out_wikitext_1024	399	267	-0.25550557087094949	267	18.4480934	16	15.9779825	2.47011089
step	held_out_wikitext_1024	400	67781	-1.7038736557669742	27190	15.8491573	67781	15.5867786	0.262378693
step	held_out_wikitext_1024	401	2082	-0.0011350956688873318	2082	25.322197	32119	18.4641495	6.85804749
step	held_out_wikitext_1024	402	14074	-0.047653660197192811	14074	21.1805382	67700	17.8180943	3.36244392
step	held_out_wikitext_1024	403	314	-0.5862884691912652	314	19.744751	1116	18.2249165	1.51983452
step	held_out_wikitext_1024	404	279	-0.011030107839402246	279	19.9779854	220	14.7282104	5.24977493
step	held_out_wikitext_1024	405	220	-0.88257246786624399	220	16.3830147	4962	14.6770592	1.70595551
step	held_out_wikitext_1024	406	16	-0.61979945511858092	16	21.080492	17	20.5531693	0.527322769
step	held_out_wikitext_1024	407	267	-0.0069951451680854582	267	21.1060352	15	14.6141968	6.49183846
step	held_out_wikitext_1024	408	42019	-1.0091425377334982	42019	17.6189442	44206	17.5146694	0.10427475
step	held_out_wikitext_1024	409	641	-0.58100785530866361	641	19.4676895	1116	18.026865	1.44082451
step	held_out_wikitext_1024	410	9812	-9.4465376574629492	561	14.0236559	733	13.7099056	0.313750267
step	held_out_wikitext_1024	411	51178	-0.13398326585379705	51178	19.7754822	84	17.0843143	2.69116783
step	held_out_wikitext_1024	412	6531	-0.00082211145809167987	6531	25.3132114	3237	17.4576435	7.85556793
step	held_out_wikitext_1024	413	995	-4.9071114807689629	557	18.7729301	321	17.2999001	1.47303009
step	held_out_wikitext_1024	414	449	-4.0917050954648975	978	15.9729662	279	15.7347021	0.238264084
step	held_out_wikitext_1024	415	23439	-9.1942409575907948	11095	17.0933838	1484	16.4510078	0.642375946
step	held_out_wikitext_1024	416	303	-0.49743517461566061	303	20.3300972	383	18.7245827	1.60551453
step	held_out_wikitext_1024	417	799	-1.3777491234930119	799	17.2225723	1024	17.1771622	0.0454101562
step	held_out_wikitext_1024	418	314	-0.017094855587686541	314	22.2379913	26729	17.0685959	5.16939545
step	held_out_wikitext_1024	419	1024	-0.49043540046631601	1024	20.0733471	279	19.5061321	0.567214966
step	held_out_wikitext_1024	420	1822	-1.9111581510737963	1822	15.5253296	66616	15.5141277	0.0112018585
step	held_out_wikitext_1024	421	5849	-1.9210190600397288	15881	18.1639652	259	17.7113628	0.452602386
step	held_out_wikitext_1024	422	259	-1.5295523578713039	40494	17.8589935	259	16.8488884	1.01010513
step	held_out_wikitext_1024	423	84322	-0.00010443589080739432	84322	26.0674362	39987	16.6299953	9.43744087
step	held_out_wikitext_1024	424	421	-4.0613172993482252	303	19.5500565	383	19.3504677	0.199588776
step	held_out_wikitext_1024	425	7190	-1.2460727021095255	7190	18.2271976	15076	17.6750832	0.552114487
step	held_out_wikitext_1024	426	220	-0.76019249935172772	220	19.7269096	1330	17.8124084	1.91450119
step	held_out_wikitext_1024	427	16	-1.3109701539803129	16	19.1189537	17	18.7378769	0.381076813
step	held_out_wikitext_1024	428	16	-2.276263903234033	17	18.1490345	15	17.7010956	0.447938919
step	held_out_wikitext_1024	429	2859	-1.3568786681325922	13234	18.0899887	2859	17.7486038	0.341384888
step	held_out_wikitext_1024	430	321	-1.358522164361784	321	19.7212982	383	19.4989414	0.222356796
step	held_out_wikitext_1024	431	15076	-0.99384566993755885	26601	16.9210129	15076	16.8995667	0.021446228
step	held_out_wikitext_1024	432	220	-0.19540776013824437	220	22.043911	2361	18.9343147	3.10959625
step	held_out_wikitext_1024	433	17	-1.4410371723461202	16	19.4366188	17	19.1593285	0.277290344
step	held_out_wikitext_1024	434	20	-2.3607227403602362	15	19.3003807	16	18.9457169	0.354663849
step	held_out_wikitext_1024	435	303	-2.0484020250455175	3672	19.9445992	641	18.9840431	0.96055603
step	held_out_wikitext_1024	436	220	-1.2815880762848648	220	18.6127243	6324	17.3054867	1.30723763
step	held_out_wikitext_1024	437	16	-0.005494151752634539	16	22.525795	17	16.801445	5.72434998
step	held_out_wikitext_1024	438	24	-0.0028001681282054242	24	23.023838	23	16.1803932	6.84344482
step	held_out_wikitext_1024	439	16	-1.0264259478871798	17	20.305521	16	20.001152	0.304368973
step	held_out_wikitext_1024	440	24	-1.8484305537668033	21	19.3855515	23	19.2749329	0.110618591
step	held_out_wikitext_1024	441	2502	-3.1958681142962444	641	19.9937897	1116	18.3926163	1.6011734
step	held_out_wikitext_1024	442	279	-1.237349721355943	279	15.0228815	411	14.0509357	0.971945763
step	held_out_wikitext_1024	443	2614	-4.8394521439544853	8026	14.961998	5073	14.2209635	0.741034508
step	held_out_wikitext_1024	444	1007	-0.066826025997125449	1007	20.2404537	2182	16.4938412	3.74661255
step	held_out_wikitext_1024	445	1292	-1.7180587761301878	1116	17.3860245	1292	16.4176559	0.96836853
step	held_out_wikitext_1024	446	31315	-7.163699374280716	557	19.1151237	995	17.6234226	1.49170113
step	held_out_wikitext_1024	447	76195	-2.7704985643652593	17292	18.1828766	16970	17.4602852	0.7225914
step	held_out_wikitext_1024	448	440	-0.018808205002366456	440	21.5620518	321	16.7803497	4.78170204
step	held_out_wikitext_1024	449	321	-4.3552552817037462	279	16.5809536	264	15.3591261	1.22182751
step	held_out_wikitext_1024	450	62062	-0.20641905183800094	62062	20.3156204	19510	17.7942238	2.52139664
step	held_out_wikitext_1024	451	264	-1.8928580107661694	279	18.1074905	264	16.4655304	1.64196014
step	held_out_wikitext_1024	452	74406	-8.2195803157060343	55603	15.5607204	91904	15.3537016	0.207018852
step	held_out_wikitext_1024	453	25728	-0.00041799763557843464	25728	23.2770386	772	13.4253054	9.85173321
step	held_out_wikitext_1024	454	1116	-2.4509504001658646	641	18.2270584	974	16.5712738	1.65578461
step	held_out_wikitext_1024	455	12806	-5.6767353767831894	279	13.6318741	321	13.0460253	0.585848808
step	held_out_wikitext_1024	456	1330	-3.8610490603741408	220	20.8997917	2361	18.8325977	2.06719398
step	held_out_wikitext_1024	457	13234	-2.4355665885256164	777	18.3369465	2859	16.7514439	1.58550262
step	held_out_wikitext_1024	458	5498	-0.32685897636911793	5498	20.8786201	641	19.0244541	1.85416603
step	held_out_wikitext_1024	459	641	-0.30659077478808916	641	21.5331097	303	19.8169823	1.7161274
step	held_out_wikitext_1024	460	12851	-6.9678702664589469	733	16.0770016	4558	14.8124609	1.26454067
step	held_out_wikitext_1024	461	279	-0.74061290685619907	279	17.0664253	1024	15.3888683	1.67755699
step	held_out_wikitext_1024	462	1151	-2.5334331008335753	13996	13.8927994	3980	13.685195	0.207604408
step	held_out_wikitext_1024	463	314	-0.0017325653244550437	314	23.0386639	4196	14.9555712	8.08309269
step	held_out_wikitext_1024	464	279	-0.70546053641209938	279	20.4883919	4196	20.4087906	0.0796012878
step	held_out_wikitext_1024	465	15979	-1.710408841397544	89692	15.995225	10130	15.9181137	0.0771112442
step	held_out_wikitext_1024	466	4843	-0.018257865143802243	4843	20.4929314	4643	15.2086525	5.28427887
step	held_out_wikitext_1024	467	1116	-0.20796793851603823	1116	21.0470886	303	19.093338	1.95375061
step	held_out_wikitext_1024	468	2107	-2.7192269997374927	9812	16.7059059	279	16.7030869	0.00281906128
step	held_out_wikitext_1024	469	17199	-0.31360113272434503	17199	18.6467323	28334	16.2409821	2.40575027
step	held_out_wikitext_1024	470	13418	-9.2221365414075773	998	19.7040462	995	18.691021	1.01302528
step	held_out_wikitext_1024	471	58957	-4.7146872562437991	9919	17.6831245	29320	17.481102	0.202022552
step	held_out_wikitext_1024	472	974	-3.8232983303474288	440	19.2885818	303	17.5970364	1.69154549
step	held_out_wikitext_1024	473	279	-0.42800306120426185	279	16.569376	6124	14.1824741	2.38690186
step	held_out_wikitext_1024	474	1027	-3.4808428463190628	13255	15.7465267	10452	14.1688213	1.57770538
step	held_out_wikitext_1024	475	11420	-0.00035165085541009785	11420	22.7539253	271	13.7874603	8.966465
step	held_out_wikitext_1024	476	314	-0.0083702145467279242	314	21.5458031	321	15.4578362	6.08796692
step	held_out_wikitext_1024	477	279	-2.7525880237530753	6124	16.389492	5440	15.5538101	0.835681915
step	held_out_wikitext_1024	478	18802	-3.1301939263277521	10452	13.9658451	24493	13.9456129	0.0202322006
step	held_out_wikitext_1024	479	8872	-0.82442376121664651	13065	17.838522	8872	17.7227097	0.115812302
step	held_out_wikitext_1024	480	1116	-1.8077969989372147	321	19.3985786	641	19.14258	0.255998611
step	held_out_wikitext_1024	481	11523	-2.8085400849590965	321	14.8575134	5440	14.3208332	0.536680222
step	held_out_wikitext_1024	482	321	-1.2901184060925814	1116	22.3155518	321	21.3542957	0.961256027
step	held_out_wikitext_1024	483	5440	-1.2582891069558695	5440	17.1982155	6124	16.9462471	0.251968384
step	held_out_wikitext_1024	484	303	-3.6763628561676924	641	20.4713974	1116	18.3880424	2.08335495
step	held_out_wikitext_1024	485	5089	-5.1256153681672796	220	18.0382957	449	18.0238705	0.0144252777
step	held_out_wikitext_1024	486	310	-0.003172313173037831	310	21.381546	641	13.6167107	7.76483536
step	held_out_wikitext_1024	487	4706	-2.8144423246968726	836	15.9706755	279	15.3326015	0.638073921
step	held_out_wikitext_1024	488	303	-1.5397408829887385	303	17.5159168	641	17.3032036	0.212713242
step	held_out_wikitext_1024	489	10452	-1.55437919046638	2046	18.6280994	10452	17.5698013	1.05829811
step	held_out_wikitext_1024	490	19895	-1.0087990171738777	2046	20.7891388	19895	20.3073616	0.481777191
step	held_out_wikitext_1024	491	641	-0.10141906956084001	641	21.5491066	1116	18.0066471	3.54245949
step	held_out_wikitext_1024	492	353	-7.2538063384354317	4558	17.0307045	733	15.9137688	1.11693573
step	held_out_wikitext_1024	493	323	-0.018604084915528729	323	19.3017025	896	13.7856827	5.51601982
step	held_out_wikitext_1024	494	20367	-7.6718450034700716	557	17.223259	9919	16.8753433	0.347915649
step	held_out_wikitext_1024	495	21217	-9.9103484945020703	279	16.6559868	33178	15.3709736	1.2850132
step	held_out_wikitext_1024	496	1116	-3.5997399791229943	55316	16.3797188	1116	12.9501324	3.42958641
step	held_out_wikitext_1024	497	18764	-0.0525682461552038	18764	20.3515301	279	17.1121254	3.23940468
step	held_out_wikitext_1024	498	314	-0.0051452959539198149	314	20.1289234	22218	13.409977	6.71894646
step	held_out_wikitext_1024	499	22218	-0.0035538089484047964	22218	21.2628555	27584	14.5791254	6.68373013
step	held_out_wikitext_1024	500	1116	-0.91091334301383187	1116	20.4248352	321	19.7059135	0.718921661
step	held_out_wikitext_1024	501	321	-1.3144624818491697	321	17.6556225	303	17.5089874	0.146635056
step	held_out_wikitext_1024	502	780	-1.0267322979646671	780	15.7093086	279	15.5845299	0.124778748
step	held_out_wikitext_1024	503	39236	-9.8018278755466604	7168	19.037962	10326	15.6899033	3.3480587
step	held_out_wikitext_1024	504	554	-0.76425335942545358	554	15.0965939	1116	14.0000248	1.09656906
step	held_out_wikitext_1024	505	12	-0.0068404800492750037	12	22.3243141	401	17.103199	5.22111511
step	held_out_wikitext_1024	506	31	-0.0014635088142433313	31	25.2150536	2	18.3870354	6.82801819
step	held_out_wikitext_1024	507	401	-0.0016510293960253321	401	21.9396839	9249	13.9319229	8.007761
step	held_out_wikitext_1024	508	554	-0.0093709087991616109	554	21.7071915	3013	16.7768764	4.93031502
step	held_out_wikitext_1024	509	12	-0.00013942848575133475	12	23.451683	554	13.9372835	9.51439953
step	held_out_wikitext_1024	510	31	-8.8292783875988846e-05	31	26.6555214	91	16.3775711	10.2779503
step	held_out_wikitext_1024	511	3013	-0.012508052907321553	3013	22.6593971	27128	18.1073627	4.55203438
step	held_out_wikitext_1024	512	52318	-4.5765465406641193	1116	16.1847725	303	14.3600445	1.82472801
step	held_out_wikitext_1024	513	11537	-6.3648555211176401	33009	13.5587902	49956	12.9148817	0.643908501
step	held_out_wikitext_1024	514	10113	-0.17782370490983374	10113	16.9886703	9503	13.5535755	3.43509483
step	held_out_wikitext_1024	515	65	-0.0019776254368513973	65	24.8954029	13324	18.5677872	6.32761574
step	held_out_wikitext_1024	516	14041	-5.8747057723459935e-05	14041	30.3516579	1531	19.5521183	10.7995396
step	held_out_wikitext_1024	517	303	-1.3783618024724762	303	19.4886551	383	19.1683922	0.320262909
step	held_out_wikitext_1024	518	220	-0.69599438678115655	220	19.6466484	6324	17.1437683	2.5028801
step	held_out_wikitext_1024	519	16	-0.00030694814406356417	16	23.4639244	17	14.6243801	8.8395443
step	held_out_wikitext_1024	520	24	-0.00026041637257450621	24	24.8818321	23	15.7588501	9.12298203
step	held_out_wikitext_1024	521	17	-0.10287072742828179	17	21.7942848	18	19.518383	2.27590179
step	held_out_wikitext_1024	522	17	-4.4939191568970287	16	20.9291172	21	20.5734768	0.355640411
step	held_out_wikitext_1024	523	2261	-2.663091222562465	641	19.895298	1116	18.9869652	0.908332825
step	held_out_wikitext_1024	524	279	-1.4812563714295448	264	20.1352005	836	20.0057373	0.129463196
step	held_out_wikitext_1024	525	40348	-1.2015463687647407	40348	16.020565	18764	15.7247877	0.295777321
step	held_out_wikitext_1024	526	359	-0.017713475884696985	359	20.451355	579	15.3621922	5.08916283
step	held_out_wikitext_1024	527	82	-0.00049710535772750145	82	24.4136562	274	16.4014759	8.01218033
step	held_out_wikitext_1024	528	3814	-1.3246830243290484	6990	17.8646088	3814	17.4076633	0.456945419
step	held_out_wikitext_1024	529	310	-0.027124829311654653	310	23.3739262	641	18.9148216	4.45910454
step	held_out_wikitext_1024	530	6124	-0.18178412961469081	6124	19.3061886	279	17.0152664	2.29092216
step	held_out_wikitext_1024	531	641	-0.20222348905530477	641	21.1723766	1116	18.8523483	2.32002831
step	held_out_wikitext_1024	532	733	-2.6161243678096371	4558	17.5433235	271	16.0554466	1.48787689
step	held_out_wikitext_1024	533	11523	-12.376232993711559	220	21.3686943	279	18.4913979	2.87729645
step	held_out_wikitext_1024	534	8881	-10.029991051997495	1116	19.8067741	303	18.7145214	1.09225273
step	held_out_wikitext_1024	535	948	-8.7792750173722105	1116	19.4992943	303	19.174736	0.324558258
step	held_out_wikitext_1024	536	279	-0.98919710971343111	279	15.8970432	353	14.8955221	1.00152111
step	held_out_wikitext_1024	537	220	-4.5621367490587748	10452	13.8625669	17199	13.2222919	0.640275002
step	held_out_wikitext_1024	538	16	-0.48189113471514217	16	17.1083736	17	15.9795704	1.12880325
step	held_out_wikitext_1024	539	24	-0.29578777936208434	24	19.024826	267	17.1713848	1.85344124
step	held_out_wikitext_1024	540	17	-0.10687195207355048	17	20.426075	18	17.4960518	2.93002319
step	held_out_wikitext_1024	541	18	-0.014014405437950836	18	21.9045753	15	16.2882004	5.61637497
step	held_out_wikitext_1024	542	8252	-0.26341902699599851	8252	17.0293846	36078	14.6674995	2.36188507
step	held_out_wikitext_1024	543	60067	-0.0075719901007012163	60067	22.776083	710	17.7640285	5.01205444
step	held_out_wikitext_1024	544	53792	-0.0033657938684727648	53792	22.9489098	25087	16.3895912	6.55931854
step	held_out_wikitext_1024	545	36078	-0.041461028377960174	36078	24.113081	8964	20.9162102	3.1968708
step	held_out_wikitext_1024	546	16970	-0.90476288939201244	16970	19.5715179	9721	19.4611149	0.110403061
step	held_out_wikitext_1024	547	1116	-0.37617171273773747	1116	20.0514336	6124	18.5944633	1.45697021
step	held_out_wikitext_1024	548	781	-4.6926382180343031	279	17.7020187	353	17.5193024	0.18271637
step	held_out_wikitext_1024	549	73155	-4.5922343317677727	998	18.1368408	3738	15.9463577	2.19048309
step	held_out_wikitext_1024	550	310	-0.45941864901075824	310	20.7221355	364	18.9456673	1.77646828
step	held_out_wikitext_1024	551	22165	-5.9836140802270412	25358	16.7477112	90315	15.5799866	1.16772461
step	held_out_wikitext_1024	552	1080	-1.1938973466181262	51178	19.6174316	1080	18.8047352	0.812696457
step	held_out_wikitext_1024	553	84	-0.0031294139107957983	84	24.9843178	51178	19.1537952	5.83052254
step	held_out_wikitext_1024	554	1332	-4.0459237894291951	310	19.8956451	321	18.729763	1.16588211
step	held_out_wikitext_1024	555	781	-0.23875239379359084	781	18.1531506	279	15.5920124	2.56113815
step	held_out_wikitext_1024	556	6452	-3.7234740474798662	998	16.9456329	29320	16.7418995	0.203733444
step	held_out_wikitext_1024	557	16229	-2.2936906189184718	220	15.5304804	16392	14.8766346	0.653845787
step	held_out_wikitext_1024	558	494	-4.8757625973122893	364	21.3442287	321	21.2601967	0.0840320587
step	held_out_wikitext_1024	559	364	-9.0840698442436327	279	14.6069565	264	13.0444431	1.56251335
step	held_out_wikitext_1024	560	279	-0.74743319525692042	279	15.2076073	7318	13.3137407	1.89386654
step	held_out_wikitext_1024	561	12059	-4.4966020002639056	15485	16.5366783	36078	14.4525251	2.08415318
step	held_out_wikitext_1024	562	383	-4.0869269955486933	641	20.7093658	314	19.9703293	0.73903656
step	held_out_wikitext_1024	563	220	-5.8079674258493963	279	18.2155228	16061	17.7587471	0.456775665
step	held_out_wikitext_1024	564	19	-3.6157389728580243	16	17.8384228	17	17.157856	0.680566788
step	held_out_wikitext_1024	565	5930	-0.2077877605911482	5930	17.9655495	321	14.8850842	3.08046532
step	held_out_wikitext_1024	566	641	-0.59418944832123732	641	21.3416519	220	20.6127243	0.728927612
step	held_out_wikitext_1024	567	30135	-7.9672247311016786	4558	16.9883327	2302	16.0784607	0.909872055
step	held_out_wikitext_1024	568	440	-0.2389103022159407	440	21.3680687	781	19.4707642	1.89730453
step	held_out_wikitext_1024	569	1330	-4.0487370436664909	279	16.1015797	975	15.1395559	0.962023735
step	held_out_wikitext_1024	570	975	-0.70540410839168433	975	16.15345	57099	14.5904417	1.56300831
step	held_out_wikitext_1024	571	23779	-0.53581187141556286	23779	17.5524063	17199	16.2967358	1.25567055
step	held_out_wikitext_1024	572	32119	-0.013149142151279587	32119	23.1133099	2082	18.7622395	4.3510704
step	held_out_wikitext_1024	573	321	-2.339242538753866	1116	20.7073669	321	18.6471214	2.06024551
step	held_out_wikitext_1024	574	264	-1.8066264376015446	1330	17.4429436	264	17.3563461	0.0865974426
step	held_out_wikitext_1024	575	6505	-5.4936561117786527	3000	16.5294876	72947	16.5104408	0.0190467834
step	held_out_wikitext_1024	576	314	-0.0039608537785345201	314	21.2870865	1116	14.9907722	6.29631424
step	held_out_wikitext_1024	577	3000	-1.0147574793139114	3000	17.0588417	57099	16.8661118	0.19272995
step	held_out_wikitext_1024	578	57099	-0.011312472610968244	57099	22.0818405	72947	16.6861057	5.39573479
step	held_out_wikitext_1024	579	382	-0.00015957291863978815	382	24.5835571	1116	14.5878773	9.99567986
step	held_out_wikitext_1024	580	1116	-0.12271503734397211	1116	21.7880611	781	19.345562	2.44249916
step	held_out_wikitext_1024	581	353	-2.9095458296365768	781	19.8417416	279	18.9356422	0.906099319
step	held_out_wikitext_1024	582	323	-0.0010297090840853758	323	22.2019882	271	13.8029966	8.39899158
step	held_out_wikitext_1024	583	62062	-8.8544296580430402	321	19.5197716	73938	16.8830166	2.63675499
step	held_out_wikitext_1024	584	279	-0.7153155879635732	279	17.687624	264	17.012104	0.675519943
step	held_out_wikitext_1024	585	91904	-3.3560272193455183	55603	14.5053501	18802	14.1152668	0.390083313
step	held_out_wikitext_1024	586	166028	-8.1687361577073681	383	14.486043	303	13.4696522	1.0163908
step	held_out_wikitext_1024	587	6517	-0.00037641769560948829	6517	23.9420662	53792	14.4714451	9.47062111
step	held_out_wikitext_1024	588	303	-1.9279341411242805	383	18.700367	974	18.2551689	0.445198059
step	held_out_wikitext_1024	589	220	-2.5212081646969269	264	16.3009186	279	14.9630938	1.33782482
step	held_out_wikitext_1024	590	16	-0.1305018964243288	16	21.0913982	17	17.8995323	3.19186592
step	held_out_wikitext_1024	591	24	-0.233517052226759	24	18.9887581	17	16.1769638	2.81179428
step	held_out_wikitext_1024	592	17	-0.20556668854642507	17	19.2918739	18	17.6645546	1.62731934
step	held_out_wikitext_1024	593	21	-1.6677423956367674	19	19.7682838	21	19.4954185	0.272865295
step	held_out_wikitext_1024	594	2261	-1.7172930945240941	641	19.6046009	2261	19.1125679	0.492033005
step	held_out_wikitext_1024	595	5849	-2.6186756046171817	264	18.0382156	449	16.7961578	1.2420578
step	held_out_wikitext_1024	596	77	-0.016338567199320843	77	22.2699661	554	17.1326313	5.13733482
step	held_out_wikitext_1024	597	702	-0.00017518627310572751	702	26.7307491	640	17.3665771	9.36417198
step	held_out_wikitext_1024	598	6380	-1.7835521444942735	22219	20.832859	6380	19.5162048	1.31665421
step	held_out_wikitext_1024	599	641	-0.48879182600775506	641	20.3514214	974	18.6008682	1.75055313
step	held_out_wikitext_1024	600	353	-3.2061803671960161	4558	17.2995358	733	15.9911356	1.30840015
step	held_out_wikitext_1024	601	323	-0.006030347649249969	323	19.8965149	271	13.3804817	6.51603317
step	held_out_wikitext_1024	602	359	-2.4813845346280083	321	17.6429844	557	17.4844208	0.158563614
step	held_out_wikitext_1024	603	82	-0.00056504856548085546	82	23.0157413	274	14.5296688	8.48607254
step	held_out_wikitext_1024	604	27317	-5.33819951701624	13234	13.4165516	12553	13.4023285	0.0142230988
step	held_out_wikitext_1024	605	6560	-2.5463098962643902	15881	17.6960812	5849	16.3518524	1.34422874
step	held_out_wikitext_1024	606	2745	-0.0015002714007135288	2745	23.6755524	22823	16.7277908	6.94776154
step	held_out_wikitext_1024	607	557	-0.2758714406383912	557	20.3403664	42118	17.6520576	2.68830872
step	held_out_wikitext_1024	608	31451	-2.2643533629448216	6946	18.346447	57744	18.1642609	0.182186127
step	held_out_wikitext_1024	609	303	-0.47408894782166827	303	22.3958359	310	20.4750671	1.92076874
step	held_out_wikitext_1024	610	220	-0.14084575934341448	220	20.804121	6492	16.7668953	4.03722572
step	held_out_wikitext_1024	611	16	-0.00023652669314466626	16	24.2318726	17	15.3722172	8.85965538
step	held_out_wikitext_1024	612	24	-0.66196273829438479	24	20.5072823	17	20.3561211	0.151161194
step	held_out_wikitext_1024	613	18	-0.56116917329323823	18	20.286808	17	19.9742584	0.312549591
step	held_out_wikitext_1024	614	16	-2.1971284374442233	19	19.6645603	20	19.518074	0.146486282
step	held_out_wikitext_1024	615	321	-1.5596671452332251	321	18.63274	554	18.4655113	0.167228699
step	held_out_wikitext_1024	616	9812	-2.1873300983322284	220	18.8072624	9812	17.5408974	1.26636505
step	held_out_wikitext_1024	617	51178	-0.011263305036562678	51178	24.0088215	35735	19.4512501	4.55757141
step	held_out_wikitext_1024	618	6531	-0.0037775070982820867	6531	26.1479568	4084	20.0666943	6.08126259
step	held_out_wikitext_1024	619	359	-0.22731235917130616	359	20.4375324	303	18.3457565	2.09177589
step	held_out_wikitext_1024	620	82	-0.00013970485791815011	82	25.1020737	274	15.7149105	9.38716316
step	held_out_wikitext_1024	621	1330	-4.7522808264490433	303	19.6495304	557	17.6749458	1.97458458
step	held_out_wikitext_1024	622	1578	-1.5552931093475459	1578	14.7984123	57685	14.3402653	0.458147049
step	held_out_wikitext_1024	623	2843	-0.0065058462975077485	2843	23.4829502	1238	17.4013023	6.08164787
step	held_out_wikitext_1024	624	641	-0.10953078827347647	641	21.8640671	1116	18.584898	3.27916908
step	held_out_wikitext_1024	625	561	-2.8048283741506559	4558	17.617939	733	16.1406136	1.47732544
step	held_out_wikitext_1024	626	14827	-4.0166787834853324	17199	15.7695103	1330	14.9750519	0.794458389
step	held_out_wikitext_1024	627	8026	-2.4472307825787531	557	18.0509205	1048	17.584404	0.466516495
step	held_out_wikitext_1024	628	557	-1.1200200420314839	557	18.4651222	359	18.020483	0.444639206
step	held_out_wikitext_1024	629	6278	-2.8111155848000706	1048	16.7731667	6278	15.746974	1.02619267
step	held_out_wikitext_1024	630	1452	-1.1736099117974803	3920	20.7990437	1452	19.9976006	0.8014431
step	held_out_wikitext_1024	631	303	-1.4705778300541374	494	21.5351028	303	20.9400635	0.595039368
step	held_out_wikitext_1024	632	220	-0.13942946602308637	220	18.9914207	279	15.6615143	3.32990646
step	held_out_wikitext_1024	633	16	-0.00035005905030544303	16	23.4487	17	14.4823723	8.96632767
step	held_out_wikitext_1024	634	24	-0.00011641422787937492	24	25.0788841	18	14.7203798	10.3585043
step	held_out_wikitext_1024	635	18	-0.05972142859608754	18	21.8590012	17	18.5356579	3.32334328
step	held_out_wikitext_1024	636	19	-1.4898229606065885	20	20.0920563	19	20.0160828	0.0759735107
step	held_out_wikitext_1024	637	1317	-1.6321435484651572	554	18.8616333	1317	18.1136818	0.747951508
step	held_out_wikitext_1024	638	220	-0.015467900163551542	220	22.1030636	554	17.330143	4.77292061
step	held_out_wikitext_1024	639	18	-0.37314867608042063	18	22.7920494	16	21.9802933	0.811756134
step	held_out_wikitext_1024	640	21	-1.7078494722397406	20	22.265131	21	20.8778648	1.38726616
step	held_out_wikitext_1024	641	321	-1.1672286500653992	321	20.3639393	1116	19.9772739	0.386665344
step	held_out_wikitext_1024	642	353	-1.9243886867077151	279	17.6287766	353	17.1315041	0.497272491
step	held_out_wikitext_1024	643	323	-0.00020843636193858332	323	24.4496822	359	15.1677799	9.28190231
step	held_out_wikitext_1024	644	303	-0.66251086666929049	303	20.8098812	359	19.8069458	1.00293541
step	held_out_wikitext_1024	645	220	-0.019236694347562963	220	24.1416168	279	19.2369061	4.90471077
step	held_out_wikitext_1024	646	16	-4.774680946441611e-05	16	25.5474873	15	13.9284639	11.6190233
step	held_out_wikitext_1024	647	24	-0.00015803679330775842	24	26.9327068	23	17.3633842	9.56932259
step	held_out_wikitext_1024	648	18	-0.02021978293703942	18	22.2657242	19	18.1103859	4.15533829
step	held_out_wikitext_1024	649	20	-1.1741510445588472	20	20.3846531	21	20.0844116	0.30024147
step	held_out_wikitext_1024	650	1317	-0.031078752826868356	1317	22.1005402	641	17.8000202	4.30051994
step	held_out_wikitext_1024	651	220	-0.0037927500385392288	220	22.4272556	554	15.772089	6.65516663
step	held_out_wikitext_1024	652	18	-0.017130570759009364	18	22.364027	19	17.6691399	4.69488716
step	held_out_wikitext_1024	653	22	-0.48130068394524872	22	21.6296444	23	20.365221	1.26442337
step	held_out_wikitext_1024	654	1116	-2.8184256497750173	641	21.1839046	1116	18.5555611	2.62834358
step	held_out_wikitext_1024	655	2107	-1.3798515330765133	2107	18.6769867	2261	17.9206085	0.756378174
step	held_out_wikitext_1024	656	506	-3.1730202495793707	314	16.9965897	11955	16.6798096	0.31678009
step	held_out_wikitext_1024	657	710	-0.90259293205997959	710	17.9092865	90315	17.3198681	0.589418411
step	held_out_wikitext_1024	658	538	-0.00062847987705464542	538	24.7520905	5512	15.9150534	8.83703709
step	held_out_wikitext_1024	659	44206	-0.59351719530931513	44206	19.3301086	641	18.6969833	0.633125305
step	held_out_wikitext_1024	660	30948	-0.0050308132161303786	30948	23.6340923	12618	17.0145283	6.61956406
step	held_out_wikitext_1024	661	641	-0.090417417346125212	641	21.1595421	1116	17.8654633	3.29407883
step	held_out_wikitext_1024	662	11615	-3.1885927120375017	4558	17.9892845	271	16.4223156	1.56696892
step	held_out_wikitext_1024	663	279	-0.61696606453954128	279	19.7229633	411	17.9956017	1.72736168
step	held_out_wikitext_1024	664	10130	-2.6775889957918095	6278	16.6886024	14827	14.9447212	1.74388123
step	held_out_wikitext_1024	665	326	-0.0013943333897255563	326	22.0228672	4196	14.406848	7.61601925
step	held_out_wikitext_1024	666	3204	-4.875133644257931e-05	3204	26.620266	46374	15.3217859	11.29848
step	held_out_wikitext_1024	667	554	-0.052258367601882058	554	21.3020191	11667	17.52911	3.77290916
step	held_out_wikitext_1024	668	12	-0.00016015348974912893	12	24.6572723	554	15.6721754	8.98509693
step	held_out_wikitext_1024	669	31	-1.0244546653247456e-05	31	30.216053	2	18.0083694	12.2076836
step	held_out_wikitext_1024	670	10452	-0.0027893442236321488	10452	23.5791512	8193	17.1301956	6.44895554
step	held_out_wikitext_1024	671	4843	-0.0026246690183811903	4843	22.8003159	3980	16.034214	6.76610184
step	held_out_wikitext_1024	672	1116	-0.10338063118742802	1116	21.7882729	279	17.9739799	3.81429291
step	held_out_wikitext_1024	673	279	-1.2057432241814539	279	19.1811028	353	18.9381409	0.242961884
step	held_out_wikitext_1024	674	28334	-2.7070549204914269	17199	17.6330643	23779	16.9276562	0.705408096
step	held_out_wikitext_1024	675	13418	-4.7988458477416946	998	17.3058262	3738	17.0112915	0.294534683
step	held_out_wikitext_1024	676	3167	-3.4088415549310422	3766	17.9512367	73938	17.7163734	0.234863281
step	held_out_wikitext_1024	677	20307	-7.0010120308752871e-05	20307	26.0553665	298	14.8705854	11.1847811
step	held_out_wikitext_1024	678	279	-0.90554960201223611	279	18.1879444	974	18.0491428	0.138801575
step	held_out_wikitext_1024	679	8193	-2.2548474003781793	13255	15.9300747	1027	15.7349663	0.195108414
step	held_out_wikitext_1024	680	13255	-0.026600391190256339	13255	22.0030441	77094	17.6957684	4.30727577
step	held_out_wikitext_1024	681	303	-3.089975605454939	641	19.6242676	321	19.5863895	0.0378780365
step	held_out_wikitext_1024	682	1761	-0.4793472422943279	1761	19.1942368	220	17.8659363	1.32830048
step	held_out_wikitext_1024	683	314	-0.0079292215332907763	314	21.9198208	310	15.624114	6.29570675
step	held_out_wikitext_1024	684	279	-0.98535921242857871	10452	18.3427887	279	18.3082142	0.0345745087
step	held_out_wikitext_1024	685	73530	-7.5656870521272745	10452	17.5615215	28936	16.3225117	1.23900986
step	held_out_wikitext_1024	686	25149	-4.3134755967646949	314	20.1926365	641	19.40131	0.791326523
step	held_out_wikitext_1024	687	539	-1.0346810689135706	383	22.3897228	539	22.0533333	0.336389542
step	held_out_wikitext_1024	688	6124	-1.0401915122061745	279	20.0432644	6124	19.7143059	0.328958511
step	held_out_wikitext_1024	689	641	-0.59444976219813062	641	20.8427124	383	19.8169098	1.02580261
step	held_out_wikitext_1024	690	733	-2.1621073621820956	4558	17.7068138	271	17.213213	0.493600845
step	held_out_wikitext_1024	691	5963	-3.8005613832240215	220	20.9692345	279	18.2824841	2.68675041
step	held_out_wikitext_1024	692	220	-0.023072469284634394	220	23.6538124	321	19.0107231	4.64308929
step	held_out_wikitext_1024	693	16	-0.00031327860887526976	16	21.6119843	17	12.8995857	8.71239853
step	held_out_wikitext_1024	694	24	-0.00022319033256831255	24	26.4680901	19	16.6027222	9.86536789
step	held_out_wikitext_1024	695	18	-0.2638356293090367	18	21.9445763	19	20.7246571	1.2199192
step	held_out_wikitext_1024	696	22	-0.44259187801632727	22	21.3658237	23	20.2570686	1.10875511
step	held_out_wikitext_1024	697	9812	-4.3276416445565271	1116	21.4836159	781	17.6689301	3.81468582
step	held_out_wikitext_1024	698	51178	-0.0004395446368054429	51178	25.1734734	35735	17.0743027	8.09917068
step	held_out_wikitext_1024	699	6531	-0.0004086903503187411	6531	24.6926594	12109	15.4344597	9.25819969
step	held_out_wikitext_1024	700	17685	-6.9267054908511945	557	17.2715111	73938	16.1704655	1.10104561
step	held_out_wikitext_1024	701	4339	-0.00029978108273080804	4339	25.2138157	3884	16.7460995	8.46771622
step	held_out_wikitext_1024	702	1330	-5.3283557397853745	16392	15.6666269	220	15.6380634	0.0285634995
step	held_out_wikitext_1024	703	14326	-1.9035899651467318	35296	15.6661549	14326	14.9044437	0.761711121
step	held_out_wikitext_1024	704	278	-0.00026730641078195921	278	25.3591957	1871	16.5821686	8.77702713
step	held_out_wikitext_1024	705	880	-0.00030751487876458844	880	26.9913139	2305	18.3730011	8.61831284
step	held_out_wikitext_1024	706	314	-0.12515978102824418	314	22.2540703	494	19.167738	3.08633232
step	held_out_wikitext_1024	707	9493	-8.8608728723080965	279	18.7915936	16392	17.0177956	1.77379799
step	held_out_wikitext_1024	708	44206	-0.39776855054250682	44206	17.1695023	44877	15.0763159	2.09318638
step	held_out_wikitext_1024	709	44877	-0.0069390362157454241	44877	22.205513	11098	17.0546112	5.15090179
step	held_out_wikitext_1024	710	28440	-0.27675703478122277	28440	25.0607891	11395	23.9131527	1.14763641
step	held_out_wikitext_1024	711	310	-0.45917789673649467	310	20.1451778	494	18.5015011	1.64367676
step	held_out_wikitext_1024	712	5597	-8.7557160717896085	35817	15.3426466	279	13.9758739	1.36677265
step	held_out_wikitext_1024	713	26691	-0.045394966747909014	26691	17.8876438	314	13.9674654	3.92017841
step	held_out_wikitext_1024	714	641	-1.1833140923414167	641	18.8448029	1116	18.515152	0.329650879
step	held_out_wikitext_1024	715	14095	-7.4929129028663182	4558	17.3668919	733	17.1250534	0.241838455
step	held_out_wikitext_1024	716	1578	-3.0813961335307409	3818	16.157383	2756	15.3306684	0.826714516
step	held_out_wikitext_1024	717	2843	-0.0061988656353571189	2843	22.713232	1238	16.3846264	6.32860565
step	held_out_wikitext_1024	718	1116	-0.41690252711076259	1116	21.0697479	1292	19.248045	1.82170296
step	held_out_wikitext_1024	719	1292	-1.6388699750694697	279	17.8663902	353	17.8458672	0.0205230713
step	held_out_wikitext_1024	720	9919	-4.0072805477410807	557	17.3167534	73938	17.0056648	0.311088562
step	held_out_wikitext_1024	721	430	-0.25303364585735472	430	21.685276	303	19.8410797	1.84419632
step	held_out_wikitext_1024	722	279	-0.92791680441724878	279	16.7527771	41257	16.3252544	0.427522659
step	held_out_wikitext_1024	723	41257	-0.26781978949498297	41257	17.233223	5016	13.8574829	3.37574005
step	held_out_wikitext_1024	724	364	-1.138958786322791	314	21.4680672	364	20.7367287	0.731338501
step	held_out_wikitext_1024	725	279	-0.64277202479822615	279	16.9321499	264	15.2172737	1.71487617
step	held_out_wikitext_1024	726	33178	-8.9153565616726205	220	15.381588	28163	14.1024561	1.27913189
step	held_out_wikitext_1024	727	314	-3.0163152181831308	359	18.3857784	54399	17.2225018	1.16327667
step	held_out_wikitext_1024	728	279	-4.1705560405342785	6124	20.043541	279	15.8968725	4.14666843
step	held_out_wikitext_1024	729	47784	-11.010925397996223	353	14.0612984	28936	14.0414534	0.0198450089
step	held_out_wikitext_1024	730	1528	-0.12340166894849157	1528	19.2577744	168445	16.2388229	3.01895142
step	held_out_wikitext_1024	731	314	-0.25057035348489171	314	19.0521107	168445	17.3302612	1.72184944
step	held_out_wikitext_1024	732	168445	-0.21132205053555655	168445	18.6788559	5440	16.6970005	1.98185539
step	held_out_wikitext_1024	733	3001	-0.0092545160313797954	3001	24.2084236	72239	19.1326008	5.07582283
step	held_out_wikitext_1024	734	22415	-0.00032599263300154532	22415	26.4782982	282	18.1335583	8.34473991
step	held_out_wikitext_1024	735	1116	-1.4880354624408008	641	19.1680374	1116	19.0784187	0.0896186829
step	held_out_wikitext_1024	736	17075	-6.5855857800952027	387	16.5393944	33178	14.4413872	2.0980072
step	held_out_wikitext_1024	737	21511	-1.2632392865628321	387	18.4414463	21511	17.6205521	0.820894241
step	held_out_wikitext_1024	738	554	-4.9392226928314447	46239	21.8276443	359	17.7890282	4.03861618
step	held_out_wikitext_1024	739	12	-0.03560282515973822	12	20.7376385	30095	16.256073	4.48156548
step	held_out_wikitext_1024	740	31	-0.0017983664567984231	31	27.2719994	30	20.7553482	6.51665115
step	held_out_wikitext_1024	741	59615	-0.59204287365206321	59615	22.8642139	46239	22.557848	0.306365967
step	held_out_wikitext_1024	742	1116	-0.52238904807414244	1116	20.547348	641	19.9294987	0.61784935
step	held_out_wikitext_1024	743	2261	-1.0905578898507733	2261	20.3407478	383	19.6476936	0.693054199
step	held_out_wikitext_1024	744	780	-0.60937247025480423	780	21.231369	264	20.854332	0.377037048
step	held_out_wikitext_1024	745	1528	-3.1898407136122948	3814	18.1777573	24865	17.0511894	1.12656784
step	held_out_wikitext_1024	746	3814	-0.033048496843478534	3814	21.975235	6990	17.7110291	4.26420593
step	held_out_wikitext_1024	747	310	-0.022345433542732485	310	23.2928505	494	18.1855736	5.10727692
step	held_out_wikitext_1024	748	6124	-0.17628486091799422	6124	19.1214294	25358	16.8283386	2.29309082
step	held_out_wikitext_1024	749	303	-3.4249814584205343	641	21.9237518	303	18.5868397	3.33691216
step	held_out_wikitext_1024	750	5361	-4.2235582924493213	220	20.6877594	6324	18.425766	2.26199341
step	held_out_wikitext_1024	751	220	-0.17168746033601187	220	22.7740669	321	20.2134094	2.5606575
step	held_out_wikitext_1024	752	16	-1.7579755688306357e-05	16	26.9967518	17	15.3015461	11.6952057
step	held_out_wikitext_1024	753	24	-6.6196876303150907e-05	24	28.4442959	23	17.1729927	11.2713032
step	held_out_wikitext_1024	754	19	-0.016566575119091115	19	21.8807869	18	17.7262077	4.15457916
step	held_out_wikitext_1024	755	15	-0.032017165397037757	15	22.8121796	16	19.3500347	3.46214485
step	held_out_wikitext_1024	756	641	-0.04518808093423464	641	21.1742935	1116	16.7634678	4.41082573
step	held_out_wikitext_1024	757	1848	-4.6550606410235904	271	17.7368507	4558	17.7224808	0.0143699646
step	held_out_wikitext_1024	758	220	-0.039079121636677351	220	21.2438126	279	17.266798	3.97701454
step	held_out_wikitext_1024	759	16	-0.86766165200793333	16	19.9240532	17	19.5303574	0.393695831
step	held_out_wikitext_1024	760	20	-2.2530230881286628	20	18.5710049	15	18.5357304	0.0352745056
step	held_out_wikitext_1024	761	6492	-2.6362766710476206	6443	17.0551682	5361	17.0422325	0.0129356384
step	held_out_wikitext_1024	762	279	-4.7670827993690192	220	22.6832314	1116	19.5511398	3.13209152
step	held_out_wikitext_1024	763	17199	-5.3431650368066599	1788	16.1484947	8026	15.4414024	0.707092285
step	held_out_wikitext_1024	764	998	-1.3545588740394865	998	17.5364265	3738	16.7903366	0.746089935
step	held_out_wikitext_1024	765	21711	-2.117176879295867	12244	16.500473	21711	16.4655609	0.0349121094
step	held_out_wikitext_1024	766	310	-0.090840604964583752	310	23.8361397	494	21.2941971	2.5419426
step	held_out_wikitext_1024	767	279	-0.034310114541441478	279	19.0288048	264	13.9471207	5.08168411
step	held_out_wikitext_1024	768	220	-0.24557113716725401	220	17.5460014	55718	14.9777699	2.56823158
step	held_out_wikitext_1024	769	17	-0.73607614407797706	17	21.5347767	18	20.7127724	0.822004318
step	held_out_wikitext_1024	770	302	-0.0073326086344242015	302	21.0328789	15	14.3024197	6.73045921
step	held_out_wikitext_1024	771	67781	-1.3721865737329173	42019	18.6317139	67781	17.9503822	0.681331635
step	held_out_wikitext_1024	772	2082	-5.3204343361506864e-05	2082	25.7238178	32119	14.8915539	10.8322639
step	held_out_wikitext_1024	773	14074	-0.004965242806434688	14074	22.3988647	8500	16.4259949	5.97286987
step	held_out_wikitext_1024	774	314	-0.64078028062697112	314	21.1909752	641	20.5213966	0.669578552
step	held_out_wikitext_1024	775	279	-0.015049855658857837	279	20.3512383	220	15.8330851	4.51815319
step	held_out_wikitext_1024	776	220	-0.31333909417914796	220	19.0078125	55718	17.736187	1.27162552
step	held_out_wikitext_1024	777	16	-1.2236799558667173	17	19.6281204	16	19.0416107	0.586509705
step	held_out_wikitext_1024	778	267	-0.0095573051798723413	267	21.8524666	16	15.5849428	6.26752377
step	held_out_wikitext_1024	779	42019	-0.25254736099143044	42019	18.651289	44206	16.9960289	1.65526009
step	held_out_wikitext_1024	780	641	-0.18409141449300223	641	21.2121887	321	18.6049213	2.60726738
step	held_out_wikitext_1024	781	561	-4.1786380716377529	271	17.5013962	4558	17.4555054	0.0458908081
step	held_out_wikitext_1024	782	28334	-1.5527230313196234	28334	15.5891247	12436	15.4218922	0.167232513
step	held_out_wikitext_1024	783	998	-1.258778099946354	998	17.9701233	3738	16.8929596	1.0771637
step	held_out_wikitext_1024	784	1985	-5.0635171593663539	1048	15.2719536	2945	15.1700439	0.101909637
step	held_out_wikitext_1024	785	3634	-0.1070825315627548	3634	20.8265381	275	18.2602196	2.56631851
step	held_out_wikitext_1024	786	303	-1.1799535965951922	303	20.7720947	506	20.7267933	0.0453014374
step	held_out_wikitext_1024	787	3200	-4.3115454624430898	220	18.9232826	710	16.395134	2.52814865
step	held_out_wikitext_1024	788	220	-0.017683054668491439	220	23.8833828	6492	18.1856232	5.69775963
step	held_out_wikitext_1024	789	16	-0.00029112976585015857	16	26.1735153	17	17.9348564	8.23865891
step	held_out_wikitext_1024	790	24	-0.00066624777737595909	24	25.4037151	15	17.1474876	8.25622749
step	held_out_wikitext_1024	791	19	-0.017741730180221685	19	22.4116726	18	18.3663311	4.04534149
step	held_out_wikitext_1024	792	15	-0.95255902527007075	16	20.8767929	15	20.4550819	0.421710968
step	held_out_wikitext_1024	793	303	-4.3432445155675037	321	20.084671	1317	19.6005135	0.484157562
step	held_out_wikitext_1024	794	17439	-0.61330544844770662	17439	17.9925003	710	16.287199	1.70530128
step	held_out_wikitext_1024	795	364	-0.021788782357774265	364	22.6737938	310	18.1556091	4.51818466
step	held_out_wikitext_1024	796	3980	-1.2717745649814804	279	18.9565887	3980	18.4825897	0.473999023
step	held_out_wikitext_1024	797	1116	-2.3086400734080592	641	20.5604439	440	19.6199951	0.940448761
step	held_out_wikitext_1024	798	864	-2.2000920992825392	321	18.276556	864	17.0680752	1.20848083
step	held_out_wikitext_1024	799	5064	-1.2321296521848863	5064	18.5498238	5820	17.7116394	0.838184357
step	held_out_wikitext_1024	800	279	-0.89561468222508989	279	17.9353065	25504	16.392868	1.54243851
step	held_out_wikitext_1024	801	25504	-2.2393788021030612	13319	18.1517792	5089	17.8202477	0.331531525
step	held_out_wikitext_1024	802	314	-0.024461562492385468	314	20.4460335	680	15.2433443	5.20268917
step	held_out_wikitext_1024	803	8976	-8.8225540719357021	4945	15.0677757	264	15.0001574	0.0676183701
step	held_out_wikitext_1024	804	5087	-9.6879168101400452	88716	13.7705116	10106	12.7892532	0.981258392
step	held_out_wikitext_1024	805	60925	-0.12566558863655541	60925	23.4256134	64	21.0099812	2.41563225
step	held_out_wikitext_1024	806	286	-0.0015144397381091066	286	23.9847069	382	16.979805	7.00490189
step	held_out_wikitext_1024	807	68366	-2.5647530979054274	34878	17.9492283	6875	17.6350517	0.314176559
step	held_out_wikitext_1024	808	321	-1.6700419611892259	310	20.0815392	641	19.8959064	0.185632706
step	held_out_wikitext_1024	809	4945	-2.5298697153976177	279	14.4689131	264	13.9309425	0.537970543
step	held_out_wikitext_1024	810	27317	-0.86510690556305547	27317	16.5857105	6923	15.3060513	1.27965927
step	held_out_wikitext_1024	811	26469	-11.004547748035494	15881	21.1212387	9600	18.3745728	2.74666595
step	held_out_wikitext_1024	812	641	-0.34994285225690375	641	20.7146835	321	19.180336	1.53434753
step	held_out_wikitext_1024	813	4558	-1.315387052465848	271	17.3244991	4558	17.0547638	0.269735336
step	held_out_wikitext_1024	814	283	-3.2061777150692818	733	14.4718304	353	14.1166	0.355230331
step	held_out_wikitext_1024	815	283	-0.016806726884619847	283	18.462431	353	11.9084873	6.55394363
step	held_out_wikitext_1024	816	283	-4.2722832683643812	4196	14.1210375	41096	14.0859842	0.0350532532
step	held_out_wikitext_1024	817	4196	-4.7410806531297851	283	16.3985214	15979	13.9354	2.46312141
step	held_out_wikitext_1024	818	4843	-0.0015084359722655585	4843	22.6896057	3980	15.4205017	7.269104
step	held_out_wikitext_1024	819	7696	-0.0086438786791582459	7696	22.2514648	8771	16.5816879	5.66977692
step	held_out_wikitext_1024	820	283	-0.02190655250436151	283	20.2333832	321	15.148695	5.08468819
step	held_out_wikitext_1024	821	283	-0.0032063598811922244	283	20.8835087	606	14.1348639	6.74864483
step	held_out_wikitext_1024	822	283	-0.096832999424679128	283	21.95784	4558	19.6259136	2.33192635
step	held_out_wikitext_1024	823	4558	-0.044659906766237475	4558	20.2705498	271	16.7089138	3.56163597
step	held_out_wikitext_1024	824	3095	-4.2402239064260723	283	16.4498634	561	15.042182	1.40768147
step	held_out_wikitext_1024	825	6124	-1.5282087282446386	279	18.7000484	6124	17.7921829	0.907865524
step	held_out_wikitext_1024	826	5820	-5.0936733388897082	17803	19.870203	11291	18.6733799	1.19682312
step	held_out_wikitext_1024	827	279	-1.0206362501733364	1141	20.0259895	279	19.6779099	0.348079681
step	held_out_wikitext_1024	828	15979	-0.86826660973438097	3980	18.2453194	15979	18.20331	0.0420093536
step	held_out_wikitext_1024	829	4843	-0.023600290770980439	4843	22.3104897	14741	18.0134525	4.29703712
step	held_out_wikitext_1024	830	383	-1.0171598832758926	383	21.3714981	1116	21.1937218	0.177776337
step	held_out_wikitext_1024	831	220	-0.011955817407044893	220	21.9224396	279	16.616478	5.30596161
step	held_out_wikitext_1024	832	23	-0.48840462228740927	23	22.7426891	22	22.1524506	0.590238571
step	held_out_wikitext_1024	833	6443	-0.003313421149020375	6443	22.827961	1317	15.917098	6.91086292
step	held_out_wikitext_1024	834	1116	-5.5656323217824042	220	23.5214081	1116	17.9622345	5.55917358
step	held_out_wikitext_1024	835	279	-0.77127784195611926	279	18.9331512	353	18.0637875	0.869363785
step	held_out_wikitext_1024	836	28334	-0.60785849985643636	28334	18.5373287	1330	16.7904243	1.74690437
step	held_out_wikitext_1024	837	3269	-7.4481367545935262	998	19.4684639	3738	17.1981201	2.27034378
step	held_out_wikitext_1024	838	1086	-0.0013974976783061067	1086	22.1918411	494	14.2055264	7.98631477
step	held_out_wikitext_1024	839	364	-4.703655148487675	494	21.068676	440	20.0974636	0.971212387
step	held_out_wikitext_1024	840	279	-0.57593467248487185	279	15.8273087	264	14.0728235	1.75448513
step	held_out_wikitext_1024	841	13093	-5.6721023519159397	28163	14.6439095	3250	14.4726009	0.171308517
step	held_out_wikitext_1024	842	258	-0.0030321286178618748	258	23.9047318	1283	18.0050411	5.89969063
step	held_out_wikitext_1024	843	21546	-0.027793673946744035	21546	21.1396675	321	16.9315948	4.20807266
step	held_out_wikitext_1024	844	440	-1.7758377027766288	310	17.9731979	440	17.8353958	0.137802124
step	held_out_wikitext_1024	845	2943	-6.7745680978770668	279	18.9066963	264	15.5891171	3.31757927
step	held_out_wikitext_1024	846	975	-1.410128162130204	975	16.5466728	3000	16.3032036	0.243469238
step	held_out_wikitext_1024	847	23779	-0.049212170764380225	23779	20.5798454	17199	16.3465996	4.23324585
step	held_out_wikitext_1024	848	32119	-0.003835006077480664	32119	24.2997189	2082	18.6457424	5.65397644
step	held_out_wikitext_1024	849	321	-0.92306628222522924	321	20.2428036	1116	20.1177902	0.125013351
step	held_out_wikitext_1024	850	279	-3.1359098478008898	264	17.5575943	1330	17.341114	0.216480255
step	held_out_wikitext_1024	851	3000	-2.5325612498486931	18041	15.3422623	33734	14.6955452	0.646717072
step	held_out_wikitext_1024	852	18041	-4.7323275982152362	72947	19.3682899	57099	18.734005	0.634284973
step	held_out_wikitext_1024	853	462	-3.6883567507448474	15878	14.630249	1799	13.9570742	0.673174858
step	held_out_wikitext_1024	854	53792	-0.63793733241667638	53792	17.8407211	15742	17.5904846	0.250236511
step	held_out_wikitext_1024	855	898	-0.30401446280289396	898	20.8925781	88	19.7686348	1.12394333
step	held_out_wikitext_1024	856	53792	-0.00051545601827440387	53792	25.7389259	51178	17.2145538	8.5243721
step	held_out_wikitext_1024	857	430	-3.132200183294823	641	19.4364147	310	18.7983074	0.6381073
step	held_out_wikitext_1024	858	27786	-8.5486899227903663	919	18.4713154	264	16.4398785	2.03143692
step	held_out_wikitext_1024	859	3311	-0.24645993546007769	3311	20.1290016	4034	17.3311272	2.79787445
step	held_out_wikitext_1024	860	364	-0.08875752479902492	364	22.1741581	641	18.8740692	3.30008888
step	held_out_wikitext_1024	861	279	-0.068928388901784099	279	19.2151794	264	15.0140514	4.20112801
step	held_out_wikitext_1024	862	24303	-3.9035627654482634	3250	16.4496593	1822	15.8012714	0.648387909
step	held_out_wikitext_1024	863	22108	-2.981788091134665	421	17.2983799	359	17.012146	0.286233902
step	held_out_wikitext_1024	864	35045	-0.060061410723192175	35045	19.7935295	279	16.4153175	3.37821198
step	held_out_wikitext_1024	865	37885	-0.008075422695678779	37885	23.1370888	59917	18.0999928	5.03709602
step	held_out_wikitext_1024	866	1116	-2.9717802970366258	641	20.8822708	383	18.5340958	2.34817505
step	held_out_wikitext_1024	867	321	-2.3500791054154768	694	16.6684093	321	15.8008013	0.86760807
step	held_out_wikitext_1024	868	5743	-1.7640420847315896	1179	17.4287148	5743	17.0447044	0.384010315
step	held_out_wikitext_1024	869	4590	-5.2496664712106602	310	21.4316616	383	20.1917591	1.2399025
step	held_out_wikitext_1024	870	2756	-0.0070829866061649189	2756	23.6258888	5381	18.2797432	5.34614563
step	held_out_wikitext_1024	871	2843	-0.01704560978092327	2843	23.914402	1238	19.6982231	4.21617889
step	held_out_wikitext_1024	872	641	-0.071369164813929992	641	21.6592827	310	17.8919868	3.76729584
step	held_out_wikitext_1024	873	1848	-2.1465667575968626	2302	16.522007	561	16.3308468	0.191160202
step	held_out_wikitext_1024	874	220	-0.052230665794181633	220	21.7522011	279	18.4910984	3.26110268
step	held_out_wikitext_1024	875	16	-0.71196905209862671	16	21.3262138	17	20.7286301	0.597583771
step	held_out_wikitext_1024	876	16	-2.5179868214992567	15	20.6452179	16	19.1804047	1.46481323
step	held_out_wikitext_1024	877	5297	-1.3052231962366831	5297	18.3144417	7165	17.8948288	0.419612885
step	held_out_wikitext_1024	878	220	-0.40621882417798172	220	21.7365627	1116	20.3031902	1.4333725
step	held_out_wikitext_1024	879	16	-0.00016715649473744221	16	25.9240646	17	16.2341003	9.68996429
step	held_out_wikitext_1024	880	24	-0.0039659124037685744	24	26.8820724	23	19.5119514	7.370121
step	held_out_wikitext_1024	881	19	-0.0006796880414900176	19	22.1968498	18	13.8721056	8.32474422
step	held_out_wikitext_1024	882	17	-0.0071817437960645415	17	22.9917297	16	17.6438847	5.34784508
step	held_out_wikitext_1024	883	353	-3.0505631756972336	1116	21.0241165	781	18.9303093	2.09380722
step	held_out_wikitext_1024	884	323	-0.0017014278951820476	323	21.8590698	359	14.1534481	7.70562172
step	held_out_wikitext_1024	885	321	-1.5258817609205566	557	17.5916595	321	17.4155407	0.176118851
step	held_out_wikitext_1024	886	9812	-0.43950556311734579	9812	17.6213264	279	15.6156816	2.0056448
step	held_out_wikitext_1024	887	51178	-0.0001662309364458024	51178	25.564991	35735	16.1008835	9.46410751
step	held_out_wikitext_1024	888	6531	-0.00025522095892279399	6531	26.5946732	15987	16.6426868	9.95198631
step	held_out_wikitext_1024	889	3269	-3.4808286669500141	998	17.3831444	1116	16.9961891	0.386955261
step	held_out_wikitext_1024	890	1086	-0.00017312342922185989	1086	24.569437	9733	13.9809532	10.5884838
step	held_out_wikitext_1024	891	494	-1.4904622978154198	440	21.0538139	494	20.5600529	0.493761063
step	held_out_wikitext_1024	892	836	-5.7899767653570349	710	16.7135544	326	16.2272434	0.486310959
step	held_out_wikitext_1024	893	32127	-3.7683354725711529	2255	18.303566	2046	18.2888546	0.01471138
step	held_out_wikitext_1024	894	2593	-0.00032895670075949122	2593	25.4317074	5330	17.3124199	8.11928749
step	held_out_wikitext_1024	895	506	-0.66023639826943559	506	20.0660553	974	18.8496685	1.2163868
step	held_out_wikitext_1024	896	6328	-3.2211057971120955	710	14.7657299	326	14.3510475	0.414682388
step	held_out_wikitext_1024	897	396	-1.6736999235474306	8565	21.0021019	7287	19.9671459	1.03495598
step	held_out_wikitext_1024	898	1573	-0.02222475587443086	1573	22.574543	346	17.8023148	4.77222824
step	held_out_wikitext_1024	899	7287	-0.00022918899417133753	7287	26.1681137	47702	16.4562416	9.7118721
step	held_out_wikitext_1024	900	310	-1.2175318224871623	310	18.0284557	440	17.8544636	0.173992157
step	held_out_wikitext_1024	901	4973	-2.6654833687316875	3300	15.6917515	3311	15.5703907	0.121360779
step	held_out_wikitext_1024	902	279	-0.43729271308235806	279	17.6688232	264	16.1716309	1.49719238
step	held_out_wikitext_1024	903	43431	-10.667608712702153	1822	14.3940525	220	14.067215	0.32683754
step	held_out_wikitext_1024	904	2624	-3.4547926909369941	3250	13.8265324	16239	13.8204193	0.00611305237
step	held_out_wikitext_1024	905	364	-0.045935077019034661	364	22.152256	314	17.8362598	4.31599617
step	held_out_wikitext_1024	906	279	-0.17146261615011285	279	17.9802246	2201	14.6976185	3.28260612
step	held_out_wikitext_1024	907	3567	-1.4071104112614816	2201	16.4108582	3567	16.037611	0.373247147
step	held_out_wikitext_1024	908	18041	-0.8509792632329134	18041	18.315649	33734	18.1980629	0.117586136
step	held_out_wikitext_1024	909	5176	-0.81938909247298197	5176	16.8367863	3274	15.6208925	1.21589375
step	held_out_wikitext_1024	910	421	-0.99758679434283304	421	17.8964062	1238	17.1251907	0.771215439
step	held_out_wikitext_1024	911	995	-0.33916267123506294	995	19.3008995	557	17.3695641	1.93133545
step	held_out_wikitext_1024	912	17803	-0.67813613558468444	17803	18.3862171	75708	16.744503	1.6417141
step	held_out_wikitext_1024	913	34503	-8.5863275592530606	279	17.4963989	10452	15.3511257	2.14527321
step	held_out_wikitext_1024	914	10404	-0.0099616286612832956	10404	21.3429222	321	15.5686378	5.77428436
step	held_out_wikitext_1024	915	264	-4.7629424412225116	641	20.0497589	1116	18.759367	1.29039192
step	held_out_wikitext_1024	916	1936	-1.4092733577638688	2342	20.2205868	1834	19.9639797	0.256607056
step	held_out_wikitext_1024	917	6575	-0.072870039502559991	6575	22.8231583	1518	19.8167229	3.00643539
step	held_out_wikitext_1024	918	641	-0.087275456963911591	641	21.3909035	1116	17.9143944	3.47650909
step	held_out_wikitext_1024	919	33105	-10.384154037653351	561	16.7564888	1848	16.5380211	0.218467712
step	held_out_wikitext_1024	920	781	-3.719455098623448	1116	20.3118858	310	17.6318169	2.68006897
step	held_out_wikitext_1024	921	43915	-7.7479072630868782	3269	18.1180878	998	17.5995407	0.518547058
step	held_out_wikitext_1024	922	694	-5.0162968045921179	279	17.5439453	264	14.8740444	2.66990089
step	held_out_wikitext_1024	923	1467	-1.2901175415760737	4490	22.605999	1467	21.7807446	0.82525444
step	held_out_wikitext_1024	924	524	-0.0076307525898567149	524	22.3172264	307	17.345705	4.97152138
step	held_out_wikitext_1024	925	2213	-3.862365166506124	1423	21.4409866	23748	19.8049583	1.63602829
step	held_out_wikitext_1024	926	279	-0.20705366380752921	279	18.5191727	685	16.1475372	2.37163544
step	held_out_wikitext_1024	927	3567	-0.64317080873872101	3567	16.9453926	2201	15.4640579	1.48133469
step	held_out_wikitext_1024	928	33734	-0.85339908775843276	33734	18.1566505	18041	17.9445953	0.212055206
step	held_out_wikitext_1024	929	421	-0.83232901773050494	421	17.2351971	1238	16.4203911	0.814805984
step	held_out_wikitext_1024	930	995	-0.79542280124377684	995	18.8135872	17803	18.0715218	0.74206543
step	held_out_wikitext_1024	931	11291	-3.4680228009891674	17803	18.226965	75708	17.8926582	0.334306717
step	held_out_wikitext_1024	932	279	-1.5561063746153319	279	16.4603653	3594	16.2431984	0.217166901
step	held_out_wikitext_1024	933	414	-0.28530100931590485	414	16.6599617	24013	14.3220921	2.33786964
step	held_out_wikitext_1024	934	1687	-0.00024672367178690509	1687	23.9247665	1314	14.0101576	9.91460896
step	held_out_wikitext_1024	935	2300	-8.5956977953559091e-05	2300	30.051281	970	20.2384911	9.81278992
step	held_out_wikitext_1024	936	31615	-0.11468214981297851	31615	21.0309296	24013	18.7104187	2.32051086
step	held_out_wikitext_1024	937	383	-0.67426675369377675	383	20.6795769	303	19.8158627	0.863714218
step	held_out_wikitext_1024	938	220	-1.0645764235592989	25358	21.2837505	220	20.7881126	0.495637894
step	held_out_wikitext_1024	939	16	-0.0038392733659764265	16	23.4675331	17	17.5536804	5.91385269
step	held_out_wikitext_1024	940	23	-0.012484225397313333	23	22.7004185	24	17.8251419	4.87527657
step	held_out_wikitext_1024	941	5632	-0.11308716637198309	5632	21.8308792	1317	19.371685	2.45919418
step	held_out_wikitext_1024	942	641	-0.42152351122455367	641	21.5338402	220	19.9911385	1.54270172
step	held_out_wikitext_1024	943	4558	-3.0240346229451633	1848	17.0629082	733	16.8666515	0.196256638
step	held_out_wikitext_1024	944	11615	-2.9617100970262085	733	15.2646284	1848	14.9027367	0.361891747
step	held_out_wikitext_1024	945	5849	-10.320231393539471	279	18.5373096	264	15.2987404	3.23856926
step	held_out_wikitext_1024	946	77	-0.0087060092335534446	77	21.9652309	18506	16.4043007	5.56093025
step	held_out_wikitext_1024	947	702	-1.3766201131093868e-05	702	29.0298462	13270	16.6410046	12.3888416
step	held_out_wikitext_1024	948	4706	-3.4874683352086797	6380	20.8110123	22219	20.0721912	0.73882103
step	held_out_wikitext_1024	949	383	-1.6407454387508671	303	19.4925346	974	19.1802597	0.312274933
step	held_out_wikitext_1024	950	220	-0.018347693522001211	220	21.4141197	279	17.0518341	4.36228561
step	held_out_wikitext_1024	951	20	-3.3669375142327271	17	20.4111996	16	20.2883739	0.122825623
step	held_out_wikitext_1024	952	3114	-1.0246430873143251	3114	18.9879723	5361	18.6993427	0.288629532
step	held_out_wikitext_1024	953	1116	-1.0137135127525778	220	21.0314941	1116	20.736042	0.295452118
step	held_out_wikitext_1024	954	1017	-8.0976781346077455	353	17.6367092	264	16.5876007	1.04910851
step	held_out_wikitext_1024	955	557	-0.028551555425207868	557	22.891077	998	19.1936951	3.69738197
step	held_out_wikitext_1024	956	264	-0.8994068362034553	449	22.3278084	264	22.0134354	0.314373016
step	held_out_wikitext_1024	957	39770	-3.045069808618647	14005	15.3312778	51779	15.1549349	0.176342964
step	held_out_wikitext_1024	958	52837	-0.6850143458866359	52837	18.4579887	23439	18.1977806	0.26020813
step	held_out_wikitext_1024	959	362	-0.0011593090310885053	362	22.223381	778	13.8766479	8.34673309
step	held_out_wikitext_1024	960	303	-1.0088852806895519	314	21.5250092	303	21.1260757	0.398933411
step	held_out_wikitext_1024	961	279	-1.6031013048387208	799	19.1705856	279	18.4995365	0.671049118
step	held_out_wikitext_1024	962	2047	-3.2958073806143964	2233	16.0140114	1324	14.6162939	1.39771748
step	held_out_wikitext_1024	963	5849	-1.4160594985806372	19694	16.4187851	5849	16.2866306	0.132154465
step	held_out_wikitext_1024	964	314	-0.082208870996369338	314	20.9271736	303	17.3762589	3.55091476
step	held_out_wikitext_1024	965	9812	-2.4749887523972536	279	17.9761219	353	17.4812279	0.494894028
step	held_out_wikitext_1024	966	51178	-0.0022194083304721058	51178	24.7255306	35735	18.3968124	6.32871819
step	held_out_wikitext_1024	967	6531	-0.00086749192030632428	6531	25.7421761	70	18.1882343	7.55394173
step	held_out_wikitext_1024	968	359	-0.0065663632082081742	359	21.2091293	653	14.9474649	6.26166439
step	held_out_wikitext_1024	969	82	-9.8074671561186147e-05	82	25.8938332	274	16.1163502	9.77748299
step	held_out_wikitext_1024	970	345	-5.7677879714301206	2233	16.3933411	4487	15.3354578	1.05788326
step	held_out_wikitext_1024	971	39987	-0.44325742532343509	39987	18.9193249	62213	18.2089729	0.710351944
step	held_out_wikitext_1024	972	2233	-0.79422749695175265	2233	19.2675457	220	18.8217278	0.445817947
step	held_out_wikitext_1024	973	13	-2.0122061413547754	641	20.1811829	13	18.3894215	1.7917614
step	held_out_wikitext_1024	974	220	-0.43780466262462353	220	19.5395489	17	17.454134	2.08541489
step	held_out_wikitext_1024	975	20	-3.4934950658216497	18	18.838625	17	18.5059605	0.33266449
step	held_out_wikitext_1024	976	421	-1.1380366940370326	421	18.4485149	1116	18.1885262	0.259988785
step	held_out_wikitext_1024	977	8127	-6.2325002696256018	7190	19.6216831	15076	17.5523567	2.0693264
step	held_out_wikitext_1024	978	2107	-4.9028244206036762	279	20.9926376	424	18.8671646	2.12547302
step	held_out_wikitext_1024	979	15881	-0.46910437811458894	15881	18.777504	314	16.9209442	1.85655975
step	held_out_wikitext_1024	980	321	-2.63278847845862	303	21.6538162	314	20.4428082	1.21100807
step	held_out_wikitext_1024	981	7190	-0.91557584304505557	7190	17.3792763	15076	16.2629585	1.11631775
step	held_out_wikitext_1024	982	220	-0.33479045514739508	220	21.186203	466	18.0589085	3.12729454
step	held_out_wikitext_1024	983	20	-2.6143030042166657	16	20.3303413	17	19.7420216	0.588319778
step	held_out_wikitext_1024	984	16	-2.2574402949027919	15	18.741375	16	18.4020462	0.339328766
step	held_out_wikitext_1024	985	13234	-1.3943932685339431	2859	19.1824818	13234	18.4563408	0.726140976
step	held_out_wikitext_1024	986	5498	-0.080706827460531427	5498	21.8828583	3492	18.4738579	3.4090004
step	held_out_wikitext_1024	987	641	-0.23379319775710591	641	21.6244545	321	19.3853951	2.23905945
step	held_out_wikitext_1024	988	11396	-5.6104943406904102	561	16.7983513	733	15.6769943	1.12135696
step	held_out_wikitext_1024	989	57685	-12.127523136656766	28334	17.7535095	17199	17.7387886	0.0147209167
step	held_out_wikitext_1024	990	30801	-7.364809999367016	259	20.0050163	1822	17.3089046	2.69611168
step	held_out_wikitext_1024	991	998	-0.55263215102413799	998	19.6017513	995	18.4470482	1.15470314
step	held_out_wikitext_1024	992	47154	-0.80948680459381361	47154	18.0293579	1048	15.8585205	2.1708374
step	held_out_wikitext_1024	993	310	-1.1259497652952091	310	20.4751625	321	20.2728424	0.202320099
step	held_out_wikitext_1024	994	293	-6.6283311645376246	5190	21.1421986	5471	17.8642578	3.27794075
step	held_out_wikitext_1024	995	1476	-0.014032128509722573	1476	21.1444588	6446	16.4426212	4.70183754
step	held_out_wikitext_1024	996	279	-0.35356581740058274	279	19.993166	866	18.1258774	1.86728859
step	held_out_wikitext_1024	997	12571	-3.5688000489013922	3807	18.6653366	25250	17.8776207	0.787715912
step	held_out_wikitext_1024	998	3807	-0.92132097382533296	25250	20.222578	3807	19.8517666	0.370811462
step	held_out_wikitext_1024	999	321	-1.4813573938640521	641	20.8990307	321	20.1799946	0.719036102
step	held_out_wikitext_1024	1000	3462	-5.3646371842648559	279	16.7244663	5190	15.7252684	0.99919796
step	held_out_wikitext_1024	1001	279	-0.015908935252081337	279	22.2589073	1024	17.2573624	5.00154495
step	held_out_wikitext_1024	1002	8026	-0.017176740857246953	8026	21.1370888	17199	15.3925982	5.74449062
step	held_out_wikitext_1024	1003	641	-0.21998488109570369	641	21.3905716	1116	19.4443455	1.94622612
step	held_out_wikitext_1024	1004	2838	-3.3839371243757874	561	16.5072136	1848	15.6217394	0.885474205
step	held_out_wikitext_1024	1005	3816	-5.9435821623425458	557	19.7994423	5743	18.2312775	1.56816483
step	held_out_wikitext_1024	1006	12955	-2.4745801657345883	264	16.7491207	8652	16.3836575	0.365463257
step	held_out_wikitext_1024	1007	29201	-0.046713119768219229	29201	20.2531681	12368	15.6361818	4.61698627
step	held_out_wikitext_1024	1008	2261	-5.6109803716769822	506	20.8981056	303	19.1028976	1.79520798
step	held_out_wikitext_1024	1009	864	-3.5997309662435715	279	18.1476593	264	17.9147587	0.23290062
step	held_out_wikitext_1024	1010	279	-1.5295863318871097	1292	16.3331413	279	16.2836132	0.0495281219
step	held_out_wikitext_1024	1011	62213	-3.8018869077392088	15881	15.3207283	19510	14.3225994	0.998128891
step	held_out_wikitext_1024	1012	557	-0.24198278630400633	557	18.9510517	321	16.0398216	2.91123009
step	held_out_wikitext_1024	1013	6747	-2.0987591432789574	6747	16.6041641	18473	16.5353355	0.0688285828
step	held_out_wikitext_1024	1014	321	-0.62856592949360557	321	21.0308609	641	19.8607216	1.17013931
step	held_out_wikitext_1024	1015	12215	-1.366050374645704	12215	16.8463936	279	16.5186481	0.327745438
step	held_out_wikitext_1024	1016	539	-0.84715438453235892	440	21.610672	539	21.4419403	0.168731689
step	held_out_wikitext_1024	1017	264	-0.27399843148406244	264	18.3447685	449	15.8916092	2.45315933
step	held_out_wikitext_1024	1018	26068	-6.8031622933145668	16782	15.8295116	220	14.7536631	1.07584858
step	held_out_wikitext_1024	1019	45116	-5.0608118982843919	9229	15.8965254	9249	15.5048695	0.391655922
step	held_out_wikitext_1024	1020	11629	-0.73866259418272795	11629	18.0844765	9249	17.4272766	0.65719986
step	held_out_wikitext_1024	1021	383	-4.491689358086818	641	18.6783657	1116	17.5834312	1.09493446
step	held_out_wikitext_1024	1022	864	-3.4410146217526143	220	20.3154259	279	18.9947548	1.32067108
step	held_out_wikitext_1024	1023	2250	-2.5911341262172436	1330	16.8555069	264	16.841156	0.0143508911
step	held_out_wikitext_1024	1024	22983	-5.4650677513348116	220	17.9079266	3856	15.7326384	2.1752882
end	held_out_wikitext_1024	1024
step	recurrence_short	256	328	-0.089620520624715178	328	17.708313	271	13.5411148	4.16719818
step	recurrence_short	257	86644	-2.0588371271999528	271	15.2536201	86644	15.23452	0.0191001892
step	recurrence_short	258	52561	-0.00031378473168157194	52561	23.1505737	53963	13.9281158	9.22245789
step	recurrence_short	259	8308	-3.2907813182111401	557	17.0476742	359	16.3822784	0.665395737
step	recurrence_short	260	310	-0.78751441031212732	310	18.4672394	7842	17.4869709	0.980268478
step	recurrence_short	261	73677	-8.7790446405482943	1562	17.8942795	56166	16.2754498	1.61882973
step	recurrence_short	262	11132	-5.2684130789218475	279	16.6902351	2094	16.2783928	0.411842346
step	recurrence_short	263	1341	-0.95408191942727338	10322	23.5660744	1341	23.1018085	0.464265823
step	recurrence_short	264	16779	-0.48676855134151609	16779	17.95858	4078	15.6207933	2.33778667
step	recurrence_short	265	1116	-2.8845687026270004	2980	20.1380749	364	19.5578117	0.580263138
step	recurrence_short	266	430	-4.2136048287330468	321	17.1722565	13969	16.2397289	0.932527542
step	recurrence_short	267	86644	-9.1002817910804215	19818	16.0544186	279	15.7332354	0.321183205
step	recurrence_short	268	52561	-0.00077797655931905385	52561	22.0198517	53963	13.3632412	8.65661049
step	recurrence_short	269	359	-1.9898435796899343	995	16.6107883	359	16.278389	0.332399368
step	recurrence_short	270	82	-0.00073801764830843969	82	22.7752438	274	14.1335106	8.64173317
step	recurrence_short	271	30607	-3.2316366215620231	10326	13.7095461	45981	13.6110544	0.0984916687
step	recurrence_short	272	30489	-4.0510999532153509	328	14.6061296	998	13.6069708	0.999158859
step	recurrence_short	273	506	-3.0125486525990008	641	17.7435322	321	16.6860924	1.0574398
step	recurrence_short	274	780	-3.3241875024181979	279	18.2046623	19818	16.6058464	1.59881592
step	recurrence_short	275	12490	-5.8293635402161383	84118	16.2107887	2316	13.8731899	2.3375988
step	recurrence_short	276	641	-0.2669946315435206	641	19.3971329	1116	17.026207	2.3709259
step	recurrence_short	277	733	-2.8019886385005925	561	15.198494	271	15.1134243	0.0850696564
step	recurrence_short	278	279	-1.1501010584382667	220	18.6465492	279	18.4978695	0.148679733
step	recurrence_short	279	5869	-7.7072689335812878	220	17.6179523	809	15.9533997	1.66455269
step	recurrence_short	280	220	-0.065560512198321028	220	19.8301525	314	16.1717205	3.65843201
step	recurrence_short	281	16	-0.088549213884191111	16	19.5570011	17	16.9125099	2.6444912
step	recurrence_short	282	1116	-2.1705440268020704	24	20.4185543	1116	18.3898754	2.02867889
step	recurrence_short	283	220	-0.00081274363579386005	220	22.89077	1116	13.8802624	9.01050758
step	recurrence_short	284	16	-0.0015803119631373956	16	23.5554695	17	17.0620804	6.49338913
step	recurrence_short	285	24	-0.00022421271419901051	24	22.6225433	1116	13.2380562	9.38448715
step	recurrence_short	286	19	-0.035547896476240806	19	22.3034534	20	18.7365303	3.56692314
step	recurrence_short	287	23	-0.19510436087282465	23	21.3448639	24	19.4725094	1.87235451
step	recurrence_short	288	15492	-1.6372763926516514	1746	15.2502365	15492	14.717761	0.532475471
step	recurrence_short	289	19672	-0.0022981186499772118	19672	22.0930805	18632	15.0012054	7.09187508
step	recurrence_short	290	421	-6.9228210887463355	1116	19.653656	1746	18.3767891	1.27686691
step	recurrence_short	291	3098	-5.1654813480845405	557	15.0486822	9202	14.4450369	0.603645325
step	recurrence_short	292	1116	-0.13308312697100538	1116	19.8839283	9202	16.5180264	3.36590195
step	recurrence_short	293	14209	-2.6317066149936665	86644	16.0528469	279	15.1239986	0.928848267
step	recurrence_short	294	21748	-8.3949718834527349	22559	17.1094856	9103	15.7140207	1.3954649
step	recurrence_short	295	310	-2.361853020514852	888	17.7682495	19818	16.9749088	0.793340683
step	recurrence_short	296	264	-0.050931374192522146	264	23.3352966	449	19.8272972	3.50799942
step	recurrence_short	297	220	-0.040997477165829042	220	21.0537033	48603	15.5817871	5.4719162
step	recurrence_short	298	19	-0.023276731861828298	19	23.3756409	17	19.1170616	4.25857925
step	recurrence_short	299	24	-1.2616592267597779	23	22.4253502	24	21.5495167	0.875833511
step	recurrence_short	300	1317	-1.6161645792049635	471	19.4425774	554	18.8665276	0.576049805
step	recurrence_short	301	220	-0.003517378053869273	220	22.3894653	554	14.9341688	7.45529652
step	recurrence_short	302	15	-0.70723761660781137	15	20.7261105	16	19.9789925	0.747117996
step	recurrence_short	303	12200	-0.54156901090137499	12200	17.9632969	3063	16.7732868	1.19001007
step	recurrence_short	304	888	-0.23235723682833692	888	21.1980114	2272	19.0169487	2.1810627
step	recurrence_short	305	41851	-3.6507114391719981	6312	15.1379261	279	15.0381498	0.099776268
step	recurrence_short	306	1116	-1.6584281742308411	641	18.6473045	1116	17.5004425	1.14686203
step	recurrence_short	307	321	-2.0898110643943646	440	16.266098	321	15.8022451	0.463852882
step	recurrence_short	308	781	-6.5379452207344393	86644	15.9436617	279	13.8045645	2.13909721
step	recurrence_short	309	680	-4.1263630104707332	998	16.2525063	995	15.2516842	1.00082207
step	recurrence_short	310	70	-2.5239447112306985	11985	18.4281654	70	16.1985054	2.22966003
step	recurrence_short	311	2540	-0.0022661033821204496	2540	25.7332401	57009	19.1721859	6.56105423
step	recurrence_short	312	279	-0.50432380453489523	279	18.2264595	41851	17.5044975	0.721961975
step	recurrence_short	313	18737	-0.037168205336830649	18737	18.9207478	92214	14.1952009	4.72554684
step	recurrence_short	314	73	-2.8793390976025359e-05	73	27.3259163	41	15.6991138	11.6268024
step	recurrence_short	315	581	-3.4370116594425979e-05	581	28.2965813	1506	16.813694	11.4828873
step	recurrence_short	316	220	-0.45597505055641158	220	21.6295795	303	20.2352142	1.39436531
step	recurrence_short	317	19	-1.1874160402282636	20	19.2992554	19	19.0754166	0.223838806
step	recurrence_short	318	24	-2.0936250861427501	23	18.1930389	22	18.1898384	0.00320053101
step	recurrence_short	319	16	-2.4554015730555712	20	18.950655	23	18.9171543	0.0335006714
step	recurrence_short	320	13299	-1.441771073751599	1317	18.47649	310	18.3641853	0.112304688
step	recurrence_short	321	310	-0.053772434915358817	310	22.3575897	314	18.2308483	4.12674141
step	recurrence_short	322	220	-0.016537573711317543	220	22.7855644	41851	17.8822384	4.90332603
step	recurrence_short	323	16	-0.74122366685470131	16	20.4952526	17	19.6418114	0.853441238
step	recurrence_short	324	18	-2.2112426277388746	16	17.4807968	17	17.4033203	0.0774765015
step	recurrence_short	325	18	-2.4181688581352594	22	18.97225	24	18.9214001	0.0508499146
step	recurrence_short	326	641	-0.3782262900027652	641	20.1409149	13299	18.9360485	1.20486641
step	recurrence_short	327	86644	-1.9615262494724404	271	15.4282637	86644	15.2877274	0.140536308
step	recurrence_short	328	52561	-0.00054877150864276309	52561	23.0390434	53963	14.5860949	8.45294857
step	recurrence_short	329	10255	-1.9984193905811558	557	17.4753246	10255	17.2047863	0.27053833
step	recurrence_short	330	264	-1.7278935851196244	220	19.4070816	264	18.8221664	0.584915161
step	recurrence_short	331	220	-0.73192511352269041	220	18.7011528	24234	18.188858	0.512294769
step	recurrence_short	332	17	-1.7347672985106659	17	20.3007698	18	20.2494297	0.0513401031
step	recurrence_short	333	24	-2.7097206397160969	20	19.7146072	15	19.2327271	0.481880188
step	recurrence_short	334	554	-1.2069519508641235	471	18.1803207	554	17.8146973	0.365623474
step	recurrence_short	335	12	-0.00076031276994945876	12	24.3038502	471	16.8129044	7.49094582
step	recurrence_short	336	31	-7.1433463208851462e-05	31	25.7197704	16913	15.0882244	10.631546
step	recurrence_short	337	18921	-0.0079066016077747672	18921	21.1041718	220	15.154686	5.94948578
step	recurrence_short	338	1440	-0.95423541588539651	24234	18.8641338	1440	18.6107864	0.253347397
step	recurrence_short	339	364	-2.4493087205221107	494	20.6788998	303	19.7398605	0.93903923
step	recurrence_short	340	279	-1.1510604891403948	264	20.2824039	279	19.8493061	0.433097839
step	recurrence_short	341	1746	-2.2412002389458596	1118	16.7061958	1132	16.2809334	0.425262451
step	recurrence_short	342	359	-0.09812520060111185	359	20.726265	471	17.5572243	3.16904068
step	recurrence_short	343	82	-1.4522913181231169e-05	82	26.2252541	274	13.2132692	13.0119848
step	recurrence_short	344	1534	-3.3990560717569283	1118	19.4707432	1132	18.8255711	0.645172119
step	recurrence_short	345	5284	-1.1478791644142317	24234	18.3637676	5284	17.778038	0.585729599
step	recurrence_short	346	641	-0.56617834312687088	641	20.4063683	1116	19.3791256	1.02724266
step	recurrence_short	347	4558	-2.7075740855911428	271	16.3076553	1216	15.4009266	0.906728745
step	recurrence_short	348	733	-1.8789648410302098	733	12.5211716	86644	12.2867088	0.234462738
step	recurrence_short	349	279	-1.5323487502086932	220	20.6856728	279	19.5846996	1.10097313
step	recurrence_short	350	220	-0.32653630391695365	220	19.1827984	4255	17.1792526	2.00354576
step	recurrence_short	351	16	-0.0096192148503154995	16	22.9560032	17	18.0047131	4.95129013
step	recurrence_short	352	24	-0.0048990018303239711	24	21.8975792	15	15.0175495	6.88002968
step	recurrence_short	353	19	-0.068486694118807437	19	22.1272068	20	18.8436356	3.28357124
step	recurrence_short	354	23	-0.47788058087962687	23	22.1199989	22	20.6970959	1.42290306
step	recurrence_short	355	20893	-7.8914525810566216	3098	18.1501865	15492	16.15411	1.99607658
step	recurrence_short	356	3098	-0.10866950705316661	3098	20.437088	1746	17.6813316	2.75575638
step	recurrence_short	357	1116	-0.04422224319716464	1116	20.9696541	86644	16.3944893	4.57516479
step	recurrence_short	358	86644	-0.70843429599726015	86644	16.1476688	279	15.1346073	1.01306152
step	recurrence_short	359	52561	-0.00047834000587509414	52561	22.6048698	53963	13.7831535	8.82171631
step	recurrence_short	360	16060	-5.5232131576972456	3727	18.515873	557	18.3360405	0.179832458
step	recurrence_short	361	7810	-3.9528956063788883	220	19.1316929	279	18.8787746	0.252918243
step	recurrence_short	362	41364	-0.17739548242876435	41364	20.0264263	314	17.1457462	2.88068008
step	recurrence_short	363	1116	-1.038817984672189	1116	20.8002472	321	20.0877609	0.712486267
step	recurrence_short	364	10255	-3.1205926380778624	2583	17.6033688	321	17.0296783	0.573690414
step	recurrence_short	365	220	-0.26193241429004849	220	21.8063698	11292	18.8669891	2.93938065
step	recurrence_short	366	17	-1.0908542923163176	16	20.0346985	17	19.9859123	0.0487861633
step	recurrence_short	367	17	-2.0857823847270693	16	19.6110039	17	19.5485153	0.0624885559
step	recurrence_short	368	15734	-0.017697935534169054	15734	21.2065754	314	15.1443014	6.06227398
step	recurrence_short	369	1116	-1.3738964397562961	364	22.7363548	1116	21.832653	0.903701782
step	recurrence_short	370	321	-0.24540723772458958	321	20.941906	10298	18.2740231	2.66788292
step	recurrence_short	371	17622	-3.9850219533566542	10298	17.4313164	995	17.4285622	0.00275421143
step	recurrence_short	372	220	-0.089095641048161645	220	22.2602921	264	19.1135406	3.1467514
step	recurrence_short	373	21	-2.6498494045578456	18	18.9148235	19	18.702364	0.212459564
step	recurrence_short	374	16	-2.2047420516655922	15	19.8273315	16	19.7654037	0.0619277954
step	recurrence_short	375	15	-2.3547063243075415	23	18.1525059	24	18.1205444	0.031961441
step	recurrence_short	376	13299	-0.33479190546859794	13299	19.6276798	2702	17.8808498	1.74682999
step	recurrence_short	377	318	-4.7544029421596807	641	21.4159756	1116	19.4290504	1.98692513
step	recurrence_short	378	220	-0.55870527304405071	220	18.6313553	264	16.4793205	2.15203476
step	recurrence_short	379	20	-2.472806943792671	16	20.5016861	17	19.8634796	0.638206482
step	recurrence_short	380	15	-2.1343440361931094	15	16.6379662	16	16.5121613	0.125804901
step	recurrence_short	381	23	-2.8855587107351006	15	17.0264397	20	16.2151318	0.811307907
step	recurrence_short	382	11955	-1.2948638618673121	11955	18.2106667	13299	17.9787025	0.231964111
step	recurrence_short	383	321	-1.7428444721146297	1116	21.4274216	321	20.206974	1.22044754
end	recurrence_short	128
step	recurrence_long	4096	328	-0.088171637327651597	328	18.0193939	561	13.5964565	4.42293739
step	recurrence_long	4097	86644	-3.1909648677202527	4558	15.6204872	561	14.6221619	0.998325348
step	recurrence_long	4098	52561	-0.00031302797119886494	52561	23.5369568	53963	14.9277477	8.60920906
step	recurrence_long	4099	8308	-3.3396002234404625	557	17.5478802	359	17.3822155	0.165664673
step	recurrence_long	4100	310	-0.82751993938991941	310	18.7849617	7842	18.0274067	0.757555008
step	recurrence_long	4101	73677	-9.2043902415881771	1562	18.1939754	56166	16.5556793	1.63829613
step	recurrence_long	4102	11132	-5.0804573468390046	279	16.9686642	2094	16.0323753	0.936288834
step	recurrence_long	4103	1341	-0.70107326162629002	10322	23.5545425	1341	23.5408707	0.013671875
step	recurrence_long	4104	16779	-0.55369797819709443	16779	18.3440819	10765	15.9670534	2.37702847
step	recurrence_long	4105	1116	-2.8930038013969703	2980	20.4722462	364	19.5761909	0.896055222
step	recurrence_long	4106	430	-4.5577536916694488	321	17.1418896	13969	16.5657787	0.57611084
step	recurrence_long	4107	86644	-8.5221978558249027	279	15.6314735	19818	15.3215752	0.309898376
step	recurrence_long	4108	52561	-0.0016646379816291159	52561	21.1831932	53963	13.3443508	7.83884239
step	recurrence_long	4109	359	-1.8744911372106798	995	16.9686623	359	16.6380348	0.330627441
step	recurrence_long	4110	82	-0.00043940710397121548	82	23.1727715	328	13.3875685	9.78520298
step	recurrence_long	4111	30607	-4.1835228018256965	10326	13.7677336	328	13.1226559	0.645077705
step	recurrence_long	4112	30489	-4.125041723321802	328	14.4133348	995	13.8895607	0.523774147
step	recurrence_long	4113	506	-2.8466689044159557	641	18.3412933	321	17.2416782	1.0996151
step	recurrence_long	4114	780	-3.3661189697312848	279	18.665493	19818	16.7760391	1.88945389
step	recurrence_long	4115	12490	-6.3105343438554566	84118	16.0935936	2316	14.5637579	1.5298357
step	recurrence_long	4116	641	-0.39953095747536455	641	18.9734631	1116	16.6576691	2.31579399
step	recurrence_long	4117	733	-2.8138122220142954	4558	15.2562637	561	14.8576269	0.398636818
step	recurrence_long	4118	279	-1.2684218072001292	220	18.576519	279	18.3099136	0.266605377
step	recurrence_long	4119	5869	-7.6837014320335495	220	17.3683548	809	16.5077286	0.860626221
step	recurrence_long	4120	220	-0.028466901860480991	220	20.764576	1116	15.9705963	4.79397964
step	recurrence_long	4121	16	-0.25106089695337513	16	23.614315	17	21.1437035	2.47061157
step	recurrence_long	4122	1116	-5.4574255555936029	24	19.7609673	15	16.3375359	3.4234314
step	recurrence_long	4123	220	-0.00077519898636716725	220	23.2720375	1116	15.4606304	7.81140709
step	recurrence_long	4124	16	-0.00087671645262258876	16	21.7706909	17	14.6015854	7.16910553
step	recurrence_long	4125	24	-0.0082942504813923422	24	23.7882729	16	17.8116951	5.97657776
step	recurrence_long	4126	19	-0.011571389454840158	19	22.6882496	20	18.0599747	4.62827492
step	recurrence_long	4127	23	-0.1052352064977089	23	22.8399868	24	19.993988	2.84599876
step	recurrence_long	4128	15492	-9.1893032240356156	4125	16.4924774	13295	15.7669058	0.725571632
step	recurrence_long	4129	19672	-0.0014368920250647031	19672	22.5305882	18632	15.0903149	7.44027328
step	recurrence_long	4130	421	-6.1543880472821124	1116	19.2950172	1746	18.1275463	1.16747093
step	recurrence_long	4131	3098	-6.313265171429304	58118	15.7075787	9202	15.4707584	0.236820221
step	recurrence_long	4132	1116	-0.38934023921612093	1116	19.2058258	9202	17.3605385	1.84528732
step	recurrence_long	4133	14209	-2.9589756674659893	86644	16.5854607	279	15.3999147	1.18554592
step	recurrence_long	4134	21748	-8.5294169128831836	22559	17.3081112	9103	15.6358967	1.67221451
step	recurrence_long	4135	310	-1.9569706436160361	888	17.0768032	310	15.9637299	1.11307335
step	recurrence_long	4136	264	-0.046453288135407632	264	23.5394497	449	19.8378658	3.70158386
step	recurrence_long	4137	220	-0.037625522333725021	220	21.3395348	48603	16.206789	5.13274574
step	recurrence_long	4138	19	-0.029679942731485963	19	24.2058125	17	19.9432087	4.26260376
step	recurrence_long	4139	24	-0.14226695518638513	24	23.2357521	23	21.1152573	2.12049484
step	recurrence_long	4140	1317	-1.2074792293617376	554	19.8739586	471	19.6812515	0.192707062
step	recurrence_long	4141	220	-0.0012158159479151241	220	22.862463	554	15.1301088	7.73235416
step	recurrence_long	4142	15	-2.6997635411007925	16	21.3202896	17	20.839653	0.480636597
step	recurrence_long	4143	12200	-0.51339310299125807	12200	17.8510361	3063	16.5439529	1.30708313
step	recurrence_long	4144	888	-0.11787480579142283	888	21.5911274	2272	18.6994858	2.89164162
step	recurrence_long	4145	41851	-3.8136928756675643	279	15.7213125	6312	15.4849787	0.236333847
step	recurrence_long	4146	1116	-1.9210984020432122	641	18.4931736	1116	17.1294212	1.36375237
step	recurrence_long	4147	321	-1.1034420259804716	321	17.216526	440	16.8466682	0.369857788
step	recurrence_long	4148	781	-7.6095943057988196	86644	16.8017044	279	13.6335659	3.1681385
step	recurrence_long	4149	680	-4.0175177862117923	998	16.586853	7807	16.3794212	0.207431793
step	recurrence_long	4150	70	-2.7343695602855362	11985	18.5353203	554	16.7222767	1.81304359
step	recurrence_long	4151	2540	-0.00073145991398026891	2540	27.2474022	57009	19.5705032	7.67689896
step	recurrence_long	4152	279	-0.89531097403477444	41851	17.7320366	279	17.6244717	0.107564926
step	recurrence_long	4153	18737	-0.066855008188426615	18737	18.1814156	14279	13.8590231	4.32239246
step	recurrence_long	4154	73	-2.1271624501578045e-05	73	27.7307014	41	15.967557	11.7631445
step	recurrence_long	4155	581	-2.8729911401914465e-05	581	28.7801361	704	16.3697491	12.410387
step	recurrence_long	4156	220	-0.46254270797556607	220	21.6947556	303	20.3774872	1.31726837
step	recurrence_long	4157	19	-0.82312986481395334	19	19.9243011	20	19.3443909	0.579910278
step	recurrence_long	4158	24	-2.4311663444347844	19	18.7275963	20	18.6900101	0.0375862122
step	recurrence_long	4159	16	-2.5049338523376576	20	19.8082981	23	19.6190529	0.189245224
step	recurrence_long	4160	13299	-1.1498570184026065	13299	18.462368	310	18.4556313	0.00673675537
step	recurrence_long	4161	310	-0.05407291212169181	310	22.3598137	318	18.2269211	4.13289261
step	recurrence_long	4162	220	-0.01732172067466637	220	22.7128296	41851	17.9052658	4.80756378
step	recurrence_long	4163	16	-0.74526905043169656	16	21.1343842	17	20.3813095	0.753074646
step	recurrence_long	4164	18	-2.1544499740329894	18	19.5208855	16	19.4762249	0.0446605682
step	recurrence_long	4165	18	-2.336357345595435	22	19.0999756	24	19.0947838	0.00519180298
step	recurrence_long	4166	641	-0.42072746737080707	641	20.2052116	13299	19.1498127	1.05539894
step	recurrence_long	4167	86644	-1.8754100572903567	4558	15.4372778	733	14.9801664	0.457111359
step	recurrence_long	4168	52561	-0.00024199374810988995	52561	24.9308052	53963	16.2267971	8.7040081
step	recurrence_long	4169	10255	-1.1503996805406764	10255	18.8636894	995	18.0311451	0.832544327
step	recurrence_long	4170	264	-2.1749514117159179	220	19.5339508	1330	19.2680473	0.265903473
step	recurrence_long	4171	220	-0.49590230073225738	220	19.333231	24234	18.4229012	0.910329819
step	recurrence_long	4172	17	-1.7391580831496143	18	21.0256844	17	20.9989357	0.0267486572
step	recurrence_long	4173	24	-2.6364892486849381	20	19.6458435	15	19.2812595	0.364583969
step	recurrence_long	4174	554	-0.16882177255646985	554	19.1307297	18921	16.7660065	2.36472321
step	recurrence_long	4175	12	-0.001162678244448938	12	24.2991676	554	17.2342873	7.06488037
step	recurrence_long	4176	31	-2.6275396787617674e-05	31	29.2151833	30	17.1602955	12.0548878
step	recurrence_long	4177	18921	-0.0024708397385641906	18921	22.2960815	16913	14.9611378	7.33494377
step	recurrence_long	4178	1440	-1.7511678692819634	24234	19.7814808	1440	18.3907986	1.39068222
step	recurrence_long	4179	364	-1.9634334908693294	494	21.1976643	303	20.0709019	1.12676239
step	recurrence_long	4180	279	-1.2356712937806766	264	20.8078136	279	20.2532997	0.554513931
step	recurrence_long	4181	1746	-1.9054362966751817	1118	17.4868813	1746	16.4498081	1.03707314
step	recurrence_long	4182	359	-0.043188557246525157	359	21.3875771	10666	17.3741436	4.01343346
step	recurrence_long	4183	82	-1.4691560753230619e-05	82	26.5789471	1118	14.0386591	12.540288
step	recurrence_long	4184	1534	-3.5726328429337615	1118	20.217247	1132	18.7816162	1.4356308
step	recurrence_long	4185	5284	-1.1288992140531873	24234	18.9269791	5284	18.3087444	0.618234634
step	recurrence_long	4186	641	-0.55107547930350853	641	20.8109608	1116	19.4432106	1.36775017
step	recurrence_long	4187	4558	-0.64597633850663594	4558	16.7394047	86644	15.4204102	1.31899452
step	recurrence_long	4188	733	-1.0786991456866064	733	16.1798782	1577	15.11127	1.06860828
step	recurrence_long	4189	279	-1.668639179357128	220	21.2747955	780	20.2947102	0.980085373
step	recurrence_long	4190	220	-0.55308664230562277	220	19.2341957	4255	18.3701191	0.864076614
step	recurrence_long	4191	16	-0.01121582810719062	16	24.1538925	17	19.0305367	5.12335587
step	recurrence_long	4192	24	-0.00055028858206472575	24	25.5294476	15	16.5625496	8.96689796
step	recurrence_long	4193	19	-0.0014198555628802195	19	22.4520206	20	14.9482679	7.50375271
step	recurrence_long	4194	23	-0.082506542422026832	23	23.2139606	22	20.5222588	2.69170189
step	recurrence_long	4195	20893	-8.708474654382341	3098	17.9072437	15492	15.8788509	2.02839279
step	recurrence_long	4196	3098	-0.066467510728621074	3098	20.6580582	1746	17.3390007	3.31905746
step	recurrence_long	4197	1116	-0.082104872154407121	1116	20.7938004	86644	17.4152546	3.37854576
step	recurrence_long	4198	86644	-0.30241737390290319	86644	18.0557442	551	16.3626289	1.69311523
step	recurrence_long	4199	52561	-1.9700164539154441e-05	52561	28.1215248	53963	15.8906851	12.2308397
step	recurrence_long	4200	16060	-5.3951568467127977	3727	19.3571434	5879	19.2270813	0.130062103
step	recurrence_long	4201	7810	-2.8869237881175733	220	20.2083244	264	18.9265366	1.28178787
step	recurrence_long	4202	41364	-0.29741190365058173	41364	19.7217064	11955	17.4953461	2.22636032
step	recurrence_long	4203	1116	-1.2347037068808546	1116	20.8894272	383	20.4564629	0.432964325
step	recurrence_long	4204	10255	-3.1914122447299103	5879	17.8192291	2583	17.3327637	0.486465454
step	recurrence_long	4205	220	-0.24377626221794627	220	22.2054615	11292	19.1974945	3.007967
step	recurrence_long	4206	17	-0.93415947095491314	17	20.8267784	16	20.5329437	0.293834686
step	recurrence_long	4207	17	-2.1442265554994302	16	19.5878448	19	19.518734	0.0691108704
step	recurrence_long	4208	15734	-0.054627089196152001	15734	20.4104385	314	16.0424957	4.36794281
step	recurrence_long	4209	1116	-2.0376459314700783	364	22.9820747	1116	21.2056904	1.77638435
step	recurrence_long	4210	321	-0.26130438811466894	321	20.8634682	5879	17.8944931	2.96897507
step	recurrence_long	4211	17622	-2.9225622139636958	5879	18.3389511	995	17.6416149	0.697336197
step	recurrence_long	4212	220	-0.072282375739689583	220	22.5158157	264	19.5222282	2.99358749
step	recurrence_long	4213	21	-2.3148833967159144	19	20.3349724	18	20.1648426	0.170129776
step	recurrence_long	4214	16	-2.160435021709973	15	18.9514027	16	18.9498405	0.00156211853
step	recurrence_long	4215	15	-2.3974122249829395	24	18.6537895	17	18.6484165	0.0053730011
step	recurrence_long	4216	13299	-0.36416866269951509	13299	19.7253342	11955	18.1728821	1.55245209
step	recurrence_long	4217	318	-4.4111558631282781	641	21.6209507	494	19.9033089	1.71764183
step	recurrence_long	4218	220	-0.69188289845199502	220	18.4902248	264	16.7548828	1.73534203
step	recurrence_long	4219	20	-1.5648144796745085	16	20.6577263	20	20.3955441	0.262182236
step	recurrence_long	4220	15	-3.483838079905341	20	21.1218204	19	18.3452644	2.77655602
step	recurrence_long	4221	23	-2.6416878360319851	15	17.2530479	20	16.9580879	0.294960022
step	recurrence_long	4222	11955	-1.1614515652599646	11955	18.0004959	13299	17.6133671	0.38712883
step	recurrence_long	4223	321	-1.8339796179705821	1116	21.0130386	321	19.7847939	1.22824478
end	recurrence_long	128
